text,primary_emotion,secondary_emotions,meta_emotions,sentiment,interaction_style,intensity,context
"I’m proud of my friend for overcoming her struggles, but it makes me wonder if I’m doing enough with my life.",Admiration,"['Envy', 'Guilt']","['Pride about admiration', 'Shame about envy']",Mixed,Reflective,4,Relationships
"Finally finished that project! It was exhausting, but I’m thrilled it’s done!",Relief,"['Joy', 'Pride']",['Contentment about relief'],Positive,Assertive,5,Career
The laughter we shared during our reunion was the best part of my week. I miss those moments already.,Nostalgia,"['Joy', 'Bittersweetness']",['Gratitude about joy'],Positive,Supportive,6,Relationships
Why does everything feel so uncertain right now? I wish I had some clarity.,Uncertainty,"['Anxiety', 'Frustration']",['Vulnerability about uncertainty'],Ambiguous,Conflicted,5,Self-Reflection
Graduation feels both exciting and sad. It’s the end of something beautiful but the start of something new.,Bittersweetness,"['Joy', 'Sadness']","['Pride about accomplishment', 'Nostalgia about ending']",Mixed,Supportive,6,Education
"I can’t believe they lied to me. I trusted them, and now I feel so betrayed.",Anger,"['Frustration', 'Sadness']",['Regret about misplaced trust'],Negative,Conflicted,7,Relationships
Looking at old photos makes me smile and cry at the same time. Those moments were so precious.,Nostalgia,"['Joy', 'Sadness']","['Gratitude about the past', 'Bittersweetness about time passing']",Mixed,Reflective,6,Self-Reflection
"When I heard the news, I felt a rush of joy and relief—it was like a weight had been lifted.",Relief,"['Joy', 'Gratitude']",['Contentment about positive resolution'],Positive,Supportive,5,Health
"I’m so excited about the new project! It’s challenging, but I feel ready to take it on.",Excitement,"['Anticipation', 'Confidence']",['Pride about readiness'],Positive,Assertive,6,Career
The way they helped me when I was struggling shows how much they care—it means so much to me.,Gratitude,"['Love', 'Relief']",['Appreciation about kindness'],Positive,Supportive,6,Relationships
"Losing the championship by just one point is heartbreaking, but I’m proud of how far we came as a team.",Bittersweetness,"['Pride', 'Sadness']","['Gratitude about teamwork', 'Disappointment about loss']",Mixed,Reflective,7,Sports
"When I look at my child’s achievements, I feel an overwhelming sense of pride and joy—it’s such a special feeling.",Pride,"['Joy', 'Gratitude']",['Contentment about family'],Positive,Supportive,6,Family
"I feel completely stuck in this situation. Every time I think I’ve made progress, another obstacle appears.",Frustration,"['Hopelessness', 'Sadness']",['Exhaustion about persistence'],Negative,Conflicted,7,Career
"Watching the sunset over the ocean fills me with a serene, almost otherworldly calm—it’s like time stands still.",Serenity,"['Awe', 'Contentment']",['Gratitude about nature'],Positive,Reflective,5,Nature
I was genuinely surprised by how kind they were—completely unexpected but very appreciated.,Surprise,"['Gratitude', 'Joy']",['Appreciation about unexpected kindness'],Positive,Supportive,5,Relationships
Knowing that my efforts inspired others to take action makes all the hard work feel worthwhile.,Pride,"['Gratitude', 'Fulfillment']",['Satisfaction about making a difference'],Positive,Assertive,6,Activism
Every decision I make seems to lead to more confusion—I can’t figure out what the right path is.,Uncertainty,"['Anxiety', 'Frustration']",['Vulnerability about indecision'],Ambiguous,Conflicted,6,Self-Reflection
Hearing their words of encouragement just when I was about to give up gave me a renewed sense of hope.,Hope,"['Gratitude', 'Relief']",['Appreciation about timely support'],Positive,Supportive,7,Personal Growth
The overwhelming sadness I felt when I realized I couldn’t attend their wedding was mixed with genuine happiness for them.,Bittersweetness,"['Sadness', 'Joy']","['Regret about missing an event', 'Happiness for their milestone']",Mixed,Reflective,6,Relationships
"Every time I think about that mistake, I feel a wave of regret and wonder how things could have been different.",Regret,"['Sadness', 'Frustration']",['Self-reflection about past actions'],Negative,Conflicted,7,Self-Reflection
"Winning the award was such an incredible moment, but it also made me feel a bit overwhelmed by the expectations that come with it.",Pride,"['Joy', 'Anxiety']","['Gratitude about recognition', 'Apprehension about responsibility']",Mixed,Reflective,8,Career
The kindness of a stranger who stopped to help me fix my flat tire left me speechless and deeply moved.,Gratitude,"['Surprise', 'Relief']",['Awe about unexpected help'],Positive,Supportive,7,Everyday Life
"Reflecting on our last conversation, I feel such a mix of gratitude for their advice and sadness knowing we won’t meet again.",Bittersweetness,"['Gratitude', 'Sadness']","['Appreciation about meaningful advice', 'Longing about a goodbye']",Mixed,Reflective,7,Relationships
The joy of holding my newborn baby for the first time was beyond anything I could describe—pure love and wonder.,Joy,"['Love', 'Awe']",['Gratitude about new life'],Positive,Supportive,9,Family
"As I stood on stage delivering my speech, I felt a mix of pride in my journey and anxiety about being judged.",Pride,"['Anxiety', 'Gratitude']","['Satisfaction about achievements', 'Apprehension about public perception']",Mixed,Reflective,8,Career
"The nostalgia of flipping through old yearbooks hit me hard—it’s amazing to see how far we’ve come, but I miss those days.",Nostalgia,"['Bittersweetness', 'Gratitude']","['Reflection about personal growth', 'Longing for simpler times']",Mixed,Reflective,6,Self-Reflection
The way they celebrated my success with such genuine excitement made me feel so valued and loved.,Gratitude,"['Joy', 'Love']",['Pride about being appreciated'],Positive,Supportive,6,Relationships
Seeing my art displayed in the gallery was a dream come true. It filled me with pride and gratitude for everyone who supported me along the way.,Pride,"['Gratitude', 'Joy']","['Fulfillment about recognition', 'Gratitude about support']",Positive,Reflective,8,Career
"Finding the letter from my late grandmother brought back a flood of emotions—sadness that she’s gone, but warmth and love in her words.",Bittersweetness,"['Sadness', 'Love']","['Gratitude about memories', 'Loss about absence']",Mixed,Reflective,7,Family
"Standing on top of the mountain, looking out over the endless horizon, I felt an overwhelming sense of awe and connection to the world around me.",Awe,"['Serenity', 'Gratitude']","['Fulfillment about nature', 'Humility about scale']",Positive,Reflective,9,Nature
"After working tirelessly on the project, hearing the client’s genuine appreciation made all the late nights worth it.",Gratitude,"['Relief', 'Joy']","['Satisfaction about effort paying off', 'Gratitude about recognition']",Positive,Supportive,7,Career
The silence in the room after my question was met with blank stares made me feel vulnerable and unsure of myself.,Vulnerability,"['Uncertainty', 'Insecurity']",['Self-doubt about perceived failure'],Negative,Conflicted,6,Education
Seeing the old neighborhood transformed into a commercial zone brought up a mix of sadness for what was lost and curiosity about the future.,Nostalgia,"['Sadness', 'Curiosity']","['Longing for the past', 'Acceptance about change']",Mixed,Reflective,6,Community
"When I was asked to lead the team, I felt both honored and overwhelmed by the responsibility ahead.",Pride,"['Anxiety', 'Gratitude']","['Satisfaction about recognition', 'Apprehension about expectations']",Mixed,Reflective,7,Career
Helping my friend through their difficult time reminded me of the strength of our bond and left me feeling grateful for their trust.,Gratitude,"['Love', 'Empathy']","['Fulfillment about being supportive', 'Pride about friendship']",Positive,Supportive,8,Relationships
The sudden applause after my performance took me by surprise but filled me with an immense sense of joy and validation.,Joy,"['Gratitude', 'Surprise']","['Satisfaction about effort recognized', 'Awe about reception']",Positive,Supportive,9,Performance
"Walking through the old library, I felt a profound sense of nostalgia for the countless afternoons spent immersed in books during my youth.",Nostalgia,"['Gratitude', 'Sadness']","['Longing for simpler times', 'Appreciation for past experiences']",Mixed,Reflective,7,Memory
"When the team cheered for my idea during the brainstorming session, I felt a mix of pride and relief knowing my contributions were valued.",Pride,"['Relief', 'Gratitude']","['Satisfaction about collaboration', 'Confidence boost']",Positive,Supportive,8,Career
The documentary about climate change left me with a heavy sense of urgency and determination to make a difference in my own way.,Determination,"['Concern', 'Hope']","['Empowerment about action', 'Worry about global impact']",Mixed,Assertive,8,Activism
"After weeks of anticipation, receiving the letter of acceptance to my dream university brought a wave of joy and pride that I’ll never forget.",Joy,"['Pride', 'Relief']","['Fulfillment about achievement', 'Gratitude for support']",Positive,Supportive,9,Education
"Finding out that I had been excluded from the group project hurt deeply, leaving me feeling isolated and frustrated.",Hurt,"['Isolation', 'Frustration']","['Sadness about rejection', 'Confusion about exclusion']",Negative,Conflicted,7,Education
"Watching the sunrise from the top of the hill filled me with an overwhelming calm, as if the world itself was at peace for that moment.",Serenity,"['Awe', 'Gratitude']","['Fulfillment about connection to nature', 'Appreciation about simplicity']",Positive,Reflective,9,Nature
Being reunited with my best friend after years apart brought an instant rush of joy and comfort as if no time had passed.,Joy,"['Comfort', 'Gratitude']","['Satisfaction about enduring friendships', 'Happiness about reconnection']",Positive,Supportive,9,Relationships
"As the storm raged outside, I felt a mix of fear and awe at the sheer power of nature, leaving me both uneasy and amazed.",Awe,"['Fear', 'Curiosity']","['Respect for natural forces', 'Unease about vulnerability']",Mixed,Reflective,8,Nature
"Standing ovation from the audience made me feel like all the hard work over the years had finally paid off, leaving me emotional and fulfilled.",Fulfillment,"['Gratitude', 'Joy']","['Satisfaction about perseverance', 'Appreciation for recognition']",Positive,Supportive,10,Performance
Revisiting the letters from my childhood pen pal filled me with a deep sense of nostalgia and a longing to reconnect with simpler times.,Nostalgia,"['Gratitude', 'Longing']","['Reflection about childhood', 'Yearning for past relationships']",Mixed,Reflective,8,Memory
Receiving unexpected praise from my mentor not only boosted my confidence but made me feel truly seen and valued.,Gratitude,"['Joy', 'Confidence']","['Pride about mentorship', 'Fulfillment about recognition']",Positive,Supportive,9,Education
Watching the final scene of the movie brought tears to my eyes as it perfectly encapsulated both the sadness and beauty of the protagonist's journey.,Bittersweetness,"['Sadness', 'Joy']","['Appreciation for storytelling', 'Reflection about emotional depth']",Mixed,Reflective,9,Entertainment
"When I finally stood on the summit after hours of climbing, I felt an overwhelming sense of accomplishment and connection to nature.",Accomplishment,"['Awe', 'Gratitude']","['Pride about physical effort', 'Appreciation for nature']",Positive,Reflective,10,Adventure
Hearing the bad news about my friend's health left me feeling a mix of worry for their well-being and guilt for not being more present lately.,Worry,"['Sadness', 'Guilt']","['Concern about health', 'Regret about absence']",Negative,Supportive,8,Relationships
The unexpected kindness of the stranger who paid for my coffee left me feeling a warm sense of connection and gratitude.,Gratitude,"['Surprise', 'Joy']","['Appreciation for humanity', 'Delight in unexpected generosity']",Positive,Supportive,7,Everyday Life
Reflecting on my team's failure to meet the project deadline fills me with frustration and a determination to find ways to improve our process.,Frustration,"['Determination', 'Regret']","['Resolve about future planning', 'Disappointment about current outcome']",Mixed,Assertive,8,Career
"As I held the old, tattered book in my hands, I felt a profound respect for its history and the countless stories it must have witnessed over time.",Awe,"['Gratitude', 'Curiosity']","['Reverence about history', 'Appreciation for preservation']",Positive,Reflective,9,Cultural Heritage
Reuniting with my childhood best friend after decades apart brought a flood of joy and an instant reminder of the unbreakable bond we share.,Joy,"['Gratitude', 'Comfort']","['Happiness about enduring friendship', 'Appreciation for shared history']",Positive,Supportive,10,Relationships
"The applause after delivering my first keynote speech was exhilarating, but it also left me reflecting on the responsibility of living up to expectations.",Pride,"['Gratitude', 'Apprehension']","['Satisfaction about achievement', 'Concern about future performance']",Mixed,Reflective,9,Career
"Walking through the ruins of the ancient city, I felt a deep connection to the past and a sense of awe at the legacy left behind by those who came before us.",Awe,"['Reverence', 'Curiosity']","['Respect about historical significance', 'Wonder about human achievement']",Positive,Reflective,10,Cultural Heritage
"When I read their heartfelt letter of appreciation, I felt an overwhelming sense of gratitude and an urge to do even more to help others.",Gratitude,"['Fulfillment', 'Determination']","['Pride about making a difference', 'Inspiration to continue contributing']",Positive,Supportive,9,Relationships
"Seeing my child take their first steps filled me with an indescribable mix of joy, pride, and a touch of melancholy knowing they are growing so fast.",Joy,"['Pride', 'Melancholy']","['Gratitude about milestones', 'Bittersweetness about fleeting moments']",Mixed,Supportive,10,Family
"The candid feedback from my mentor stung at first, but it quickly turned into a moment of clarity and determination to improve myself.",Determination,"['Discomfort', 'Gratitude']","['Appreciation for constructive criticism', 'Resolve about self-growth']",Mixed,Reflective,8,Education
The storm rolling in over the horizon filled me with both fear of its power and awe at its breathtaking beauty.,Awe,"['Fear', 'Curiosity']","[""Respect about nature's intensity"", 'Appreciation for visual majesty']",Mixed,Reflective,9,Nature
Learning about the sacrifices my ancestors made gave me a profound sense of pride in my heritage and a responsibility to honor their legacy.,Pride,"['Gratitude', 'Reverence']","['Respect about historical sacrifices', 'Commitment to preserving traditions']",Positive,Reflective,10,Cultural Heritage
Witnessing the selfless act of a stranger saving a stray animal filled me with hope for humanity and a desire to pay it forward in my own way.,Hope,"['Gratitude', 'Inspiration']","['Optimism about kindness', 'Motivation to contribute positively']",Positive,Supportive,9,Everyday Life
Packing up my childhood home was an emotional rollercoaster of gratitude for the memories and sadness at leaving it all behind.,Bittersweetness,"['Gratitude', 'Sadness']","['Reflection about cherished experiences', 'Melancholy about transitions']",Mixed,Reflective,9,Family
Receiving my first paycheck after years of hard work in school filled me with an unparalleled sense of pride and independence.,Pride,"['Gratitude', 'Accomplishment']","['Fulfillment about self-reliance', 'Satisfaction about effort paying off']",Positive,Supportive,10,Career
"Watching my child graduate brought tears of joy and a tinge of sadness, realizing how quickly time has flown by.",Joy,"['Pride', 'Bittersweetness']","['Gratitude about milestones', 'Reflection about fleeting moments']",Mixed,Supportive,10,Family
Exploring the vibrant streets of a foreign city for the first time filled me with awe and a sense of infinite possibility.,Awe,"['Excitement', 'Curiosity']","['Wonder about cultural diversity', 'Inspiration about exploration']",Positive,Reflective,10,Travel
The heartfelt apology from my friend not only mended our relationship but filled me with a deep sense of relief and gratitude.,Relief,"['Gratitude', 'Comfort']","['Appreciation about reconciliation', 'Contentment about restored trust']",Positive,Supportive,9,Relationships
"Standing in the middle of the forest, surrounded by towering trees, I felt an overwhelming connection to nature and peace within myself.",Serenity,"['Awe', 'Gratitude']","['Fulfillment about harmony with nature', 'Humility about life’s simplicity']",Positive,Reflective,10,Nature
"After weeks of preparation, delivering my final project presentation brought me a mix of exhaustion, pride, and relief.",Pride,"['Relief', 'Exhaustion']","['Satisfaction about completing a challenge', 'Contentment about hard work']",Mixed,Reflective,9,Education
"The random act of kindness from a stranger, offering me their umbrella during a rainstorm, left me deeply touched and grateful.",Gratitude,"['Surprise', 'Comfort']","['Appreciation for selflessness', 'Warmth about humanity']",Positive,Supportive,8,Everyday Life
"While watching an old family video, I felt a wave of nostalgia mixed with sadness, remembering moments that can never be relived.",Nostalgia,"['Sadness', 'Gratitude']","['Reflection about cherished memories', 'Longing for the past']",Mixed,Reflective,8,Family
"Completing my first marathon, despite the pain and challenges, left me with an immense sense of accomplishment and resilience.",Accomplishment,"['Pride', 'Relief']","['Satisfaction about perseverance', 'Gratitude for inner strength']",Positive,Reflective,10,Personal Growth
Rebuilding the community garden after the storm brought everyone together in a shared sense of purpose and hope for renewal.,Hope,"['Gratitude', 'Accomplishment']","['Inspiration about unity', 'Fulfillment from contribution']",Positive,Supportive,9,Community
Finding an old photograph of my grandparents filled me with a deep sense of connection to my roots and a longing for stories I never got to hear.,Nostalgia,"['Gratitude', 'Curiosity']","['Reflection about family heritage', 'Wonder about untold histories']",Mixed,Reflective,8,Family
"After months of self-doubt, receiving the scholarship felt like a turning point, giving me pride in my hard work and hope for the future.",Pride,"['Relief', 'Hope']","['Confidence about capabilities', 'Gratitude for opportunities']",Positive,Supportive,9,Education
Witnessing the ocean's vastness for the first time left me in awe of its beauty and humbled by my own small place in the universe.,Awe,"['Serenity', 'Gratitude']","['Reverence for nature', 'Reflection about interconnectedness']",Positive,Reflective,10,Nature
"Apologizing to my sibling after years of estrangement was both terrifying and liberating, bringing a mix of vulnerability and relief.",Vulnerability,"['Relief', 'Hope']","['Courage about reconciliation', 'Gratitude for second chances']",Mixed,Reflective,9,Relationships
"The standing ovation after my play's premiere was an overwhelming blend of pride, gratitude, and sheer disbelief that my work touched so many.",Pride,"['Gratitude', 'Awe']","['Satisfaction about creative expression', 'Humility about audience impact']",Positive,Supportive,10,Performance
Realizing that my childhood treehouse had been taken down filled me with a bittersweet longing for the simplicity of those carefree days.,Bittersweetness,"['Nostalgia', 'Sadness']","['Reflection about loss', 'Gratitude for past experiences']",Mixed,Reflective,8,Memory
Helping an injured bird recover and watching it fly again filled me with a profound sense of connection to life and purpose.,Accomplishment,"['Gratitude', 'Serenity']","['Fulfillment about nurturing', 'Joy about restoration']",Positive,Supportive,9,Nature
"Standing at the edge of the Grand Canyon, I felt a mix of fear and exhilaration at the sheer scale and majesty of the view before me.",Awe,"['Fear', 'Excitement']","['Respect for natural wonders', 'Gratitude for experiencing the extraordinary']",Mixed,Reflective,10,Adventure
"Holding my newborn niece for the first time brought an overwhelming mix of joy, love, and a sense of responsibility to be a part of her life.",Joy,"['Love', 'Gratitude']","['Happiness about new beginnings', 'Commitment to family bonds']",Positive,Supportive,10,Family
Revisiting the battlefield where my grandfather fought during the war filled me with profound respect and a deep connection to his legacy.,Respect,"['Nostalgia', 'Pride']","['Gratitude for sacrifices made', 'Reflection about family heritage']",Positive,Reflective,9,Cultural Heritage
Finding out I had been promoted left me with an incredible sense of pride and excitement for the opportunities ahead.,Pride,"['Joy', 'Excitement']","['Confidence about growth', 'Gratitude for recognition']",Positive,Supportive,9,Career
"As the final note of the concert echoed through the hall, I felt a rare harmony between the music, the audience, and my own emotions.",Awe,"['Gratitude', 'Serenity']","['Connection through shared experience', 'Appreciation for artistic beauty']",Positive,Reflective,10,Performance
Watching the sunrise after a sleepless night filled me with hope and a quiet determination to face the challenges of the new day.,Hope,"['Serenity', 'Determination']","['Optimism about fresh starts', ""Gratitude for nature's constancy""]",Positive,Reflective,9,Nature
Clearing out my childhood room brought a flood of bittersweet emotions as I unearthed forgotten memories and prepared for a new chapter in life.,Bittersweetness,"['Nostalgia', 'Hope']","['Reflection about personal growth', 'Anticipation about the future']",Mixed,Reflective,8,Memory
Receiving heartfelt feedback from someone who said my writing changed their perspective on life left me humbled and deeply inspired to continue creating.,Gratitude,"['Inspiration', 'Fulfillment']","['Pride about making an impact', 'Motivation to contribute more']",Positive,Supportive,10,Creativity
"As the plane landed in my hometown after years away, I felt a mix of relief, excitement, and a deep sense of belonging.",Relief,"['Joy', 'Comfort']","['Gratitude about returning', 'Fulfillment about reconnecting']",Positive,Supportive,9,Travel
"Apologizing to my team for an error I made was difficult, but their understanding and support left me feeling both humbled and appreciated.",Vulnerability,"['Gratitude', 'Relief']","['Respect for shared trust', 'Determination to improve']",Mixed,Supportive,8,Career
"As I stood before the old family portrait, the memories of laughter and warmth filled the room, but the absence of those I had lost left a palpable void, a mixture of sorrow and love for what once was.",Grief,"['Love', 'Nostalgia']","['Regret about lost time', 'Appreciation for cherished moments']",Mixed,Reflective,9,Family (Loss)
"Seeing my best friend succeed in their new venture made me incredibly proud, but at the same time, I couldn’t help but feel a pang of jealousy about my own unfulfilled dreams.",Pride,"['Joy', 'Jealousy']","['Admiration for success', 'Insecurity about personal goals']",Mixed,Conflicted,8,Friendship (Success)
"After months of intense training, the moment I crossed the finish line in my first marathon, I was overwhelmed with a rush of exhilaration, pride, and a sense of accomplishment like never before.",Joy,"['Pride', 'Exhilaration']","['Satisfaction from perseverance', 'Gratitude for physical strength']",Positive,Assertive,10,Achievement (Sports)
"When I found out my childhood home was being sold, I was filled with bittersweet emotions, longing for the simpler days but knowing it was time to let go and move forward.",Bittersweetness,"['Nostalgia', 'Sadness']","['Reflection about personal growth', 'Acceptance of change']",Mixed,Reflective,7,Memory (Home)
"At the art gallery, as I stood before a masterpiece that seemed to capture the very essence of human emotion, I felt a profound sense of awe and a deep respect for the artist's ability to communicate so powerfully.",Awe,"['Respect', 'Admiration']","['Gratitude for the power of art', ""Humility before the artist's skill""]",Positive,Reflective,9,Art (Gallery)
"Sitting by the fire with my loved ones, I was filled with a deep sense of gratitude and contentment, realizing just how fortunate I was to be surrounded by such warmth and love during the holidays.",Contentment,"['Gratitude', 'Serenity']","['Appreciation for family', 'Peace from togetherness']",Positive,Supportive,10,Family (Holidays)
"The overwhelming weight of uncertainty about my future has been keeping me up at night, as I feel torn between hope for new opportunities and fear of failure.",Uncertainty,"['Fear', 'Hope']","['Confusion about direction', 'Anticipation about potential']",Mixed,Conflicted,8,Self-Reflection (Career)
"During our road trip, when we stopped to watch the sunset over the mountains, I felt a profound sense of awe mixed with a deep appreciation for nature's ability to humble and inspire.",Awe,"['Gratitude', 'Serenity']","['Reflection on the beauty of the world', ""Appreciation for nature's magnitude""]",Positive,Reflective,9,Nature (Adventure)
"The moment I held my baby niece in my arms, my heart swelled with joy and love, knowing that I was witnessing a new chapter in our family's story.",Joy,"['Love', 'Gratitude']","['Happiness about new beginnings', 'Commitment to family bonds']",Positive,Supportive,10,Family (New Beginnings)
"After months of preparing for my first solo concert, standing on stage, I felt a mixture of excitement, nervousness, and a sense of fulfillment as the crowd cheered for the first note I played.",Excitement,"['Pride', 'Nervousness']","['Anticipation about performance', 'Gratitude for opportunity']",Positive,Assertive,9,Performance (Music)
Reading a heartfelt letter from a loved one expressing their appreciation for me made me feel deeply humbled and reminded me of the impact kindness can have on others.,Gratitude,"['Happiness', 'Humility']","['Pride in making a difference', 'Appreciation for deep connections']",Positive,Supportive,9,Relationships (Love)
"As I stood at the edge of the ocean, watching the waves crash against the shore, I felt a profound sense of peace and a reminder of how small and connected we are to the world around us.",Peace,"['Awe', 'Serenity']","[""Gratitude for nature's simplicity"", 'Reflection on human insignificance']",Positive,Reflective,9,Nature (Ocean)
"The announcement of the election results left me with a sense of disbelief, as the joy of victory for some was met with the anger and disappointment of those who had hoped for change.",Disbelief,"['Anger', 'Hope']","['Frustration about the system', 'Sadness about division']",Mixed,Conflicted,8,Society (Politics)
"I felt an overwhelming rush of gratitude as my family came together for the first time in years, each of us acknowledging how much we had grown and changed while still sharing the same deep bonds.",Gratitude,"['Nostalgia', 'Love']","['Appreciation for family ties', 'Pride in personal growth']",Positive,Supportive,10,Family (Reunion)
"As I sat at the window watching the rain, I couldn’t shake the feeling of melancholy that crept in, as if the weather mirrored the heaviness in my heart, weighed down by unspoken regrets.",Melancholy,"['Sadness', 'Regret']","['Reflection on missed opportunities', 'Loneliness in solitude']",Negative,Reflective,8,Self-Reflection (Regret)
"The laughter of my friends echoed in the distance, and as I watched them enjoy the moment, I felt a deep sense of fulfillment and joy, realizing how much these simple moments with them meant to me.",Joy,"['Contentment', 'Gratitude']","['Appreciation for friendship', 'Satisfaction from shared happiness']",Positive,Supportive,9,Relationships (Friendship)
"During the meeting, as my proposal was finally accepted, a wave of relief washed over me, accompanied by an unexpected surge of pride for pushing through despite the challenges.",Relief,"['Pride', 'Excitement']","['Satisfaction with hard work', 'Confidence about future opportunities']",Positive,Assertive,9,Career (Achievement)
"As the last chapter of the novel came to an end, I was filled with a deep sense of bittersweetness, knowing I would miss the characters but content with the journey I had shared with them.",Bittersweetness,"['Nostalgia', 'Satisfaction']","['Reflection on storytelling', 'Contentment with closure']",Mixed,Reflective,8,Creativity (Literature)
"When I lost my childhood pet, the grief felt almost unbearable, but as I remembered the joy they brought into my life, a sense of gratitude and love for the time we had together gently emerged.",Grief,"['Love', 'Nostalgia']","['Sorrow for loss', 'Appreciation for companionship']",Mixed,Reflective,9,Relationships (Pets)
"The moment I was offered the job I had worked so hard for, I felt an overwhelming sense of excitement and accomplishment, knowing that this was the start of something bigger than I had ever imagined.",Excitement,"['Pride', 'Anticipation']","['Confidence in future success', 'Gratitude for the opportunity']",Positive,Assertive,10,Career (Success)
"Walking through the old neighborhood, the familiar sights and smells brought a flood of nostalgia, and for a brief moment, I was transported back to my younger, carefree days.",Nostalgia,"['Joy', 'Sadness']","['Reflection on youth', 'Longing for simpler times']",Mixed,Reflective,8,Memory (Childhood)
"As I held my newborn child for the first time, an overwhelming surge of love and protectiveness filled my heart, and I realized just how much my life had changed in that single moment.",Love,"['Joy', 'Protectiveness']","['Happiness about new life', 'Commitment to parenthood']",Positive,Supportive,10,Family (Parenthood)
"Standing in front of the mirror after the makeover, I couldn't help but feel a rush of excitement and self-appreciation. It was a reflection of how far I'd come, not just in appearance but in my own self-esteem.",Excitement,"['Pride', 'Appreciation']","['Confidence in personal transformation', 'Gratitude for self-growth']",Positive,Supportive,9,Self-Reflection (Transformation)
"When my partner proposed, a flood of emotions washed over me—overwhelming joy, love, and a deep sense of responsibility for the future we were about to build together.",Joy,"['Love', 'Excitement']","['Anticipation about marriage', 'Appreciation for shared commitment']",Positive,Supportive,10,Relationships (Romantic)
"After months of difficult conversations, when my friend apologized for their actions, I felt an unexpected mix of relief and gratitude, knowing that our bond had endured despite the tension.",Relief,"['Gratitude', 'Forgiveness']","['Pride in resolving conflict', 'Satisfaction in restoring trust']",Positive,Supportive,8,Relationships (Friendship)
"As the first snowflake fell and the world seemed to quiet down, I felt a deep sense of serenity wash over me. It was a moment of calm amidst the chaos of life, reminding me to take a step back and breathe.",Serenity,"['Peace', 'Gratitude']","['Reflection on the simplicity of nature', 'Relief from stress']",Positive,Reflective,9,Nature (Seasonal)
"When I saw the final results of my hard work, the feeling of accomplishment was undeniable. Yet, there was also a tinge of uncertainty about what the next step would hold, even as I basked in the glory of success.",Pride,"['Relief', 'Uncertainty']","['Satisfaction with the journey', 'Curiosity about the future']",Mixed,Conflicted,8,Career (Achievement)
"During the family reunion, as my cousin shared their journey through a difficult time, I felt a mixture of admiration for their strength and a deep sense of sadness for their pain.",Admiration,"['Sadness', 'Compassion']","['Empathy for their struggle', 'Gratitude for their vulnerability']",Mixed,Supportive,8,Family (Healing)
"After hearing the news of the environmental disaster, I felt an overwhelming wave of fear for the future, coupled with frustration at the lack of progress in addressing the crisis.",Fear,"['Frustration', 'Sadness']","['Helplessness about change', 'Anger at the inaction']",Negative,Assertive,9,Society (Environmental Issues)
"As the concert ended and the audience erupted into applause, I felt a rush of exhilaration and pride. It was a moment where everything clicked—the performance, the crowd, and my passion for the art.",Exhilaration,"['Pride', 'Gratitude']","['Satisfaction from hard work', 'Connection to the audience']",Positive,Assertive,10,Performance (Music)
"The last time I spoke to my grandmother, I felt a mix of love, nostalgia, and regret, knowing that those conversations were now memories, forever cherished but no longer possible.",Nostalgia,"['Love', 'Regret']","['Appreciation for the moments shared', 'Sadness about missed chances']",Mixed,Reflective,8,Family (Loss)
"As I watched the sunset over the city, I was filled with a deep sense of peace, knowing that tomorrow was another chance to make progress on the dreams I've worked so hard for.",Hope,"['Peace', 'Anticipation']","['Optimism about the future', 'Gratitude for the present moment']",Positive,Reflective,9,Nature (Evening)
"After the long flight, stepping onto the soil of my ancestral homeland felt surreal. I was overwhelmed with a sense of connection to generations past, yet filled with uncertainty about what this new chapter held for me.",Awe,"['Nostalgia', 'Uncertainty']","['Respect for heritage', 'Curiosity about the future']",Mixed,Reflective,9,Cultural Heritage (Ancestry)
"I had been working tirelessly for months, and the moment I saw the final product, I was hit with an overwhelming wave of pride, but there was also an unsettling sense of fear about how others would perceive it.",Pride,"['Fear', 'Excitement']","['Satisfaction with the journey', ""Anxiety about others' opinions""]",Mixed,Assertive,8,Career (Creation)
"The joy I felt when my sister gave birth was immeasurable. Holding my niece for the first time, I realized just how deeply connected I felt to this new life, filled with love, protection, and overwhelming hope for her future.",Love,"['Joy', 'Hope']","['Gratitude for new beginnings', 'Determination to support her future']",Positive,Supportive,10,Family (Birth)
"The email arrived just as I had been losing hope. To finally receive the scholarship I had worked for felt like an incredible victory, but beneath the excitement was a lingering fear of the immense responsibility now resting on my shoulders.",Relief,"['Joy', 'Fear']","['Gratitude for the opportunity', 'Anxiety about the future']",Mixed,Conflicted,9,Education (Achievement)
"As I watched my friends dance joyfully at the wedding, I felt a sense of deep contentment and connection, knowing that their happiness and the love in the air were a reflection of the bonds we had all worked so hard to build over the years.",Contentment,"['Love', 'Gratitude']","['Pride in our shared history', 'Fulfillment from seeing others happy']",Positive,Supportive,10,Relationships (Celebration)
"I was standing in front of the old house, now empty, and I couldn't help but feel a rush of sadness mixed with nostalgia. It was a place filled with memories, but letting go of it was also a symbol of moving forward, even if it was difficult.",Sadness,"['Nostalgia', 'Bittersweetness']","['Reflection on past memories', 'Acceptance of change']",Mixed,Reflective,8,Memory (Home)
"The first time I stood on stage as a public speaker, the overwhelming sense of fear was quickly replaced by a powerful rush of empowerment. As I spoke, I could see the audience reacting, and that was the moment I realized I had found my voice.",Empowerment,"['Fear', 'Excitement']","['Pride in overcoming fear', 'Gratitude for the opportunity']",Positive,Assertive,9,Career (Public Speaking)
"As I sat alone in the café, watching people laugh and interact, I felt a wave of loneliness mixed with deep appreciation for the solitude that allowed me to reflect on my own journey, my goals, and the person I was becoming.",Loneliness,"['Reflection', 'Gratitude']","['Acceptance of solitude', 'Anticipation about personal growth']",Mixed,Reflective,7,Self-Reflection (Solitude)
"The moment I saw my friend after years apart, I was overwhelmed with joy. Yet, beneath that joy was a tinge of sadness, knowing that time had changed us both, even though our bond remained strong.",Joy,"['Sadness', 'Nostalgia']","['Gratitude for the reunion', 'Melancholy about lost time']",Mixed,Supportive,8,Relationships (Reunion)
"After receiving the news about the unexpected passing of my mentor, a wave of grief swept over me. However, I also felt immense gratitude for the lessons they had taught me and the influence they had on shaping who I am today.",Grief,"['Gratitude', 'Sadness']","['Appreciation for their guidance', 'Regret for missed moments']",Mixed,Reflective,9,Loss (Mentorship)
"As I saw the community rally together to rebuild after the disaster, I felt a profound sense of hope and inspiration. Despite the devastation, the unity and strength of the people around me was something that filled me with optimism for the future.",Hope,"['Inspiration', 'Pride']","['Gratitude for solidarity', 'Optimism about recovery']",Positive,Supportive,10,Society (Rebuilding)
"After hearing my best friend’s wedding vows, I was overwhelmed with a mix of joy and sadness. It was beautiful to see them so happy, but I couldn’t help but feel a little sorrowful, knowing that our friendship would evolve in ways we couldn't predict.",Joy,"['Sadness', 'Nostalgia']","['Gratitude for the relationship', 'Fear of growing apart']",Mixed,Supportive,8,Relationships (Marriage)
"Standing in front of the mirror, I couldn't shake the feeling of being both proud and afraid. Proud because I had reached my fitness goals, but afraid because I realized how easy it would be to fall back into old habits.",Pride,"['Fear', 'Doubt']","['Satisfaction with progress', 'Apprehension about sustainability']",Mixed,Conflicted,8,Self-Reflection (Personal Growth)
"The first day of school always felt like a new beginning. As I walked through the doors, the mix of nervousness and excitement was almost overwhelming, but there was something exhilarating about the uncertainty of what the year would bring.",Excitement,"['Nervousness', 'Anticipation']","['Hope for new opportunities', 'Fear of failure']",Mixed,Conflicted,8,Education (New Beginnings)
"As I watched my parents grow older, I felt a deep sense of gratitude for all they had done for me, but there was also an underlying fear of what the future would look like without them by my side.",Gratitude,"['Fear', 'Sadness']","['Appreciation for their sacrifices', 'Dread of inevitable change']",Mixed,Reflective,9,Family (Aging)
"The day I got my first apartment was one of the happiest of my life. I felt such a sense of independence and pride, but there was also a small sense of loneliness, realizing that this new chapter meant leaving behind parts of my past.",Pride,"['Loneliness', 'Excitement']","['Satisfaction with new beginnings', 'Sadness about change']",Mixed,Conflicted,9,Personal Growth (Independence)
"Walking through the streets of my hometown after years away, I was flooded with memories of my childhood. The nostalgia was bittersweet, as I realized how much had changed, yet how much of me was still rooted in the past.",Nostalgia,"['Sadness', 'Longing']","['Reflection on youth', 'Grief about lost moments']",Mixed,Reflective,8,Memory (Homecoming)
"Receiving an unexpected compliment from a stranger made my day. It was a small gesture, but it filled me with a sense of warmth and appreciation, reminding me that kindness can have a profound impact on someone’s life.",Gratitude,"['Happiness', 'Surprise']","['Joy from kindness', 'Appreciation for human connection']",Positive,Supportive,9,Social Interaction (Kindness)
"After hearing about the loss of a close friend, I felt a wave of disbelief wash over me. The sorrow was immense, but there was also a deep sense of gratitude for the time we shared together, even if it was shorter than I had hoped.",Grief,"['Shock', 'Gratitude']","['Sorrow for the loss', 'Appreciation for the memories']",Mixed,Reflective,10,Loss (Friendship)
"The first time I spoke to a large crowd, I felt my heart race with anxiety, but as I saw the audience nodding in understanding, a sense of empowerment took over, and I realized I had the ability to make an impact with my words.",Empowerment,"['Anxiety', 'Excitement']","['Confidence from overcoming fear', 'Pride in personal growth']",Positive,Assertive,9,Career (Public Speaking)
"The storm had passed, and as I stepped outside into the fresh air, I was filled with a sense of renewal. The rain had washed away the weight I had been carrying for so long, leaving me feeling both cleansed and hopeful for the future.",Hope,"['Relief', 'Serenity']","['Gratitude for the new beginning', ""Optimism about what's to come""]",Positive,Reflective,9,Nature (Renewal)
"The moment I learned that I had been accepted into my dream school, I felt an overwhelming sense of joy and validation. But even as I celebrated, I couldn't ignore the anxiety about what would come next, and whether I was truly ready.",Joy,"['Anxiety', 'Excitement']","['Pride in the achievement', 'Fear of the unknown']",Mixed,Conflicted,9,Education (Achievement)
"As I stood on the rooftop, looking out over the city, I felt a mix of awe and gratitude for the opportunities before me, yet there was an undercurrent of fear about whether I could truly make the most of them.",Awe,"['Gratitude', 'Fear']","['Appreciation for potential', 'Doubt about personal abilities']",Mixed,Reflective,9,Personal Growth (Opportunities)
"The moment I saw my childhood friend after years apart, a wave of nostalgia flooded me. It was amazing to reconnect, but I also felt sadness, knowing how much had changed and how much we had grown apart.",Nostalgia,"['Sadness', 'Joy']","['Reflection on past connections', 'Regret about time lost']",Mixed,Reflective,8,Relationships (Reunion)
"After months of uncertainty, when I finally received confirmation about my promotion, the excitement was overwhelming. But at the same time, I was filled with anxiety about whether I could meet the expectations that came with the new role.",Excitement,"['Anxiety', 'Pride']","['Confidence in earning the promotion', 'Fear of new responsibilities']",Mixed,Assertive,9,Career (Promotion)
"As I watched the sunset, I felt a profound sense of peace. The beauty of nature calmed my mind, but there was also a quiet sadness, as I knew the day was ending, and with it, some of my hopes and dreams seemed out of reach.",Serenity,"['Sadness', 'Hope']","['Gratitude for the moment', 'Longing for possibilities']",Mixed,Reflective,8,Nature (Evening)
"The first time I heard my song played on the radio, I was filled with an exhilarating sense of accomplishment. But there was also a quiet fear, as I wondered if my next project would live up to this achievement.",Exhilaration,"['Pride', 'Fear']","['Satisfaction with success', 'Anxiety about future performance']",Mixed,Conflicted,9,Creativity (Achievement)
"When I held my newborn son for the first time, I was overcome with love and joy. But there was also a sense of responsibility and fear, wondering if I would be able to provide for him the way he deserved.",Love,"['Joy', 'Fear']","['Gratitude for new beginnings', 'Concern for parenting']",Positive,Supportive,10,Family (Parenthood)
"As I walked through the familiar streets of my hometown, a wave of nostalgia hit me. I remembered the good times, but there was also an ache in my chest, realizing how much had changed and how much I missed.",Nostalgia,"['Sadness', 'Longing']","['Reflection on the past', 'Grief about lost moments']",Mixed,Reflective,8,Memory (Hometown)
"After hearing about the health scare in my family, I felt a mixture of fear and helplessness. But as I spoke to my relatives, I was also filled with a deep sense of hope and determination to support them through whatever came next.",Fear,"['Hope', 'Helplessness']","['Concern for family well-being', 'Empowerment through support']",Mixed,Supportive,9,Family (Health)
"As the last chapter of the book unfolded, I felt a mix of satisfaction and sorrow. The journey had been long, and while the ending was beautiful, I couldn’t help but feel a sense of loss knowing it was over.",Satisfaction,"['Sadness', 'Nostalgia']","['Gratitude for the experience', 'Regret about the end of the story']",Mixed,Reflective,8,Creativity (Literature)
"During my morning jog, as the sun rose over the horizon, I felt an overwhelming sense of clarity and determination. Yet, there was also a lingering fear of whether I would be able to maintain this momentum in the days ahead.",Determination,"['Clarity', 'Fear']","['Confidence in my progress', 'Uncertainty about future consistency']",Mixed,Assertive,9,Self-Reflection (Routine)
"As I saw the storm clouds gathering in the distance, I was filled with a deep sense of foreboding. Yet, there was also a strange sense of anticipation, as I wondered how the storm would change everything around me.",Fear,"['Anticipation', 'Anxiety']","['Concern about upcoming change', 'Curiosity about the unknown']",Mixed,Conflicted,8,Nature (Storm)
"As I looked through the old photo album, I was overwhelmed with a sense of bittersweet nostalgia. The happy moments were mixed with sadness, knowing that those days were gone, never to return.",Bittersweetness,"['Nostalgia', 'Sadness']","['Reflection on the passage of time', 'Grief about lost moments']",Mixed,Reflective,8,Memory (Photos)
"When my boss complimented my work during the meeting, I felt an overwhelming surge of pride. But there was also a sense of discomfort, as I worried if the praise was sincere or if I had just gotten lucky.",Pride,"['Fear', 'Gratitude']","['Satisfaction from recognition', 'Anxiety about authenticity']",Mixed,Conflicted,8,Career (Workplace Recognition)
"As I sat beside my grandmother's hospital bed, I felt a deep sense of vulnerability. Her frailty reminded me of the inevitability of time, but at the same time, I was filled with love and gratitude for everything she had given me.",Vulnerability,"['Love', 'Sadness']","['Appreciation for her wisdom', 'Fear of losing her']",Mixed,Supportive,9,Family (Health and Aging)
"After a long day of work, I finally had time to relax. As I sank into the couch, the exhaustion was met with a quiet sense of relief, but I also felt guilty for not being more productive during the day.",Relief,"['Guilt', 'Fatigue']","['Satisfaction from rest', 'Concern about wasted time']",Mixed,Conflicted,7,Self-Reflection (Work-Life Balance)
"When I finished my first marathon, the exhaustion was immediate, but it was soon replaced with a profound sense of achievement. I was proud of myself, yet there was a small voice of doubt asking if I could do it again.",Pride,"['Exhaustion', 'Doubt']","['Satisfaction from accomplishment', 'Fear of future failure']",Mixed,Assertive,9,Achievement (Sports)
"As I read the letter from my long-lost friend, I felt a wave of nostalgia and love for the bond we once shared. But it was quickly followed by the sorrow of knowing that we had drifted apart, unable to recapture the closeness we once had.",Nostalgia,"['Sadness', 'Love']","['Grief about lost connections', 'Appreciation for the past']",Mixed,Reflective,8,Relationships (Friendship)
"The first time I stepped onto a stage to speak publicly, I was filled with a mix of anxiety and excitement. My heart raced, but as I spoke and saw the audience respond, that nervous energy shifted to a sense of empowerment.",Excitement,"['Fear', 'Empowerment']","['Gratitude for the opportunity', 'Confidence from success']",Positive,Assertive,9,Career (Public Speaking)
"When I heard the news about the environmental disaster, a deep sense of helplessness took over. But as I watched people come together to help, a small flicker of hope emerged, reminding me that collective action could lead to change.",Helplessness,"['Hope', 'Sadness']","['Frustration about inaction', 'Appreciation for solidarity']",Mixed,Supportive,8,Society (Crisis)
"The day I moved out of my childhood home was filled with conflicting emotions. I felt proud to start this new chapter of my life, but there was also a deep sadness as I said goodbye to the memories and comfort of home.",Sadness,"['Pride', 'Longing']","['Reflection on the past', 'Anticipation about the future']",Mixed,Reflective,8,Personal Growth (Change)
"When I finally accomplished my goal of publishing my first novel, I felt an overwhelming sense of pride and joy. But there was also a small voice inside me that wondered if this success was enough or if I could ever reach that level again.",Pride,"['Joy', 'Insecurity']","['Satisfaction from success', 'Doubt about future achievements']",Mixed,Assertive,9,Creativity (Writing)
"When I was told that my childhood mentor had passed away, I was filled with grief, but I also felt an overwhelming sense of gratitude for the lessons they had taught me. Their wisdom would remain with me, even though they were gone.",Grief,"['Gratitude', 'Sadness']","['Appreciation for their guidance', 'Sorrow about the loss']",Mixed,Reflective,10,Loss (Mentorship)
"When I saw my old mentor in the crowd at my graduation, I was overwhelmed with a sense of pride and gratitude. Yet, there was also a twinge of sadness, knowing that this moment marked the end of an era in my life.",Pride,"['Gratitude', 'Sadness']","['Appreciation for guidance', 'Melancholy about the past']",Mixed,Reflective,9,Education (Graduation)
"As I prepared to move into my new apartment, the excitement of independence was tempered by an overwhelming sense of loneliness. I realized how much I would miss the familiar faces and comfort of home.",Excitement,"['Loneliness', 'Anticipation']","['Satisfaction from new beginnings', 'Fear of isolation']",Mixed,Conflicted,8,Personal Growth (Independence)
"Standing in front of the packed auditorium, waiting to perform, I felt a wave of anxiety wash over me. But as the music began, I found a sense of calm and empowerment, knowing that I was doing what I loved.",Anxiety,"['Empowerment', 'Excitement']","['Fear of failure', 'Gratitude for the opportunity']",Mixed,Assertive,9,Creativity (Performance)
"As I watched the sunset from the beach, I felt a profound sense of serenity, but there was also an undercurrent of sadness, knowing that these moments of peace were fleeting and that life moves too quickly.",Serenity,"['Sadness', 'Appreciation']","[""Reflection on life's brevity"", 'Gratitude for the present moment']",Mixed,Reflective,8,Nature (Contemplation)
"The day I started my new job, I felt a rush of excitement and pride. But that excitement was quickly followed by doubt, wondering if I would be able to live up to the expectations placed on me.",Excitement,"['Doubt', 'Pride']","['Confidence in new opportunities', 'Fear of not meeting expectations']",Mixed,Conflicted,9,Career (New Beginnings)
"After spending weeks apart from my partner, the moment I finally reunited with them was pure joy. Yet, a small part of me felt nervous about how we had changed during the time we were apart.",Joy,"['Nervousness', 'Love']","['Appreciation for reunion', 'Fear of change in the relationship']",Mixed,Supportive,9,Relationships (Reunion)
"The first time I looked at my newborn child, I was overwhelmed with love and protectiveness. But there was also a quiet fear, realizing just how much responsibility I now had to nurture and guide this new life.",Love,"['Fear', 'Joy']","['Gratitude for parenthood', 'Concern about being a good parent']",Mixed,Supportive,10,Family (Parenthood)
"As I sat by the window, watching the rain pour down, I felt a strange mix of tranquility and loneliness. The world outside seemed to be in chaos, but I found comfort in the solitude of my own thoughts.",Tranquility,"['Loneliness', 'Reflection']","['Appreciation for solitude', 'Sadness about isolation']",Mixed,Reflective,8,Self-Reflection (Solitude)
"When I learned that a close friend was moving away, I felt a mix of happiness for their new opportunity, but also deep sadness, knowing that this chapter of our friendship was coming to an end.",Sadness,"['Happiness', 'Gratitude']","['Grief about distance', 'Pride in their success']",Mixed,Supportive,8,Relationships (Change)
"After months of preparation, the night of my wedding arrived, and I was filled with joy and excitement. But underneath it all, there was a quiet anxiety, wondering whether I was truly ready for this lifelong commitment.",Joy,"['Anxiety', 'Excitement']","['Gratitude for love', 'Fear of the unknown']",Mixed,Supportive,9,Relationships (Marriage)
"When I heard that a close family member was ill, I felt a wave of grief and helplessness. But as I talked to other family members, I also felt a sense of unity and strength, knowing that we would support each other through this difficult time.",Grief,"['Helplessness', 'Hope']","['Concern for their well-being', 'Appreciation for family support']",Mixed,Supportive,9,Family (Health Crisis)
"As I opened the letter confirming my acceptance to the program, I felt a surge of excitement and pride. But alongside it was a lingering anxiety, wondering if I was truly ready for the challenge that awaited me.",Excitement,"['Pride', 'Anxiety']","['Confidence about the future', 'Fear of inadequacy']",Mixed,Conflicted,9,Education (Opportunity)
"The moment I finished my first solo painting, I was overwhelmed with a sense of accomplishment. Yet, as I looked at the canvas, a sense of doubt crept in, wondering if it was truly a masterpiece or just an experiment.",Pride,"['Doubt', 'Satisfaction']","['Gratitude for the creative process', 'Insecurity about the outcome']",Mixed,Assertive,8,Creativity (Art)
"When I received the news about my childhood friend’s passing, I was engulfed in sorrow and disbelief. But there was also a deep sense of gratitude for the memories we shared, as they would stay with me even though they were gone.",Grief,"['Sadness', 'Gratitude']","['Appreciation for the time spent together', 'Regret about lost opportunities to reconnect']",Mixed,Reflective,10,Loss (Friendship)
"The first time I saw my parents' reactions to my success, I felt an overwhelming sense of joy and pride. But there was also a quiet fear, wondering if I could continue to meet their expectations in the future.",Joy,"['Pride', 'Fear']","['Gratitude for their support', 'Insecurity about long-term success']",Mixed,Supportive,9,Family (Achievement)
"As I stood in front of the crowd delivering my first public speech, I was filled with a rush of excitement and nervousness. There was a deep sense of accomplishment when I finished, but a small voice of doubt asked if I had truly connected with the audience.",Excitement,"['Nervousness', 'Doubt']","['Pride in overcoming fear', 'Uncertainty about effectiveness']",Mixed,Assertive,9,Career (Public Speaking)
"When I first became a parent, the love I felt for my child was overwhelming, but it was quickly tempered by fear. Fear of making mistakes, fear of not being enough, and the responsibility of shaping a new life.",Love,"['Fear', 'Joy']","['Gratitude for parenthood', 'Concern for the future']",Mixed,Supportive,10,Family (Parenthood)
"Walking through the park on a rainy day, I felt a strange mix of serenity and loneliness. The sound of the rain was calming, yet I couldn't help but feel disconnected from the world around me, as if the storm outside reflected the storm in my heart.",Serenity,"['Loneliness', 'Reflection']","['Appreciation for solitude', 'Sadness about emotional distance']",Mixed,Reflective,8,Self-Reflection (Solitude)
"The news of my promotion filled me with pride and excitement, but as I thought about the added responsibilities, a feeling of uncertainty began to creep in. Would I be able to handle the new challenges? Could I live up to the expectations?",Pride,"['Excitement', 'Uncertainty']","['Satisfaction from accomplishment', 'Fear of failure']",Mixed,Conflicted,9,Career (Promotion)
"As I watched my best friend walk down the aisle, I was filled with joy for them, but a small part of me felt a pang of sadness. Our friendship was evolving, and it made me realize how much had changed since we were young.",Joy,"['Sadness', 'Pride']","['Appreciation for their happiness', 'Grief about the changing dynamics of our relationship']",Mixed,Supportive,8,Relationships (Marriage)
"On my birthday, surrounded by friends and family, I felt an overwhelming sense of gratitude and love. But amidst the celebrations, I couldn't shake the feeling that time was moving too fast, and I was losing touch with who I used to be.",Gratitude,"['Love', 'Nostalgia']","['Appreciation for connections', 'Longing for past simplicity']",Mixed,Supportive,9,Family (Celebration)
"After hearing that a close friend had been diagnosed with a serious illness, I felt a deep sense of helplessness. But alongside that helplessness was a strong desire to support them, to be there for them in any way I could.",Helplessness,"['Sadness', 'Determination']","['Grief for their condition', 'Commitment to offering support']",Mixed,Supportive,9,Relationships (Health Crisis)
"When I stood at the top of the mountain, looking out over the vast landscape, a powerful sense of awe washed over me. But at the same time, there was a feeling of insignificance, as if my presence in the world was so small compared to the enormity of nature.",Awe,"['Insignificance', 'Gratitude']","['Humility about the vastness of the world', 'Appreciation for the present moment']",Mixed,Reflective,9,Nature (Mountain)
"As I received the letter of acceptance into my dream school, the overwhelming feeling of joy was mixed with a quiet fear. It was as if I had achieved something incredible, but I also wondered whether I truly deserved it or could succeed in such a demanding environment.",Joy,"['Fear', 'Pride']","['Satisfaction from accomplishment', 'Anxiety about future challenges']",Mixed,Conflicted,9,Education (Opportunity)
"When my partner proposed, I was filled with love and joy, but there was also a lingering sense of responsibility. As much as I was excited for our future together, I felt the weight of the lifelong commitment I was about to make.",Love,"['Joy', 'Responsibility']","['Excitement about the future', 'Fear of the challenges ahead']",Mixed,Supportive,10,Relationships (Commitment)
"The first time I spoke in front of an audience, I was filled with a combination of fear and excitement. As I got through the speech, a sense of accomplishment flooded me, but there was also a whisper of doubt about whether I had made the impact I had hoped for.",Excitement,"['Fear', 'Doubt']","['Gratitude for the opportunity', 'Insecurity about the outcome']",Mixed,Assertive,8,Career (Public Speaking)
"As I hugged my parents goodbye before leaving for college, I felt a wave of pride and sadness. I was proud of how far I had come, but leaving them behind brought a sense of loneliness, knowing that this new chapter of life would change our dynamic forever.",Pride,"['Sadness', 'Loneliness']","['Appreciation for their support', 'Fear of change']",Mixed,Reflective,9,Family (Separation)
"As I completed the marathon, a mix of exhaustion and triumph flooded my senses. While I was proud of what I had achieved, there was a lingering fear that the physical and emotional toll would make it harder to push myself to this level again.",Triumph,"['Exhaustion', 'Fear']","['Satisfaction from achieving a goal', 'Apprehension about future challenges']",Mixed,Assertive,9,Achievement (Sports)
"After hearing about my childhood home being sold, I felt a profound sense of loss. It was more than just the place—it was the memories, the moments, the people. But alongside that grief, there was also a sense of acceptance, knowing that this was a necessary step forward.",Grief,"['Loss', 'Acceptance']","['Appreciation for the memories', 'Sadness about change']",Mixed,Reflective,8,Memory (Home)
"The first time I saw my child walk, the overwhelming joy I felt was mixed with a quiet anxiety. As much as I celebrated this milestone, I knew that with every step they took, the responsibility of guiding them through life grew heavier.",Joy,"['Pride', 'Anxiety']","['Gratitude for their growth', 'Fear of future challenges']",Mixed,Supportive,10,Family (Parenthood)
"When I finally finished my first novel, I was filled with pride and relief. But as I read through the pages one last time, a voice in my head whispered doubts—was it truly good enough, or was it just an exercise in vanity?",Pride,"['Relief', 'Doubt']","['Satisfaction with completion', 'Insecurity about the value of the work']",Mixed,Conflicted,9,Creativity (Writing)
"As I sat in the quiet of the evening, I felt an overwhelming sense of serenity. The world outside was busy, but in that moment, I felt connected to something larger. Yet, there was a lingering sadness, knowing that this peace would eventually end.",Serenity,"['Sadness', 'Appreciation']","['Gratitude for the moment', 'Fear of losing this tranquility']",Mixed,Reflective,8,Self-Reflection (Peace)
"When I received a surprise gift from a friend, I felt a rush of joy and gratitude. But as I thought about it more, there was also a sense of guilt, wondering if I deserved it or if I had done enough to show them my appreciation.",Joy,"['Gratitude', 'Guilt']","['Happiness from generosity', 'Insecurity about deserving kindness']",Mixed,Supportive,8,Relationships (Gift)
"When I saw the first snowfall of the season, I felt an overwhelming sense of peace and wonder. But beneath that serenity was a lingering sadness, knowing that the winter months would bring their own set of challenges and isolation.",Wonder,"['Sadness', 'Peace']","[""Appreciation for nature's beauty"", 'Grief about seasonal changes']",Mixed,Reflective,9,Nature (Seasonal Changes)
"The moment I received my first paycheck, I felt a rush of excitement and accomplishment. But that pride quickly gave way to a quiet worry about how long I could sustain this level of success and whether I was truly making a difference.",Excitement,"['Pride', 'Worry']","['Gratitude for earning', 'Insecurity about long-term fulfillment']",Mixed,Conflicted,8,Career (First Job)
"As I sat by my father's bedside, holding his hand, I was filled with a deep sense of love and sorrow. The love for the man who had shaped my life was undeniable, but the sorrow of knowing that our time together was limited brought tears to my eyes.",Love,"['Sorrow', 'Gratitude']","['Appreciation for the bond', 'Fear of losing him']",Mixed,Supportive,10,Family (End-of-Life)
"When I moved to a new city, I was excited about the possibilities, but the overwhelming sense of loneliness hit me as soon as I realized how far I was from the familiar faces and places I had known my whole life.",Excitement,"['Loneliness', 'Anticipation']","['Hope for new opportunities', 'Fear of being disconnected']",Mixed,Conflicted,8,Personal Growth (Relocation)
"When my mentor passed away, I felt an immense sense of loss, but there was also a sense of pride in the knowledge that I had learned so much from them. Their guidance had shaped me, and though they were gone, their lessons would stay with me forever.",Grief,"['Pride', 'Sadness']","['Appreciation for their impact', 'Regret about unspoken words']",Mixed,Reflective,10,Loss (Mentorship)
"The night before my wedding, I felt a blend of excitement and fear. The excitement of starting a new chapter with the love of my life was palpable, but there was also an underlying fear about whether I was truly ready for such a significant commitment.",Excitement,"['Fear', 'Joy']","['Appreciation for the partnership', 'Insecurity about the future']",Mixed,Conflicted,9,Relationships (Marriage)
"As I reached the final page of the novel I had been reading, I felt an overwhelming sense of nostalgia and satisfaction. The journey had been long, but it was over now, and though I felt fulfilled, I also mourned the end of the adventure.",Satisfaction,"['Nostalgia', 'Sadness']","['Gratitude for the experience', 'Regret about the end of the story']",Mixed,Reflective,8,Creativity (Literature)
"When I finally took the step to start my own business, I was filled with a mixture of pride and fear. Pride for taking such a big leap, but fear of failure and the uncertainty of whether I would be able to succeed on my own.",Pride,"['Fear', 'Excitement']","['Confidence in the decision', 'Apprehension about the future']",Mixed,Assertive,9,Career (Entrepreneurship)
"As I visited my childhood home for the first time in years, a wave of nostalgia and warmth enveloped me. Yet, beneath that warmth, there was a deep sadness about how much had changed, both in the house and in myself.",Nostalgia,"['Sadness', 'Gratitude']","['Reflection on the passage of time', 'Regret about lost moments']",Mixed,Reflective,8,Memory (Homecoming)
"The day I gave my first public performance, I felt a surge of excitement, but it was tempered by an overwhelming fear of failure. The applause was a relief, but a small voice inside me wondered if I had truly done my best or if I was just lucky.",Excitement,"['Fear', 'Relief']","['Pride from achievement', 'Doubt about personal ability']",Mixed,Assertive,9,Creativity (Public Performance)
"When I finally completed the marathon, I was overwhelmed with a rush of pride and joy. But that joy quickly turned to doubt as I questioned whether I could continue pushing myself to reach even greater heights in the future.",Pride,"['Joy', 'Doubt']","['Gratitude for the accomplishment', 'Fear of plateauing']",Mixed,Conflicted,9,Achievement (Sports)
"As I prepared to leave home for the first time, excitement and anticipation filled my heart. Yet, beneath those emotions was a deep sadness, knowing that I was stepping into the unknown, leaving behind everything that had been familiar to me.",Excitement,"['Sadness', 'Anticipation']","['Hope for new experiences', 'Fear of change']",Mixed,Conflicted,8,Personal Growth (Relocation)
"As I watched my best friend get married, I was overwhelmed with happiness for them. But there was also a quiet pang of sorrow, as it marked the end of an era in our friendship, and I couldn't help but wonder how things would change between us.",Happiness,"['Sadness', 'Gratitude']","['Pride in their happiness', 'Fear of losing connection']",Mixed,Supportive,8,Relationships (Marriage)
"The moment I became a parent, a surge of love and overwhelming responsibility flooded my heart. While I was elated to meet my child, there was also an undeniable fear of whether I would be a good enough parent to guide them through life.",Love,"['Responsibility', 'Fear']","['Gratitude for the new life', 'Anxiety about parenting']",Mixed,Supportive,10,Family (Parenthood)
"When I received the news about the environmental crisis, a deep sense of helplessness overcame me. However, as I saw the collective effort to make a change, a glimmer of hope emerged, reminding me that action, no matter how small, can make a difference.",Helplessness,"['Hope', 'Sadness']","['Frustration with the situation', 'Pride in collective effort']",Mixed,Supportive,8,Society (Environmental Crisis)
"As I moved into my new apartment, I was filled with excitement and pride for starting this new chapter of my life. But there was also an underlying loneliness, as I realized that the comfort of home was no longer as easily accessible as before.",Excitement,"['Loneliness', 'Anticipation']","['Hope for the future', 'Nostalgia for the past']",Mixed,Conflicted,8,Personal Growth (Independence)
"When I saw the old family home for the last time, a wave of nostalgia and sadness enveloped me. The memories were bittersweet, and while I appreciated the time spent there, it was clear that moving forward was necessary for growth.",Nostalgia,"['Sadness', 'Acceptance']","['Reflection on past memories', 'Reluctance to leave the familiar']",Mixed,Reflective,9,Memory (Home)
"After hearing the news of my childhood mentor’s passing, I was consumed by grief. But within that grief was a sense of gratitude for their teachings, as I realized that their influence would continue to shape my life, even in their absence.",Grief,"['Sadness', 'Gratitude']","['Appreciation for their impact', 'Regret for unspoken words']",Mixed,Reflective,10,Loss (Mentorship)
"The first time I held my newborn daughter, a wave of love and pride washed over me. Yet, beneath those emotions was a deep fear of the responsibility ahead. What if I made mistakes? What if I wasn't the parent she deserved?",Love,"['Pride', 'Fear']","['Gratitude for new life', 'Anxiety about the future']",Mixed,Supportive,10,Family (Parenthood)
"As I reached the peak of my career, a sense of pride and accomplishment filled me. But alongside that pride was a gnawing feeling of uncertainty. Could I maintain this success, or was this the pinnacle of my abilities?",Pride,"['Uncertainty', 'Satisfaction']","['Gratitude for the journey', 'Fear of future failure']",Mixed,Assertive,9,Career (Achievement)
"When I visited the place where I grew up, I was flooded with a sense of nostalgia for the simpler times. But there was also a tinge of regret, knowing that the people and places I once held dear had changed, and that I had moved on in ways I hadn’t expected.",Nostalgia,"['Regret', 'Gratitude']","['Reflection on growth', 'Sadness about lost connections']",Mixed,Reflective,9,Memory (Childhood)
"I shared my latest project with my mentor today, unsure if it would meet their standards. When they responded with encouragement and actionable feedback, I felt both relieved and motivated to do even better.",Apprehension,"['Relief', 'Gratitude']","['Pride in seeking growth', 'Determination to excel']",Mixed,Encouraging,6,Education
"Looking at the horizon during sunset, I was filled with a profound sense of peace, yet also a pang of sadness, as if saying goodbye to a fleeting moment I knew I couldn’t hold onto.",Bittersweetness,"['Serenity', 'Melancholy']","['Gratitude for beauty', 'Acceptance of impermanence']",Mixed,Reflective,7,Nature
"When I confronted my friend about their dishonesty, I felt a wave of anger and disappointment, but also an underlying hope that this could lead to a deeper understanding between us.",Anger,"['Disappointment', 'Hope']","['Fear of losing trust', 'Commitment to resolve']",Ambiguous,Assertive,8,Relationships
"Scrolling through photos of my childhood, I felt a warm nostalgia mixed with an ache for the simplicity and innocence that feels so far away now.",Nostalgia,"['Joy', 'Sadness']","['Gratitude for memories', 'Longing for the past']",Mixed,Contemplative,9,Family
"The final moments of the concert left me speechless. The raw talent and energy of the performers stirred something deep within me, leaving me in awe and a strange longing for more.",Amazement,"['Gratitude', 'Desire']","['Admiration for creativity', 'Anticipation for future experiences']",Positive,Reverent,10,Entertainment
"After months of preparation, stepping onto the stage felt surreal. I was nervous, but the moment the audience clapped, a wave of confidence and pride washed over me, mingling with a humble gratitude for their support.",Pride,"['Nervousness', 'Gratitude']","['Respect for audience encouragement', 'Fulfillment from personal effort']",Positive,Empowering,8,Achievement
"Seeing an old friend after years apart, we laughed about shared memories, but beneath the joy was a poignant sadness for the time we had lost.",Joy,"['Nostalgia', 'Bittersweetness']","['Appreciation for reconnection', 'Regret about missed opportunities']",Mixed,Reflective,7,Friendship
"As I watched the news unfold, my heart sank with disbelief and a profound anger at the injustice, but it fueled a determination to take action and make a difference.",Anger,"['Disbelief', 'Determination']","['Empathy for those affected', 'Hope for change']",Ambiguous,Activating,9,Society
"The stillness of the forest at dawn was both calming and eerie, as if the world held its breath, offering peace yet reminding me of the unknown beyond the trees.",Serenity,"['Apprehension', 'Wonder']","[""Gratitude for nature's beauty"", 'Curiosity about its mysteries']",Mixed,Contemplative,6,Nature
"When my sibling apologized for the argument, their vulnerability struck a chord. I felt a blend of forgiveness, love, and a twinge of guilt for not mending things sooner.",Forgiveness,"['Love', 'Guilt']","['Relief from reconciliation', 'Commitment to improving the relationship']",Positive,Supportive,7,Family
"Reading through the rejection email, I felt a sharp sting of disappointment. Yet, within the discouragement was a flicker of hope, a belief that this was just a step toward something better.",Disappointment,"['Hope', 'Determination']","['Self-respect for resilience', 'Optimism for future opportunities']",Ambiguous,Encouraging,6,Career
"The intricate painting left me mesmerized, its colors and patterns speaking emotions I couldn’t quite name—a mix of awe, joy, and something profoundly melancholic.",Amazement,"['Joy', 'Melancholy']","['Respect for artistic depth', 'Inspiration to explore creativity']",Mixed,Reverent,9,Art
"As I closed the final chapter of the novel, I felt an aching emptiness mingled with a quiet satisfaction, as if saying goodbye to a dear friend while holding onto the wisdom they had shared.",Bittersweetness,"['Contentment', 'Gratitude']","['Appreciation for storytelling', 'Longing for more experiences']",Mixed,Reflective,8,Entertainment
"When my colleague celebrated my promotion with genuine excitement, I felt a surge of pride tempered by a humbling sense of responsibility to live up to their expectations.",Pride,"['Gratitude', 'Apprehension']","['Motivation to excel', 'Respect for mutual support']",Positive,Empowering,7,Career
"I stared at the blank canvas, frustration building with every moment of doubt, but somewhere within, a flicker of inspiration reminded me why I began creating in the first place.",Frustration,"['Hope', 'Determination']","['Self-awareness of artistic struggles', 'Renewal of creative purpose']",Ambiguous,Encouraging,6,Art
"During our conversation, my friend’s voice cracked as they opened up about their struggles. I felt an overwhelming compassion, mixed with a quiet sadness for the pain they carried in silence.",Compassion,"['Sadness', 'Empathy']","['Respect for their vulnerability', 'Commitment to support']",Mixed,Supportive,9,Relationships
"Walking through the abandoned library, the scent of old pages and the quiet decay spoke of forgotten stories and lives, evoking a mix of awe and sorrow for the passage of time.",Nostalgia,"['Amazement', 'Sadness']","['Gratitude for the history preserved', 'Regret for what’s been lost']",Mixed,Contemplative,8,History
"The first snowfall of the year transformed the world into a pristine wonderland, filling me with a childlike joy and a peaceful awe at nature’s beauty.",Joy,"['Serenity', 'Amazement']","['Gratitude for simple wonders', 'Reverence for nature']",Positive,Playful,7,Nature
"When the group leader recognized my efforts, I felt a quiet sense of pride, but it was paired with a momentary discomfort, unsure if I truly deserved the acknowledgment.",Pride,"['Gratitude', 'Self-Doubt']","['Reflection on personal worth', 'Motivation to improve further']",Mixed,Humble,6,Collaboration
"As the music swelled, my heart felt as if it was breaking and healing at the same time, the melody carrying a profound sense of loss and the quiet hope of renewal.",Melancholy,"['Hope', 'Serenity']","['Gratitude for emotional catharsis', 'Admiration for artistic depth']",Mixed,Reverent,9,Music
"When the long-awaited package finally arrived, I felt a surge of excitement, but opening it revealed an unexpected error, leaving me balancing joy with a hint of disappointment.",Surprise,"['Excitement', 'Disappointment']","['Appreciation for anticipation', 'Frustration at unmet expectations']",Ambiguous,Playful,6,Everyday Life
"Standing in the ruins of the ancient temple, I felt an overwhelming connection to the past, a reverent awe tinged with sadness for the stories lost to time.",Amazement,"['Sadness', 'Gratitude']","['Respect for historical legacy', 'Longing to preserve the past']",Mixed,Contemplative,8,History
"When my team successfully delivered the project ahead of schedule, I felt an exhilarating pride, coupled with relief and deep appreciation for their hard work.",Pride,"['Relief', 'Gratitude']","['Respect for teamwork', 'Commitment to celebrate success']",Positive,Empowering,7,Career
"Seeing the handwritten letter from an old friend, I was struck by a wave of nostalgia, the warmth of their words balanced with an ache for the distance between us.",Nostalgia,"['Love', 'Bittersweetness']","['Gratitude for enduring bonds', 'Regret for time apart']",Mixed,Supportive,8,Friendship
"Walking through the bustling marketplace, I felt alive with curiosity, each vibrant stall and new scent stirring a sense of wonder and anticipation for what I might discover.",Curiosity,"['Joy', 'Excitement']","['Gratitude for exploration', 'Happiness in novelty']",Positive,Enthusiastic,7,Travel
"When my apology was met with kindness, I felt both relieved and humbled, vowing to ensure that I never repeated the mistake again.",Relief,"['Gratitude', 'Determination']","['Respect for forgiveness', 'Commitment to personal growth']",Positive,Apologetic,6,Relationships
"As the rain poured outside, I felt a serene calm, the rhythmic sound against the window soothing my racing thoughts and bringing a gentle clarity.",Serenity,"['Gratitude', 'Contentment']","[""Respect for nature's simplicity"", 'Awareness of present peace']",Positive,Soothing,5,Nature
"Watching my child take their first steps, I was overwhelmed by a mix of joy and fear—pride in their growth and a quiet anxiety about the challenges they’ll face.",Joy,"['Pride', 'Anxiety']","['Gratitude for milestones', 'Protectiveness for their future']",Mixed,Encouraging,8,Parenthood
"After a long day, collapsing into bed brought a deep sense of relief, but also a tinge of guilt for the tasks I left unfinished.",Relief,"['Contentment', 'Guilt']","['Self-awareness of priorities', 'Acceptance of imperfection']",Mixed,Contemplative,6,Self-Care
"Standing at the edge of the cliff, the vast expanse of the ocean below filled me with awe, a thrilling reminder of how small yet connected I felt to the universe.",Amazement,"['Serenity', 'Fear']","['Gratitude for natural beauty', 'Humility in the face of enormity']",Mixed,Reflective,9,Nature
"When my coworker took credit for my idea in the meeting, I felt a surge of frustration and betrayal, but I held onto a quiet determination to prove my worth.",Frustration,"['Betrayal', 'Determination']","['Confidence in self-advocacy', 'Respect for professionalism']",Ambiguous,Assertive,7,Career
"Flipping through the pages of my grandparents’ photo album, I felt an overwhelming love for the legacy they left behind, mixed with a bittersweet sadness for the moments I couldn’t share with them.",Love,"['Nostalgia', 'Sadness']","['Gratitude for family history', 'Longing for connection']",Mixed,Supportive,9,Family
"The audience’s applause rang out as the curtain closed, but while I smiled outwardly, I wrestled with a quiet self-doubt about whether I truly deserved the recognition.",Pride,"['Gratitude', 'Self-Doubt']","['Awareness of internal conflict', 'Motivation for continued growth']",Mixed,Humble,7,Performance
"The sudden kindness of a stranger who helped me carry my groceries reminded me of the goodness in people, filling me with a mix of gratitude and a fleeting sadness for how rare such moments feel.",Gratitude,"['Hope', 'Sadness']","['Respect for altruism', 'Reflection on societal dynamics']",Mixed,Empathetic,7,Community
"As the night wore on and we sat around the campfire, the crackling flames seemed to echo our laughter and stories, weaving a profound sense of belonging and warmth.",Contentment,"['Joy', 'Nostalgia']","['Gratitude for shared moments', 'Reverence for connection']",Positive,Encouraging,8,Friendship
"Reading the rejection letter, I felt a sharp sting of failure, but it was quickly replaced by a resolve to refine my craft and try again.",Disappointment,"['Determination', 'Hope']","['Respect for perseverance', 'Belief in personal growth']",Ambiguous,Encouraging,6,Career
"The soft hum of the city at night, with its distant lights and muted activity, enveloped me in a peaceful solitude, balanced with a longing for someone to share the quiet with.",Serenity,"['Loneliness', 'Gratitude']","['Respect for moments of introspection', 'Awareness of human connection']",Mixed,Contemplative,7,Self-Reflection
"As the final moments of the movie unfolded, I felt a deep sadness mixed with admiration for the characters' sacrifices, a story that left me both emotionally drained and profoundly inspired.",Sadness,"['Admiration', 'Inspiration']","['Gratitude for impactful storytelling', 'Reflection on themes of resilience']",Mixed,Reflective,9,Entertainment
"When my friend remembered an obscure detail about my childhood, I felt a warm sense of connection, tinged with surprise and a renewed appreciation for their thoughtfulness.",Gratitude,"['Surprise', 'Connection']","['Awareness of shared history', 'Respect for attentiveness']",Positive,Supportive,7,Friendship
"The first time I saw the Milky Way stretching across the night sky, I was struck by an overwhelming awe, paired with a humbling awareness of how small I am in the grand scale of the universe.",Amazement,"['Humility', 'Serenity']","['Gratitude for cosmic beauty', 'Curiosity about the universe']",Positive,Reverent,10,Nature
"When I admitted my mistake to the team, I felt a sharp vulnerability, softened only by their kindness and constructive feedback, which left me determined to improve.",Vulnerability,"['Relief', 'Determination']","['Respect for collective trust', 'Motivation to learn']",Mixed,Humble,8,Collaboration
"Walking through the quiet halls of the art gallery, I was enveloped by a deep sense of peace, each painting telling stories that whispered both joy and sorrow in equal measure.",Serenity,"['Joy', 'Melancholy']","['Gratitude for artistic expression', 'Reflection on human experiences']",Mixed,Contemplative,8,Art
"When the storm knocked out the power, leaving the house in silence, I felt a strange mix of unease and fascination, as though the world itself had taken a pause to breathe.",Apprehension,"['Wonder', 'Curiosity']","['Gratitude for stillness', 'Awareness of nature’s power']",Mixed,Curious,6,Nature
"As I read through the heartfelt note my partner left for me, I felt a surge of love so pure that it left me both elated and deeply aware of the fragility of moments like these.",Love,"['Joy', 'Bittersweetness']","['Gratitude for intimacy', 'Desire to cherish the present']",Positive,Affectionate,9,Relationships
"Seeing the empty chair at the family dinner, I was overcome with a profound sadness, but also a quiet gratitude for the memories of laughter and love that once filled the room.",Grief,"['Nostalgia', 'Gratitude']","['Respect for legacy', 'Acceptance of loss']",Mixed,Supportive,9,Family
"As the marathon reached its final stretch, every step burned with exhaustion, but an overwhelming pride and determination pushed me to cross the finish line.",Determination,"['Exhaustion', 'Pride']","['Admiration for perseverance', 'Gratitude for inner strength']",Positive,Motivational,8,Achievement
"When the stranger smiled at me in passing, it was a small gesture that unexpectedly lifted my mood, reminding me of the quiet beauty in simple human connections.",Joy,"['Gratitude', 'Hope']","['Respect for kindness', 'Awareness of shared humanity']",Positive,Encouraging,6,Community
"As I completed the painting, the vibrant colors reflected the joy I felt within—a triumph of creativity that had brought life to my vision.",Joy,"['Satisfaction', 'Pride']","['Gratitude for inspiration', 'Admiration for the creative process']",Positive,Empowering,9,Art
"Receiving yet another rejection letter, I felt a heavy sadness, compounded by a creeping doubt about my abilities and the path I had chosen.",Sadness,"['Disappointment', 'Self-Doubt']","['Frustration with limitations', 'Determination to persevere']",Negative,Supportive,8,Career
"The quiet hum of the air conditioner filled the room as I sat at my desk, neither thrilled nor dissatisfied, simply existing in the moment with a sense of detached clarity.",Neutrality,"['Contentment', 'Ambivalence']","['Awareness of emotional stability', 'Respect for simplicity']",Neutral,Objective,4,Everyday Life
"As the team discussed the project’s challenges, I couldn’t shake a sense of ambiguity—caught between feeling hopeful for progress and apprehensive about looming risks.",Apprehension,"['Hope', 'Frustration']","['Respect for the process', 'Determination to clarify uncertainties']",Ambiguous,Analytical,6,Collaboration
"When the café barista remembered my name and favorite order, I felt a surprising warmth—a small act that made me feel noticed in an often impersonal world.",Gratitude,"['Joy', 'Connection']","['Awareness of human kindness', 'Reflection on small gestures']",Positive,Affectionate,5,Community
"The sharp tone of the email left me feeling slighted, yet unsure if I was overreacting or simply picking up on an underlying tension.",Frustration,"['Confusion', 'Irritation']","['Awareness of communication dynamics', 'Commitment to resolve the misunderstanding']",Ambiguous,Conflicted,6,Workplace
"When the storm passed, leaving a brilliant double rainbow in its wake, I was overcome with awe at the beauty of nature’s ability to transform destruction into wonder.",Amazement,"['Relief', 'Gratitude']","['Respect for resilience', 'Awareness of nature’s power']",Mixed,Reflective,8,Nature
"After the heated argument with my friend, I felt a complex mixture of anger at their words, regret for my own, and hope that we could reconcile soon.",Anger,"['Regret', 'Hope']","['Awareness of relationship value', 'Commitment to repair trust']",Mixed,Conflicted,7,Relationships
"As I read the news of the humanitarian crisis, I felt a deep sadness mixed with an urgency to take action, yet a helplessness about where to even begin.",Sadness,"['Empathy', 'Frustration']","['Commitment to advocate for change', 'Respect for resilience in hardship']",Negative,Activating,9,Society
"Sitting in the empty auditorium after the performance, I was neither elated nor disappointed—just at peace with the effort we had poured into the show.",Contentment,"['Relief', 'Neutrality']","['Respect for teamwork', 'Gratitude for the experience']",Neutral,Objective,5,Performance
"The moment I saw the old letter tucked away in the attic, I felt a bittersweet mix of joy at rediscovering a forgotten memory and sadness for how distant that time now feels.",Nostalgia,"['Joy', 'Sadness']","['Gratitude for the memory', 'Regret for the lost connection']",Mixed,Reflective,8,Family
"As I helped the lost child find their parents, their relieved smile filled me with warmth and a quiet pride in being able to make a small difference.",Gratitude,"['Relief', 'Pride']","['Awareness of shared humanity', 'Commitment to helping others']",Positive,Empathetic,7,Community
"Walking into the bustling marketplace alone, I felt an uncomfortable mix of excitement at exploring new surroundings and unease at being far from the familiar.",Apprehension,"['Excitement', 'Curiosity']","['Awareness of personal growth', 'Respect for novelty']",Ambiguous,Curious,6,Travel
"The sharp criticism from my supervisor stung deeply, leaving me doubting my skills, yet determined to turn the feedback into an opportunity for growth.",Disappointment,"['Self-Doubt', 'Determination']","['Respect for constructive feedback', 'Motivation to improve']",Negative,Encouraging,7,Career
"As the rain poured outside, my thoughts wandered, neither burdened by stress nor alight with joy, just drifting in a peaceful, neutral rhythm.",Neutrality,"['Contentment', 'Ambivalence']","['Awareness of emotional stillness', 'Acceptance of the moment']",Neutral,Objective,4,Self-Reflection
"When my best friend told me about their promotion, I felt a burst of happiness for them, followed by a quiet, unspoken envy at their success.",Happiness,"['Pride', 'Envy']","['Gratitude for their achievements', 'Awareness of personal insecurities']",Ambiguous,Supportive,6,Friendship
"The futuristic exhibit at the museum left me awestruck, yet beneath the wonder was a subtle unease about the rapid pace of technological change.",Amazement,"['Curiosity', 'Apprehension']","['Gratitude for innovation', 'Reflection on societal shifts']",Mixed,Analytical,8,Science
"After waiting weeks for the new gadget, opening the box revealed it was defective, leaving me with a wave of frustration and a lingering hope for a quick resolution.",Frustration,"['Disappointment', 'Hope']","['Awareness of expectation management', 'Respect for solutions']",Mixed,Supportive,6,Technology
"The room fell silent as the speaker shared their story of overcoming adversity, leaving me deeply moved, inspired by their resilience, and humbled by their strength.",Admiration,"['Inspiration', 'Humility']","['Respect for human courage', 'Gratitude for perspective']",Positive,Empowering,9,Motivation
"As the clock struck midnight on New Year’s Eve, I felt a wave of optimism for the future, tempered by a lingering sadness for the moments and people left behind in the past year.",Hope,"['Nostalgia', 'Bittersweetness']","['Gratitude for resilience', 'Commitment to new beginnings']",Mixed,Encouraging,7,Transition
"As I placed the final piece in the puzzle, a wave of quiet satisfaction settled over me, a small yet meaningful victory in an otherwise uneventful day.",Contentment,"['Relief', 'Pride']","['Gratitude for perseverance', 'Respect for simple joys']",Positive,Encouraging,5,Leisure
"When my carefully planned presentation was interrupted by technical issues, I felt an immediate frustration, mixed with a rising determination to adapt and salvage the moment.",Frustration,"['Anxiety', 'Determination']","['Respect for resilience', 'Commitment to problem-solving']",Mixed,Analytical,7,Career
"Walking through the remnants of the burned forest, the blackened trees whispered stories of loss, leaving me deeply saddened, yet inspired by the small green shoots of new life pushing through the ash.",Sadness,"['Amazement', 'Hope']","['Reflection on resilience in nature', 'Gratitude for renewal']",Mixed,Reflective,9,Nature
"As the politician dodged yet another critical question, I felt a simmering anger, accompanied by a quiet resignation that meaningful answers might never come.",Anger,"['Frustration', 'Disappointment']","['Awareness of systemic flaws', 'Commitment to advocacy']",Negative,Conflicted,8,Society
"Sitting on the empty train platform, I felt neither rushed nor bored—just a neutral stillness, the rhythm of distant footsteps blending into the quiet hum of the evening.",Neutrality,"['Serenity', 'Ambivalence']","['Awareness of peaceful detachment', 'Gratitude for the pause']",Neutral,Objective,4,Everyday Life
"When my mentor praised my work but pointed out areas for improvement, I felt a balance of pride in my efforts and a determination to rise to the challenge.",Pride,"['Gratitude', 'Determination']","['Respect for constructive feedback', 'Commitment to growth']",Positive,Motivational,7,Education
"As the actor fumbled their lines during the play, I felt a mix of secondhand embarrassment and admiration for their ability to recover with grace.",Embarrassment,"['Admiration', 'Relief']","['Respect for professionalism', 'Awareness of shared humanity']",Ambiguous,Supportive,6,Performance
"When the kind stranger paid for my coffee after my card declined, I felt a flood of gratitude mixed with a touch of discomfort at not being able to repay their generosity.",Gratitude,"['Relief', 'Discomfort']","['Awareness of altruism', 'Reflection on societal kindness']",Mixed,Empathetic,7,Community
"As I looked at the old photograph of my childhood pet, I felt a bittersweet nostalgia, a warmth for the joyful memories and an ache for the days that could never return.",Nostalgia,"['Sadness', 'Joy']","['Gratitude for shared moments', 'Reflection on time’s passage']",Mixed,Reflective,8,Family
"As the final seconds of the match ticked away, I felt a surge of exhilaration at our impending victory, mingled with an anxious awareness of how close we had come to losing.",Excitement,"['Relief', 'Anxiety']","['Gratitude for teamwork', 'Respect for the challenge']",Positive,Encouraging,9,Sports
"After hearing about the significant changes at work, I felt a swirling ambiguity—equal parts optimism for the new direction and unease about potential disruptions.",Uncertainty,"['Hope', 'Apprehension']","['Awareness of transition', 'Commitment to adaptability']",Ambiguous,Analytical,6,Workplace
"Standing in the middle of the festival crowd, surrounded by music and laughter, I felt a pure, unbridled joy, a rare moment of connection with life’s vibrancy.",Joy,"['Connection', 'Gratitude']","['Respect for shared happiness', 'Awareness of the present']",Positive,Uplifting,9,Celebration
"As the first snowflakes of the season fell, I felt a serene joy, tempered by a quiet awareness of the fleeting nature of such perfect moments.",Serenity,"['Joy', 'Bittersweetness']","['Gratitude for beauty', 'Reflection on impermanence']",Mixed,Contemplative,7,Nature
"When the charity announced that our small donation helped fund a life-saving operation, I felt an overwhelming pride in our collective effort, mixed with humility at how little it took to make such a difference.",Pride,"['Gratitude', 'Humility']","['Respect for altruism', 'Awareness of collective impact']",Positive,Empowering,8,Community
"Seeing the glowing reviews of my work was exhilarating, but it also left me with an unsettling pressure to maintain that standard in the future.",Excitement,"['Pride', 'Anxiety']","['Gratitude for recognition', 'Awareness of self-expectation']",Ambiguous,Motivational,8,Career
"As the volunteer recounted their harrowing rescue story, I felt a deep sadness for what they had endured, paired with a growing admiration for their courage and resilience.",Sadness,"['Admiration', 'Empathy']","['Gratitude for bravery', 'Reflection on human strength']",Mixed,Supportive,9,Humanitarian
"When the last box was packed, leaving the apartment felt surreal—neither sad nor joyful, just a quiet neutrality as I closed the chapter on years of memories.",Neutrality,"['Contentment', 'Ambivalence']","['Acceptance of change', ""Reflection on time's passage""]",Neutral,Objective,5,Transition
"The applause at the end of my speech was gratifying, but I couldn’t shake a lingering self-doubt about whether I truly deserved their praise.",Pride,"['Gratitude', 'Self-Doubt']","['Awareness of internal conflict', 'Commitment to self-growth']",Ambiguous,Humble,7,Performance
"As the doctor explained the treatment options, I felt a blend of apprehension at the risks and cautious hope for a brighter outcome ahead.",Apprehension,"['Hope', 'Relief']","['Respect for expertise', 'Commitment to resilience']",Ambiguous,Reassuring,6,Health
"The final note of the symphony lingered in the air, leaving me spellbound, a mix of awe at its beauty and a quiet sadness that the experience had ended.",Amazement,"['Sadness', 'Gratitude']","['Reflection on art’s impermanence', 'Gratitude for the moment']",Mixed,Reverent,8,Music
"Walking through the vibrant market, I was filled with curiosity at the colorful stalls and exotic aromas, but there was also a tinge of overwhelm at the sheer sensory intensity.",Curiosity,"['Excitement', 'Apprehension']","['Gratitude for discovery', 'Respect for cultural diversity']",Ambiguous,Explorative,6,Travel
"As my child handed me the card they had made, I felt a pure, unfiltered joy, mixed with a bittersweet realization of how quickly they were growing up.",Joy,"['Bittersweetness', 'Love']","['Gratitude for their thoughtfulness', 'Reflection on time’s passage']",Mixed,Affectionate,9,Family
"When the unexpected promotion was announced, I felt a dizzying blend of elation at the recognition and apprehension about whether I could live up to the new responsibilities.",Excitement,"['Anxiety', 'Pride']","['Gratitude for opportunity', 'Commitment to growth']",Ambiguous,Motivational,8,Career
"As the lights of the city blinked below me from the airplane window, I felt a serene detachment—a quiet awareness of the vastness of the world and my small place within it.",Serenity,"['Humility', 'Curiosity']","['Gratitude for perspective', 'Reflection on interconnectedness']",Neutral,Contemplative,5,Travel
"As I walked into the quiet library, the smell of old books and the soft hum of distant whispers wrapped around me, filling me with a serene calm and a deep respect for the history contained within its walls.",Serenity,"['Gratitude', 'Reverence']","['Reflection on knowledge’s legacy', 'Awareness of time’s continuity']",Positive,Contemplative,7,Knowledge
"When my friend apologized for forgetting my birthday, I felt a moment of disappointment, softened by their genuine remorse and a renewed sense of connection in their effort to make amends.",Disappointment,"['Relief', 'Gratitude']","['Awareness of relational value', 'Commitment to forgiveness']",Mixed,Supportive,6,Friendship
"Standing on the edge of the canyon, the vast expanse below me evoked both awe at its grandeur and a small, lingering fear of the sheer height and unknown depths.",Amazement,"['Humility', 'Apprehension']","['Gratitude for natural wonders', 'Respect for nature’s power']",Ambiguous,Reflective,8,Nature
"When the team succeeded in securing the grant, a wave of relief washed over me, mingled with a deep pride in our collective effort and a quiet resolve to use the funds wisely.",Relief,"['Pride', 'Gratitude']","['Respect for teamwork', 'Commitment to responsibility']",Positive,Motivational,8,Career
"As the sunlight filtered through the stained glass, casting vivid colors on the stone floor, I felt a quiet awe, tinged with a bittersweet longing for something sacred I couldn’t quite name.",Amazement,"['Bittersweetness', 'Serenity']","['Reflection on spirituality', 'Gratitude for beauty']",Mixed,Reverent,9,Spirituality
"When the rejection email arrived, my initial sting of failure was slowly replaced by a determined resolve to refine my application and try again, knowing this was just one step on a larger journey.",Disappointment,"['Determination', 'Hope']","['Awareness of personal growth', 'Commitment to perseverance']",Ambiguous,Encouraging,7,Education
"Watching the bustling city from my small apartment window, I felt a quiet neutrality—neither overwhelmed nor excited, simply observing the rhythm of life moving beyond my own pace.",Neutrality,"['Contentment', 'Curiosity']","['Awareness of life’s balance', 'Respect for stillness']",Neutral,Objective,5,Urban Life
"As I listened to my mentor recount their failures before success, I felt a profound respect for their vulnerability and a growing inspiration to embrace challenges in my own path.",Admiration,"['Inspiration', 'Empathy']","['Gratitude for shared wisdom', 'Reflection on resilience']",Positive,Empowering,9,Mentorship
"The child’s laughter echoed through the playground, and for a brief moment, I felt a pure, unfiltered joy, accompanied by a bittersweet longing for the simplicity of my own childhood.",Joy,"['Bittersweetness', 'Nostalgia']","['Gratitude for innocent happiness', 'Reflection on life’s phases']",Mixed,Affectionate,8,Family
"As I stepped into the unfamiliar conference room, a ripple of anxiety passed through me, but it was paired with a growing determination to present my ideas confidently and make an impact.",Apprehension,"['Determination', 'Hope']","['Awareness of self-capability', 'Commitment to overcoming fears']",Ambiguous,Encouraging,7,Professional Development
"As the storm raged outside, I felt both awe at its power and a quiet comfort in the warmth of my home, a mix of respect for nature’s ferocity and gratitude for safety.",Amazement,"['Serenity', 'Gratitude']","['Reflection on contrasts in life', 'Respect for natural forces']",Mixed,Reflective,8,Nature
"As the farewell party wound down, I felt a bittersweet mix of gratitude for the connections I had made and sadness at leaving behind a chapter of my life that had shaped me.",Bittersweetness,"['Gratitude', 'Sadness']","['Reflection on life’s transitions', 'Commitment to honoring memories']",Mixed,Supportive,8,Relationships
"As I gazed at the photograph of my grandparents on their wedding day, I felt a profound sense of reverence for their love story, mixed with a quiet sadness for the passage of time and a gratitude for being part of their legacy.",Reverence,"['Sadness', 'Gratitude']","['Reflection on heritage', 'Respect for enduring love']",Mixed,Contemplative,8,Family
"When I received the email offering me the job, I felt a rush of excitement and pride, quickly tempered by a growing apprehension about the challenges ahead.",Excitement,"['Pride', 'Apprehension']","['Gratitude for opportunity', 'Commitment to growth']",Ambiguous,Motivational,8,Career
"Standing in the art gallery, the vivid brushstrokes of the painting seemed to leap off the canvas, leaving me in awe of the artist’s talent and a bittersweet longing for the creative spark I once had.",Amazement,"['Bittersweetness', 'Inspiration']","['Gratitude for artistic expression', 'Reflection on personal creativity']",Mixed,Reverent,9,Art
"As the teacher praised my work in front of the class, I felt a surge of pride, but it was accompanied by a small undercurrent of self-doubt about whether I could maintain that standard.",Pride,"['Gratitude', 'Self-Doubt']","['Reflection on self-worth', 'Commitment to self-improvement']",Ambiguous,Encouraging,7,Education
"The abandoned house stood silently against the backdrop of the setting sun, its broken windows and weathered walls whispering of lives once lived, leaving me with a sense of melancholy and a fascination for the stories it held.",Melancholy,"['Curiosity', 'Amazement']","['Reflection on impermanence', 'Respect for forgotten histories']",Mixed,Reflective,8,History
"As the long-distance train pulled away, I waved at my friend, feeling a bittersweet combination of gratitude for our time together and a growing sadness for the distance now between us.",Bittersweetness,"['Gratitude', 'Sadness']","['Reflection on meaningful connections', 'Commitment to maintaining the friendship']",Mixed,Supportive,7,Friendship
"When my idea was dismissed during the meeting, I felt a sharp frustration, tempered by a quiet determination to refine it and present it more convincingly next time.",Frustration,"['Determination', 'Hope']","['Respect for the process of growth', 'Commitment to innovation']",Ambiguous,Motivational,7,Workplace
"The old melody played softly in the background, and I felt a deep nostalgia for the carefree days of my childhood, mingled with a subtle joy for the memories that still felt alive.",Nostalgia,"['Joy', 'Bittersweetness']","['Gratitude for the past', 'Reflection on life’s transitions']",Mixed,Contemplative,8,Music
"As the stranger stopped to help me with my flat tire, I felt a warm gratitude for their kindness and a quiet hope that such gestures could ripple outward into the world.",Gratitude,"['Hope', 'Relief']","['Awareness of shared humanity', 'Reflection on the power of small actions']",Positive,Empathetic,7,Community
"The campfire crackled under the starry sky, and as my friends laughed and shared stories, I felt a deep contentment, mingled with a quiet awareness of how fleeting these moments truly are.",Contentment,"['Gratitude', 'Bittersweetness']","['Reflection on connection', 'Gratitude for shared joy']",Mixed,Affectionate,8,Friendship
"The loss of the championship was devastating, but beneath the disappointment, I felt a spark of pride for how far our team had come and a determination to return stronger next season.",Disappointment,"['Pride', 'Determination']","['Reflection on growth through failure', 'Commitment to perseverance']",Mixed,Encouraging,8,Sports
"As I watched the elderly man feed the stray cat outside the café, I felt a quiet warmth, a mix of gratitude for small acts of kindness and a gentle sadness for the loneliness that might have drawn them both together.",Gratitude,"['Compassion', 'Sadness']","['Reflection on shared vulnerability', 'Respect for human kindness']",Mixed,Empathetic,8,Community
"When the storm passed and the sunlight poured through the clouds, illuminating the rain-soaked earth, I felt an almost spiritual awe, as if nature itself had orchestrated a moment of rebirth.",Amazement,"['Relief', 'Serenity']","['Gratitude for resilience', 'Reflection on life’s cyclical nature']",Positive,Reverent,9,Nature
"Hearing the unfamiliar melody, I felt a surge of curiosity at its complex rhythm, but there was also an underlying frustration at my inability to recognize its cultural origin.",Curiosity,"['Frustration', 'Respect']","['Awareness of cultural diversity', 'Commitment to learning']",Ambiguous,Explorative,6,Music
"As I closed the novel I’d spent weeks reading, I was overwhelmed by a bittersweet mix of satisfaction at its resolution and a quiet ache for the characters I felt I had to say goodbye to.",Bittersweetness,"['Gratitude', 'Melancholy']","['Reflection on the power of storytelling', 'Awareness of emotional attachment']",Mixed,Contemplative,9,Entertainment
"When the neighborhood children invited me to join their impromptu soccer game, I felt a pure and playful joy, balanced by a quiet nostalgia for my own carefree days.",Joy,"['Connection', 'Nostalgia']","['Gratitude for community spirit', 'Reflection on life’s simple pleasures']",Positive,Affectionate,7,Play
"After finally getting through to the customer service representative, I felt a wave of relief, tempered by frustration at the hours of waiting it had taken to resolve the issue.",Relief,"['Frustration', 'Gratitude']","['Awareness of persistence', 'Reflection on system inefficiencies']",Mixed,Supportive,6,Everyday Life
"As I packed the old sweater my mother had knitted into the donation box, I felt a strange mix of guilt for letting it go and gratitude for the love woven into its threads.",Guilt,"['Gratitude', 'Nostalgia']","['Reflection on the impermanence of objects', 'Respect for sentimental value']",Mixed,Reflective,8,Family
"Walking into the empty classroom where I once taught, I felt a heavy sadness for the lives I had impacted but no longer touched, balanced by a quiet pride in the memories of lessons shared.",Sadness,"['Pride', 'Nostalgia']","['Gratitude for meaningful connections', 'Reflection on the passage of time']",Mixed,Supportive,9,Education
"The look of joy on my sibling’s face when I handed them the gift I had made left me overwhelmed by a sense of love, but it was tinged with a small fear that it wouldn’t live up to their expectations.",Love,"['Joy', 'Apprehension']","['Gratitude for shared bonds', 'Awareness of self-doubt']",Positive,Affectionate,8,Family
"As the final whistle blew and the other team celebrated their victory, I felt a crushing disappointment, yet beneath it, a flicker of determination to come back stronger next season.",Disappointment,"['Determination', 'Respect']","['Reflection on resilience', 'Gratitude for the experience']",Mixed,Encouraging,7,Sports
"Reading the heartfelt letter from my past self, I felt an unusual mix of pride for the challenges I’d overcome and a quiet compassion for the fears I’d once held.",Pride,"['Compassion', 'Nostalgia']","['Gratitude for personal growth', 'Reflection on self-awareness']",Positive,Supportive,8,Self-Reflection
"The moment I hit 'send' on the application, I felt a rush of anxiety, followed by an underlying hope that this decision could lead to something transformative.",Anxiety,"['Hope', 'Anticipation']","['Reflection on risks and rewards', 'Commitment to self-improvement']",Ambiguous,Encouraging,7,Career
"As I waited for the surgeon to emerge with news, I felt a heavy apprehension tinged with hope, desperately clinging to the possibility of a positive outcome.",Apprehension,"['Hope', 'Fear']","['Gratitude for expertise', 'Awareness of human vulnerability']",Ambiguous,Reassuring,9,Health
"When I saw my childhood friend after a decade, I was struck by a bittersweet mix of joy for our reunion and sadness for the years we had spent apart.",Bittersweetness,"['Joy', 'Sadness']","['Reflection on lost time', 'Gratitude for reconnection']",Mixed,Affectionate,8,Friendship
"Walking into the office on my first day, I felt a mix of excitement at the opportunities ahead and a quiet self-doubt about whether I truly belonged.",Excitement,"['Self-Doubt', 'Anticipation']","['Reflection on personal growth', 'Gratitude for new beginnings']",Ambiguous,Encouraging,7,Career
"As the train rumbled through the countryside, I felt a serene calm, unburdened by worries, as though the movement itself had gently carried my thoughts away.",Serenity,"['Contentment', 'Gratitude']","['Awareness of stillness', 'Reflection on simplicity']",Positive,Contemplative,6,Travel
"When the client abruptly ended our contract, I felt a sharp sting of rejection and frustration, but beneath it was a faint determination to prove my value elsewhere.",Frustration,"['Disappointment', 'Determination']","['Reflection on resilience', 'Commitment to self-worth']",Ambiguous,Motivational,8,Workplace
"As the national anthem played before the match, I felt a swelling pride in my team, mixed with a nervous anticipation for the battle ahead.",Pride,"['Anticipation', 'Anxiety']","['Gratitude for shared effort', 'Reflection on collective unity']",Mixed,Encouraging,8,Sports
"As I stared at the blank page, the weight of the deadline pressed heavily on me, leaving me in a fog of frustration and self-doubt about whether I could deliver in time.",Frustration,"['Self-Doubt', 'Anxiety']","['Reflection on procrastination', 'Commitment to persistence']",Negative,Supportive,7,Creativity
"The sunset painted the horizon in brilliant hues, and as I watched it disappear, I felt a quiet awe, coupled with a reflective sadness for how fleeting beauty can be.",Amazement,"['Melancholy', 'Gratitude']","['Reflection on impermanence', 'Respect for natural beauty']",Mixed,Reverent,9,Nature
"As the applause filled the room after my speech, I felt an overwhelming sense of pride, softened by a quiet humility at the responsibility that came with such recognition.",Pride,"['Gratitude', 'Humility']","['Reflection on earned respect', 'Commitment to uphold expectations']",Positive,Encouraging,8,Performance
"When I saw the small crack in the vase my late grandmother had cherished, I felt a pang of guilt, mixed with gratitude for the stories it still held and the memories it evoked.",Guilt,"['Gratitude', 'Nostalgia']","['Reflection on preserving history', 'Commitment to honoring legacy']",Mixed,Reflective,7,Family
"When the power outage disrupted my routine, I felt an initial irritation, which gradually gave way to a surprising appreciation for the simplicity of candlelight and quiet moments.",Irritation,"['Gratitude', 'Serenity']","['Awareness of adaptability', 'Reflection on modern reliance']",Mixed,Supportive,6,Everyday Life
"As I unpacked my belongings in my new apartment, I felt a neutral stillness—neither excitement nor sadness—simply observing the quiet beginning of a new chapter.",Neutrality,"['Contentment', 'Curiosity']","['Awareness of change', 'Reflection on new opportunities']",Neutral,Objective,5,Transition
"When the landlord refused to fix the broken heating during the winter, I felt a deep frustration, coupled with a rising determination to find a better living situation for myself.",Frustration,"['Resentment', 'Determination']","['Awareness of self-worth', 'Commitment to self-advocacy']",Negative,Assertive,8,Housing
"As I watched the charity commercial showing families in need, I felt an aching sadness for their struggles, mixed with a quiet resolve to contribute what I could.",Sadness,"['Empathy', 'Determination']","['Gratitude for personal stability', 'Commitment to social responsibility']",Ambiguous,Activating,8,Humanitarian
"When my colleague took credit for my idea during the meeting, I felt a searing anger at their dishonesty but kept it tempered with a quiet resolve to address the situation professionally later.",Anger,"['Betrayal', 'Determination']","['Awareness of ethical boundaries', 'Commitment to fairness']",Negative,Assertive,9,Workplace
"As the storm knocked out the power in the middle of my deadline, I initially felt overwhelmed by anxiety, but slowly adapted, finding a sense of calm in the flickering candlelight.",Anxiety,"['Frustration', 'Serenity']","['Gratitude for resilience', 'Awareness of adaptability']",Mixed,Supportive,7,Creativity
"When the jury awarded the top prize to someone else, I felt a sting of disappointment, but it was softened by a genuine admiration for their incredible talent.",Disappointment,"['Admiration', 'Gratitude']","[""Awareness of competition's value"", 'Commitment to self-improvement']",Ambiguous,Reflective,7,Competition
"As the layoffs were announced, a heavy sadness settled over me, paired with a quiet fear about the uncertainty ahead but also a flicker of hope for a fresh start.",Sadness,"['Fear', 'Hope']","['Reflection on resilience', 'Commitment to finding opportunities']",Mixed,Reassuring,8,Career
"When the old family heirloom broke, I felt a wave of guilt for my carelessness, but it was soon replaced by gratitude for the memories it symbolized, which remained unbroken.",Guilt,"['Gratitude', 'Reflection']","['Awareness of impermanence', 'Commitment to cherish intangible bonds']",Mixed,Supportive,6,Family
"Walking into the hospital room, the sterile smell and soft beeping of machines filled me with a profound sadness for my friend’s condition, but also a quiet gratitude for the chance to be there for them.",Sadness,"['Empathy', 'Gratitude']","['Reflection on shared strength', 'Commitment to support']",Ambiguous,Empathetic,9,Health
"After finishing the marathon, I felt an overwhelming pride in crossing the finish line, even as my legs ached and my exhaustion pulled me toward rest.",Pride,"['Relief', 'Exhaustion']","['Gratitude for perseverance', 'Reflection on physical limits']",Positive,Motivational,8,Sports
The crowded marketplace filled me with a mix of excitement at the vibrant stalls and discomfort from the overwhelming noise and chaos.,Excitement,"['Apprehension', 'Curiosity']","['Respect for cultural vibrancy', 'Awareness of sensory overload']",Ambiguous,Explorative,6,Travel
"As the credits rolled on the documentary, I felt both awe at the filmmaker’s storytelling and a lingering guilt for not doing more to address the issues it highlighted.",Amazement,"['Guilt', 'Inspiration']","['Reflection on ethical responsibility', 'Commitment to action']",Mixed,Reverent,8,Entertainment
"When my friend ignored my call for the third time, I felt a growing irritation at their behavior, but also a quiet sadness, wondering if something was wrong that they weren’t sharing.",Irritation,"['Sadness', 'Concern']","['Awareness of relational dynamics', 'Commitment to understanding']",Negative,Supportive,7,Relationships
"When the interview ended abruptly without any chance to explain my experience, I felt a surge of frustration at the unfairness, mixed with a quiet determination to refine my pitch for the next opportunity.",Frustration,"['Disappointment', 'Determination']","['Awareness of growth areas', 'Commitment to improvement']",Ambiguous,Motivational,7,Career
"As the closing bell rang and the market numbers plummeted, I felt a sharp pang of fear about my financial future, but it was accompanied by a flicker of hope that things could stabilize with careful planning.",Fear,"['Anxiety', 'Hope']","['Reflection on risk management', 'Commitment to resilience']",Mixed,Reassuring,8,Finance
"When I found my colleague gossiping about me, I felt a deep sting of betrayal, tempered slightly by a determination to confront the issue directly and protect my professional reputation.",Betrayal,"['Anger', 'Determination']","['Awareness of trust dynamics', 'Commitment to ethical action']",Negative,Assertive,8,Workplace
"As I watched the final scenes of the heartfelt movie, I felt an intense sadness for the character’s loss, mixed with admiration for their resilience and gratitude for the reminder of life’s fragility.",Sadness,"['Admiration', 'Gratitude']","['Reflection on human strength', 'Commitment to cherishing moments']",Mixed,Reverent,9,Entertainment
"The bustling cafe was a flurry of activity, and while I enjoyed the vibrant energy, I also felt a subtle unease from the overwhelming noise and lack of personal space.",Excitement,"['Discomfort', 'Curiosity']","['Awareness of environmental impacts', 'Gratitude for community interactions']",Ambiguous,Explorative,6,Urban Life
"When I finally stood at the mountain peak, the sweeping view filled me with awe, but it was paired with a bittersweet recognition of how fleeting and fragile such moments can be.",Amazement,"['Bittersweetness', 'Gratitude']","['Reflection on impermanence', 'Respect for nature’s beauty']",Mixed,Contemplative,9,Nature
"After hearing the difficult feedback on my performance, I felt a sharp self-doubt creeping in, but it was tempered by a determination to learn from the critique and come back stronger.",Self-Doubt,"['Anxiety', 'Determination']","['Gratitude for constructive criticism', 'Commitment to self-growth']",Ambiguous,Supportive,7,Performance
"As the plane touched down in a city I’d never visited before, I felt a mix of excitement for the adventure ahead and apprehension about navigating the unfamiliar environment.",Excitement,"['Apprehension', 'Curiosity']","['Gratitude for exploration', 'Reflection on adaptability']",Mixed,Explorative,7,Travel
"When the judge announced my painting as the winner, I felt an overwhelming pride in my work, accompanied by a quiet humility as I reflected on the other incredible pieces in the competition.",Pride,"['Gratitude', 'Humility']","['Respect for peers', 'Commitment to artistic growth']",Positive,Empowering,8,Art
"As I deleted the heartfelt message I had written but couldn’t bring myself to send, I felt a deep sense of regret mixed with fear of vulnerability and a quiet hope that the chance to express myself wasn’t completely lost.",Regret,"['Fear', 'Hope']","['Reflection on emotional courage', 'Commitment to self-expression']",Ambiguous,Reflective,8,Relationships
"As I read the rejection letter, a wave of disappointment hit me, but it was quickly joined by a stubborn resolve to refine my approach and try again.",Disappointment,"['Determination', 'Gratitude']","['Awareness of resilience', 'Commitment to perseverance']",Mixed,Encouraging,7,Education
"The empty auditorium echoed softly as I packed my equipment, and while I felt a quiet satisfaction for completing the event, there was a lingering loneliness in the absence of anyone to share the moment with.",Contentment,"['Loneliness', 'Reflection']","['Gratitude for achievement', 'Awareness of connection’s importance']",Mixed,Supportive,6,Performance
"As I walked through the debris of my childhood neighborhood after the flood, I felt an overwhelming sadness for what was lost, but also a quiet gratitude for the resilience of the community coming together to rebuild.",Sadness,"['Gratitude', 'Hope']","['Reflection on human strength', 'Commitment to supporting others']",Mixed,Supportive,9,Disaster Recovery
"When I saw the younger candidate receive the promotion I had worked years for, I felt a pang of jealousy, softened by admiration for their innovation and a resolve to refine my own skills.",Jealousy,"['Admiration', 'Determination']","['Awareness of professional competition', 'Commitment to personal growth']",Ambiguous,Motivational,7,Career
"As the choir sang the final note, the harmony resonated in a way that filled me with awe, tinged with a bittersweet awareness that such perfect moments are fleeting.",Amazement,"['Bittersweetness', 'Gratitude']","['Reflection on ephemeral beauty', 'Respect for artistic expression']",Mixed,Reverent,8,Music
"When my friend revealed their struggles to me, I felt a deep compassion for their pain, mixed with sadness for not noticing sooner and a resolve to be more present for them moving forward.",Compassion,"['Sadness', 'Determination']","['Gratitude for their trust', 'Commitment to empathy']",Mixed,Supportive,8,Relationships
"The professor’s sharp critique of my paper left me feeling deflated, but also inspired to challenge myself to meet their expectations and prove my potential.",Disappointment,"['Determination', 'Hope']","['Reflection on constructive criticism', 'Commitment to academic growth']",Ambiguous,Encouraging,7,Education
"Sitting by the fire on a quiet winter night, I felt a serene calm, unbroken by thoughts of the past or worries of the future—just a gentle gratitude for the stillness around me.",Serenity,"['Gratitude', 'Contentment']","['Awareness of peace', 'Respect for simplicity']",Positive,Soothing,6,Leisure
"As the debate grew heated, I felt a simmering irritation at the lack of fairness in their arguments, but also a determined focus to stay calm and articulate my points effectively.",Irritation,"['Determination', 'Focus']","['Awareness of emotional control', 'Commitment to respectful discourse']",Mixed,Assertive,7,Debate
"When I opened the envelope to find the unexpected refund, I felt a delighted surprise, accompanied by gratitude for the financial relief it brought.",Surprise,"['Gratitude', 'Relief']","['Reflection on unexpected blessings', 'Respect for good fortune']",Positive,Encouraging,6,Finance
"After the argument, I felt a lingering regret for my harsh words, but also a cautious hope that an apology might mend the rift.",Regret,"['Hope', 'Anxiety']","['Reflection on conflict resolution', 'Commitment to repairing trust']",Ambiguous,Reflective,8,Relationships
"When the presentation didn’t go as planned, I felt an initial wave of embarrassment, but it soon gave way to a quiet pride in having tried and a resolve to learn for next time.",Embarrassment,"['Pride', 'Determination']","['Reflection on resilience', 'Gratitude for growth opportunities']",Mixed,Encouraging,7,Performance
"Walking through the old city streets, I felt a quiet neutrality, simply observing the blend of history and modernity without any strong feelings, only an awareness of the passage of time.",Neutrality,"['Curiosity', 'Reflection']","['Respect for historical layers', 'Awareness of cultural continuity']",Neutral,Contemplative,5,Travel
"Watching the small sapling grow in the backyard, I felt a subtle awe at its tenacity to thrive, paired with a bittersweet thought of how I might not be there to see it fully grown.",Amazement,"['Bittersweetness', 'Gratitude']","[""Reflection on time's passage"", 'Respect for nature’s resilience']",Mixed,Reverent,7,Nature
"After the heated argument with my sibling, I felt a sharp regret for the things I said in anger, tempered by a cautious hope that we could rebuild our bond with an honest apology.",Regret,"['Sadness', 'Hope']","['Commitment to reconciliation', 'Reflection on communication']",Ambiguous,Reflective,8,Relationships
"When the final exam results were posted, my initial pride in passing was overshadowed by a lingering self-doubt about whether I truly deserved the grade.",Pride,"['Self-Doubt', 'Gratitude']","['Reflection on academic effort', 'Commitment to self-improvement']",Mixed,Encouraging,7,Education
"As I watched the rain wash away the fragile sandcastle I had built with my child, I felt a bittersweet sadness for its impermanence, balanced by joy in the memory we had created together.",Bittersweetness,"['Sadness', 'Joy']","['Reflection on fleeting moments', 'Gratitude for shared experiences']",Mixed,Supportive,7,Family
"When the unexpected bill arrived, I felt a surge of frustration, accompanied by a fleeting gratitude for having just enough savings to cover it without further stress.",Frustration,"['Gratitude', 'Relief']","['Awareness of financial stability', 'Commitment to better planning']",Mixed,Supportive,7,Finance
"Walking through the vibrant city festival, I felt an infectious joy at the music and colors, slightly tinged with a wistful longing to share the experience with someone close to me.",Joy,"['Loneliness', 'Gratitude']","[""Awareness of connection's importance"", 'Reflection on community spirit']",Ambiguous,Affectionate,8,Celebration
"When my manager dismissed my concerns during the meeting, I felt an immediate irritation at their disregard, but it was softened by a resolve to present my points more effectively next time.",Irritation,"['Determination', 'Focus']","['Commitment to constructive dialogue', 'Reflection on professional growth']",Mixed,Assertive,6,Workplace
"The child’s drawing was a simple scribble, but as they proudly handed it to me, I felt a pure delight at their joy, mixed with admiration for their creativity and a pang of nostalgia for my own childhood innocence.",Delight,"['Admiration', 'Nostalgia']","['Gratitude for shared moments', 'Reflection on personal growth']",Positive,Affectionate,8,Family
"As the volunteer coordinator praised my efforts at the community drive, I felt a swelling pride, tempered by a quiet humility knowing how much work was still left to do.",Pride,"['Humility', 'Gratitude']","['Commitment to continuous service', 'Reflection on collective impact']",Positive,Empowering,7,Community
"When my phone died while I was lost in an unfamiliar city, I felt a rising panic, quickly followed by determination as I pieced together my bearings from street signs and landmarks.",Panic,"['Determination', 'Relief']","['Reflection on adaptability', 'Gratitude for resourcefulness']",Ambiguous,Reassuring,8,Travel
"As the crowd cheered for the opposing team’s victory, I felt a crushing disappointment in our loss, but also a flicker of respect for their skill and hope for our team’s future redemption.",Disappointment,"['Respect', 'Hope']","['Reflection on sportsmanship', 'Commitment to perseverance']",Mixed,Encouraging,7,Sports
"Standing before the painting I’d worked on for months, I felt a profound sense of completion, tinged with a subtle self-doubt about whether it truly captured my vision.",Contentment,"['Self-Doubt', 'Pride']","['Reflection on artistic growth', 'Commitment to creative exploration']",Mixed,Reflective,6,Art
"As I scrolled through my feed, seeing the news of yet another tragedy, I felt a deep sadness mixed with helplessness, yet an underlying resolve to support change however I could.",Sadness,"['Helplessness', 'Determination']","['Awareness of systemic issues', 'Commitment to action']",Ambiguous,Activating,8,Society
"As the farewell speech ended, I felt a bittersweet mix of gratitude for all I had learned in the role and a quiet sadness at leaving behind the team that had shaped my journey.",Bittersweetness,"['Gratitude', 'Sadness']","['Reflection on growth through change', 'Commitment to honoring connections']",Mixed,Supportive,8,Transition
"After the difficult conversation with my parent, I felt a heavy guilt for the words I had said, softened only by a quiet hope that my apology could help rebuild the trust we once had.",Guilt,"['Sadness', 'Hope']","['Commitment to reconciliation', 'Reflection on emotional maturity']",Ambiguous,Reflective,8,Family
"When the application I spent weeks preparing was rejected, I felt a crushing disappointment, but underneath it, a flicker of determination reminded me that this was just one step in my journey.",Disappointment,"['Determination', 'Gratitude']","['Reflection on resilience', 'Commitment to self-growth']",Mixed,Encouraging,7,Career
"As I watched the sun dip below the horizon, I felt an overwhelming sense of peace, paired with a bittersweet awareness that this serene moment, like all things, would soon pass.",Serenity,"['Bittersweetness', 'Gratitude']","['Reflection on impermanence', 'Gratitude for natural beauty']",Mixed,Contemplative,7,Nature
"When I saw the social media post spreading misinformation about an issue I care deeply about, I felt a surge of anger, tempered by a focus on how I could share accurate information to counteract the harm.",Anger,"['Determination', 'Concern']","['Commitment to ethical advocacy', 'Reflection on constructive action']",Ambiguous,Assertive,8,Social Issues
"Standing before the ruins of the ancient temple, I felt a profound awe for the lives that had once thrived here, mixed with a quiet sadness for the fragility of human achievements over time.",Amazement,"['Sadness', 'Gratitude']","[""Reflection on history's impermanence"", 'Respect for cultural heritage']",Mixed,Reverent,9,History
"As I unpacked the small package from my childhood friend, the handwritten letter brought tears of joy, mingled with a deep nostalgia for the simpler days we shared together.",Joy,"['Nostalgia', 'Gratitude']","['Reflection on enduring connections', 'Commitment to cherish memories']",Positive,Affectionate,8,Friendship
"When the bus arrived late, leaving me stranded in the rain for an hour, I felt a sharp irritation at the inconvenience, but it faded into a resigned acceptance of things beyond my control.",Irritation,"['Resignation', 'Gratitude']","['Reflection on patience', 'Awareness of external factors']",Mixed,Supportive,6,Everyday Life
"The moment the teacher announced my name as the winner of the science fair, I felt a swell of pride, accompanied by a humbling awareness of the support I had received from my mentors and peers.",Pride,"['Gratitude', 'Humility']","['Reflection on collective effort', 'Commitment to inspire others']",Positive,Empowering,8,Education
"As I scrolled through my inbox, I felt a growing anxiety at the flood of unread messages, paired with a quiet determination to tackle them one step at a time.",Anxiety,"['Determination', 'Focus']","['Awareness of prioritization', 'Commitment to self-organization']",Mixed,Reassuring,7,Workplace
"Hiking through the dense forest, the distant sound of a waterfall filled me with curiosity and wonder, tinged with a slight apprehension at the unfamiliar terrain ahead.",Curiosity,"['Amazement', 'Apprehension']","['Gratitude for exploration', 'Reflection on embracing challenges']",Ambiguous,Explorative,7,Nature
"When the power came back on after a long outage, I felt a surge of relief, mixed with gratitude for the simple comforts I often take for granted.",Relief,"['Gratitude', 'Contentment']","['Reflection on modern conveniences', 'Awareness of resource dependence']",Positive,Encouraging,6,Everyday Life
"Watching the children on stage nervously perform their play, I felt a warm pride in their bravery, softened by an empathetic awareness of their own self-doubt as they faced the crowd.",Pride,"['Empathy', 'Admiration']","['Reflection on courage in vulnerability', 'Gratitude for shared moments']",Positive,Affectionate,8,Performance
"When the old family car finally broke down on the side of the road, I felt a mix of sadness for the memories tied to it and frustration at the cost of repair, balanced by relief that we were safe.",Frustration,"['Sadness', 'Relief']","['Reflection on attachment to objects', 'Gratitude for safety']",Mixed,Supportive,7,Family
"As I read the rejection letter for my manuscript, I felt an overwhelming sadness, but beneath it, a quiet determination began to build, reminding me that every great writer faced setbacks.",Sadness,"['Determination', 'Hope']","['Reflection on perseverance', 'Gratitude for lessons in resilience']",Mixed,Encouraging,8,Career
"When I saw the graffiti covering the historic building in my neighborhood, I felt a deep frustration at the disrespect, balanced by a growing determination to organize a community cleanup.",Frustration,"['Determination', 'Hope']","['Commitment to community pride', 'Reflection on shared responsibility']",Ambiguous,Activating,7,Community
"As I stood in line to return the broken item, I felt a sharp irritation at the inconvenience, but a calm relief washed over me as the staff handled it kindly and resolved the issue efficiently.",Irritation,"['Relief', 'Gratitude']","['Reflection on adaptability', 'Gratitude for professionalism']",Mixed,Supportive,6,Customer Experience
"Walking through the empty classroom where I used to teach, I felt a bittersweet nostalgia for the laughter and lessons shared here, mixed with a sense of pride for the lives I had touched.",Nostalgia,"['Pride', 'Sadness']","['Reflection on time’s passage', 'Gratitude for meaningful moments']",Mixed,Reflective,8,Education
"As the final whistle blew and my team’s loss became official, I felt a crushing disappointment, paired with a quiet respect for the hard work we had put into the season.",Disappointment,"['Respect', 'Determination']","['Reflection on growth through challenges', 'Gratitude for teamwork']",Mixed,Encouraging,7,Sports
"Watching the elderly couple holding hands as they walked through the park, I felt a warm admiration for their enduring love, mixed with a bittersweet longing for such a connection in my own life.",Admiration,"['Bittersweetness', 'Hope']","['Reflection on companionship', 'Gratitude for visible examples of love']",Ambiguous,Affectionate,7,Relationships
"When my phone battery died just as I needed directions, I felt a surge of panic, followed by a growing determination as I approached a stranger to ask for help.",Panic,"['Determination', 'Relief']","['Reflection on resourcefulness', 'Gratitude for human connection']",Ambiguous,Supportive,8,Travel
"As I picked up the old scarf my grandmother had knitted, I felt a deep gratitude for her love, paired with a subtle sadness for the years we had lost after her passing.",Gratitude,"['Sadness', 'Reflection']","['Awareness of impermanence', 'Commitment to honoring her memory']",Mixed,Reflective,8,Family
"The unexpected recognition at the awards ceremony filled me with pride, softened by a humble awareness of how many people had supported me along the way.",Pride,"['Gratitude', 'Humility']","['Reflection on shared success', 'Commitment to pay it forward']",Positive,Empowering,9,Achievement
"As the power outage dragged into its third hour, I felt an initial irritation, but it gradually gave way to a strange calm as I lit a candle and allowed the quiet to settle around me.",Irritation,"['Serenity', 'Gratitude']","['Reflection on reliance on technology', 'Awareness of simplicity']",Mixed,Contemplative,7,Everyday Life
"After hearing the news about the environmental crisis, I felt an overwhelming sadness for the planet, mixed with a burning determination to contribute to the fight for change.",Sadness,"['Determination', 'Hope']","['Reflection on global impact', 'Commitment to action']",Mixed,Activating,9,Environmental Issues
"As I scrolled past the pictures of my old friends celebrating together without me, I felt a sting of loneliness, but it was softened by gratitude for the memories we had once shared.",Loneliness,"['Gratitude', 'Reflection']","['Awareness of changing relationships', 'Commitment to cherishing bonds']",Ambiguous,Supportive,7,Friendship
"The applause echoed as I stepped off the stage, my heart swelling with joy and pride, yet tinged with a subtle self-doubt about whether I had truly earned the standing ovation.",Joy,"['Pride', 'Self-Doubt']","['Reflection on achievement', 'Commitment to continuous growth']",Mixed,Empowering,8,Performance
"After learning that the promotion I was counting on had gone to someone else, I felt a wave of disappointment, but it was paired with a steely determination to prove myself in the next opportunity.",Disappointment,"['Determination', 'Hope']","['Commitment to perseverance', 'Reflection on career growth']",Mixed,Encouraging,8,Career
"Walking past the neglected park where I played as a child, I felt a sharp pang of sadness for its dilapidation, mixed with a growing hope that I could rally the community to restore it.",Sadness,"['Hope', 'Determination']","['Reflection on shared spaces', 'Commitment to community improvement']",Mixed,Activating,7,Community
"When the cafe barista got my order completely wrong despite my careful instructions, I felt a brief irritation, but it quickly softened into gratitude as they kindly remade it without hesitation.",Irritation,"['Gratitude', 'Relief']","['Reflection on patience', 'Gratitude for good service']",Mixed,Supportive,6,Customer Experience
"As I stood at the edge of the forest, hearing the call of distant birds, I felt a profound sense of awe for the natural world, mixed with a subtle sadness at how fragile such ecosystems can be.",Amazement,"['Sadness', 'Gratitude']","['Reflection on environmental preservation', ""Respect for nature's beauty""]",Mixed,Reverent,9,Nature
"When my child showed me the crooked clay pot they made at school, I felt a pure joy at their pride, tinged with a bittersweet nostalgia for my own childhood creativity.",Joy,"['Nostalgia', 'Gratitude']","['Reflection on shared moments', 'Gratitude for parental bonds']",Positive,Affectionate,7,Family
"As the charity representative showed me the impact of my small donation, I felt a deep pride in contributing to something bigger, balanced with a quiet humility knowing how much work remains to be done.",Pride,"['Gratitude', 'Humility']","['Reflection on collective action', 'Commitment to continuous support']",Positive,Empowering,8,Humanitarian
"When the unexpected medical bill arrived, I felt an immediate panic about my finances, but it gradually gave way to relief as I realized my savings could cover it.",Panic,"['Relief', 'Gratitude']","['Reflection on financial planning', 'Gratitude for stability']",Mixed,Reassuring,8,Finance
"Watching the new intern confidently present their ideas, I felt a quiet admiration for their courage, mixed with a subtle envy of their youthful energy and fresh perspective.",Admiration,"['Envy', 'Inspiration']","['Reflection on personal growth', 'Commitment to mentorship']",Ambiguous,Encouraging,7,Workplace
"As the credits rolled on the documentary about climate change, I felt an overwhelming sadness for the planet, mixed with a quiet hope that change was still possible through collective action.",Sadness,"['Hope', 'Determination']","['Commitment to environmental advocacy', 'Reflection on global responsibility']",Mixed,Activating,9,Environmental Issues
"As the crowd roared with applause for my competitor’s winning performance, I felt a sharp sting of disappointment at my loss, but also a genuine respect for their undeniable talent.",Disappointment,"['Respect', 'Motivation']","['Reflection on sportsmanship', 'Commitment to improve']",Ambiguous,Supportive,7,Competition
"When the stranger returned my lost wallet intact, I felt an overwhelming gratitude for their honesty, mixed with a subtle guilt for doubting humanity in moments of cynicism.",Gratitude,"['Relief', 'Guilt']","['Reflection on trust in others', 'Commitment to pay kindness forward']",Mixed,Affectionate,8,Community
"As the train rumbled through the scenic countryside, I felt a serene neutrality—neither excited nor melancholic, just quietly observing the beauty passing by without expectation.",Neutrality,"['Serenity', 'Reflection']","['Awareness of simple pleasures', 'Gratitude for quiet moments']",Neutral,Contemplative,5,Travel
"When my old mentor shared their struggles during a personal chat, I felt a deep compassion for their vulnerability, mixed with an admiration for their courage in seeking help.",Compassion,"['Admiration', 'Empathy']","['Reflection on human connection', 'Commitment to support others']",Positive,Supportive,8,Mentorship
"As I watched the demolition of the old theater where I spent countless evenings, I felt a sharp pang of grief for its loss, mixed with gratitude for the memories it held and a bittersweet hope for what would replace it.",Grief,"['Gratitude', 'Bittersweetness']","['Reflection on impermanence', 'Commitment to preserving stories']",Mixed,Reflective,9,Community
"As I read the cruel comment on my post, I felt a surge of anger and hurt, balanced by a quiet resolve to focus on the support from those who truly understood me.",Anger,"['Hurt', 'Determination']","['Reflection on self-worth', 'Commitment to positivity']",Ambiguous,Empathetic,8,Social Media
"After finally confronting my procrastination, I felt a mixture of guilt for the wasted time and pride for taking the first step toward progress.",Guilt,"['Pride', 'Relief']","['Awareness of self-sabotage', 'Commitment to better habits']",Mixed,Encouraging,7,Personal Growth
"As the musician played the final note of the haunting melody, I felt a deep awe at their talent, mixed with a subtle melancholy for the fleeting nature of such beauty.",Amazement,"['Melancholy', 'Gratitude']","['Reflection on impermanence', 'Gratitude for artistry']",Mixed,Reverent,8,Music
"When I saw the promotion go to someone far less qualified, I felt a sharp frustration, softened by a growing resolve to prove my capabilities and seek out better opportunities.",Frustration,"['Determination', 'Hope']","['Commitment to personal excellence', 'Reflection on systemic flaws']",Ambiguous,Assertive,8,Career
"As the elderly man shared his life story with me on the train, I felt a quiet admiration for his resilience, paired with a bittersweet awareness of how many untold stories go unnoticed every day.",Admiration,"['Bittersweetness', 'Empathy']","['Reflection on human connections', 'Gratitude for shared wisdom']",Mixed,Supportive,7,Travel
"When I finally found my missing pet waiting at the front door, I felt a flood of relief and joy, paired with a subtle guilt for not finding them sooner.",Relief,"['Joy', 'Guilt']","['Gratitude for their safety', 'Reflection on vigilance']",Mixed,Affectionate,8,Family
"Walking through the ruins of the ancient city, I felt an overwhelming sense of awe for its history, tempered by a quiet sadness for how much knowledge and culture had been lost over the centuries.",Amazement,"['Sadness', 'Gratitude']","['Reflection on human legacy', 'Respect for historical preservation']",Mixed,Reverent,9,History
"When the store clerk went out of their way to help me find what I needed, I felt a warm gratitude for their kindness, mixed with a subtle reflection on how rare such thoughtful gestures have become.",Gratitude,"['Relief', 'Reflection']","['Awareness of human kindness', 'Commitment to reciprocate positivity']",Positive,Affectionate,7,Customer Experience
"When the power outage lasted into the night, I initially felt irritation at the disruption, but it gradually gave way to a serene calm as I lit candles and embraced the stillness.",Irritation,"['Serenity', 'Gratitude']","['Reflection on technological dependence', 'Gratitude for simplicity']",Mixed,Contemplative,6,Everyday Life
"After reading the heartfelt apology from my friend, I felt a deep sense of relief and forgiveness, tinged with a quiet sadness for the strain our misunderstanding had caused.",Relief,"['Forgiveness', 'Sadness']","['Commitment to rebuilding trust', 'Gratitude for reconciliation']",Mixed,Supportive,8,Friendship
"Standing at the top of the mountain after a grueling hike, I felt a profound pride in my perseverance, balanced by a humbling awareness of the vastness of the world below me.",Pride,"['Gratitude', 'Humility']","['Reflection on human limits', 'Gratitude for natural beauty']",Positive,Empowering,9,Nature
"When my favorite sports team lost in the finals, I felt a bitter disappointment, softened by a quiet admiration for their hard work and resilience throughout the season.",Disappointment,"['Admiration', 'Gratitude']","['Reflection on sportsmanship', 'Commitment to loyalty']",Ambiguous,Encouraging,7,Sports
"When I realized I had forgotten my best friend’s birthday, I felt a crushing guilt, paired with a growing resolve to make it up to them with a heartfelt apology and gesture.",Guilt,"['Sadness', 'Determination']","['Reflection on the importance of relationships', 'Commitment to amends']",Mixed,Supportive,8,Friendship
"As the courtroom verdict was announced in our favor, I felt an overwhelming relief, accompanied by a bittersweet sadness for how long and draining the process had been for everyone involved.",Relief,"['Sadness', 'Gratitude']","['Reflection on justice', 'Gratitude for resilience through adversity']",Mixed,Reassuring,8,Legal Matters
"When the teacher returned my essay covered in red ink, I felt a sharp self-doubt, tempered by a growing gratitude for the constructive feedback that could help me improve.",Self-Doubt,"['Gratitude', 'Determination']","['Reflection on academic growth', 'Commitment to learning']",Mixed,Encouraging,7,Education
"As I stood in the crowded subway, surrounded by the hum of conversations and distant music, I felt a serene neutrality, observing the rhythm of life unfolding around me without judgment or expectation.",Neutrality,"['Curiosity', 'Serenity']","['Reflection on human connection', 'Awareness of urban beauty']",Neutral,Contemplative,5,Urban Life
"After losing the chess match to a much younger player, I felt a brief sting of embarrassment, but it quickly transformed into admiration for their skill and inspiration to practice more.",Embarrassment,"['Admiration', 'Determination']","['Reflection on humility', 'Gratitude for challenges']",Ambiguous,Encouraging,6,Competition
"As I scrolled through the news about the earthquake’s devastation, I felt a profound sadness for the victims, mixed with a determination to donate and advocate for relief efforts.",Sadness,"['Empathy', 'Determination']","['Reflection on shared humanity', 'Commitment to global aid']",Mixed,Activating,9,Disaster Relief
"When I opened the rejection email for my dream university, I felt an initial wave of disappointment, but it was softened by a quiet hope that another path might be just as fulfilling.",Disappointment,"['Hope', 'Acceptance']","['Reflection on life’s unpredictability', 'Commitment to seeking new opportunities']",Mixed,Supportive,7,Education
"Walking into the gallery for the first time, surrounded by the vibrant colors and creative energy, I felt a quiet awe, mixed with a subtle envy of the talent on display and a resolve to nurture my own creativity.",Amazement,"['Envy', 'Inspiration']","['Reflection on artistic growth', 'Commitment to creative exploration']",Ambiguous,Reverent,8,Art
"As I cleaned out my childhood room, holding old toys and letters, I felt a bittersweet mix of nostalgia for the memories and gratitude for the life I had built since then.",Nostalgia,"['Gratitude', 'Reflection']","['Awareness of personal growth', 'Commitment to cherishing the past']",Mixed,Reflective,8,Family
"As the teacher praised my presentation in front of the class, I felt a swell of pride, accompanied by a small undercurrent of self-doubt about whether I had truly earned the recognition.",Pride,"['Self-Doubt', 'Gratitude']","['Reflection on personal growth', 'Commitment to continuous learning']",Mixed,Encouraging,7,Education
"When my sibling borrowed my car without asking and returned it with an empty tank, I felt a surge of frustration, tempered by a reluctant gratitude that at least they returned it safely.",Frustration,"['Relief', 'Gratitude']","['Reflection on familial bonds', 'Commitment to setting boundaries']",Mixed,Assertive,6,Family
"Standing on the podium after winning the marathon, I felt an overwhelming pride in my hard work, mixed with humility knowing the strength of my competitors who pushed me to my limits.",Pride,"['Gratitude', 'Humility']","['Reflection on effort and teamwork', 'Gratitude for shared challenges']",Positive,Empowering,9,Sports
"When I saw the farewell card signed by my entire team, I felt a bittersweet mix of sadness for leaving and gratitude for the connections I had built during my time with them.",Bittersweetness,"['Gratitude', 'Sadness']","['Reflection on meaningful relationships', 'Commitment to cherishing connections']",Mixed,Supportive,8,Transition
"When my idea was dismissed in the team meeting, I felt an initial wave of anger, followed by a quieter frustration at not being heard, and finally, a determination to refine my presentation for next time.",Anger,"['Frustration', 'Determination']","['Reflection on communication', 'Commitment to improvement']",Ambiguous,Assertive,7,Workplace
"As I reread the heartfelt thank-you note from a former student, I felt a deep sense of pride in the role I played in their journey, tempered by a subtle sadness for how quickly time has passed.",Pride,"['Gratitude', 'Sadness']","['Reflection on personal impact', 'Commitment to guiding others']",Mixed,Empowering,8,Education
"When the heavy rains flooded my garden, destroying weeks of careful work, I felt a sharp pang of frustration, but it softened into a quiet resolve to replant and start again.",Frustration,"['Sadness', 'Determination']","['Reflection on resilience', 'Gratitude for the chance to rebuild']",Mixed,Encouraging,8,Nature
"Walking into my childhood home for the last time before it was sold, I felt a bittersweet mix of gratitude for all the memories it held and sadness at saying goodbye to a place that shaped me.",Bittersweetness,"['Gratitude', 'Sadness']","[""Reflection on life's transitions"", 'Commitment to cherishing the past']",Mixed,Reflective,9,Family
"As I watched the video of the endangered animal being rescued, I felt a wave of relief for its safety, mingled with a deep sadness for how many others might not be as lucky.",Relief,"['Sadness', 'Gratitude']","['Reflection on human impact', 'Commitment to conservation efforts']",Mixed,Reverent,8,Environmental Issues
"As the train left the station, taking my closest friend to a new city, I felt a crushing sadness at their departure, but it was balanced by an unspoken hope for the opportunities awaiting them.",Sadness,"['Hope', 'Gratitude']","['Reflection on connection', 'Commitment to staying in touch']",Mixed,Supportive,9,Friendship
"When I watched the shy child step onto the stage and perform beautifully, I felt a profound admiration for their courage, paired with a subtle nostalgia for moments of overcoming my own fears.",Admiration,"['Nostalgia', 'Joy']","['Reflection on personal growth', 'Gratitude for shared bravery']",Positive,Affectionate,7,Performance
"After missing my flight due to a last-minute delay, I felt a sharp irritation, tempered by a surprising gratitude for the free time to sit quietly and plan my next steps.",Irritation,"['Relief', 'Gratitude']","['Reflection on adaptability', 'Commitment to staying calm under pressure']",Mixed,Supportive,7,Travel
"Standing before the towering mountain I was about to climb, I felt a thrilling mix of excitement for the challenge ahead and a faint apprehension about whether I could truly make it to the top.",Excitement,"['Apprehension', 'Determination']","['Reflection on personal strength', 'Gratitude for opportunities to grow']",Mixed,Encouraging,8,Adventure
"When the store clerk went out of their way to help me find a replacement part, I felt a deep gratitude for their effort, paired with a subtle awareness of how rare such kindness can feel in daily life.",Gratitude,"['Relief', 'Reflection']","['Commitment to paying kindness forward', 'Gratitude for human connection']",Positive,Affectionate,7,Customer Service
"As the farewell email from my colleagues arrived, I felt a bittersweet mix of gratitude for their kind words and sadness at leaving a team that had become like family.",Bittersweetness,"['Gratitude', 'Sadness']","['Reflection on professional relationships', 'Commitment to staying connected']",Mixed,Supportive,8,Workplace
"As I sat in the empty stadium after the final match of the season, I felt a quiet neutrality—neither elated nor disappointed, just reflective about the highs and lows of the journey we had shared as a team.",Neutrality,"['Reflection', 'Contentment']","['Gratitude for shared efforts', 'Awareness of transient moments']",Neutral,Contemplative,5,Sports
"When I noticed my coworker taking credit for my idea, I felt a sharp sting of betrayal, followed by a simmering frustration and a quiet resolve to address the situation calmly.",Betrayal,"['Frustration', 'Determination']","['Reflection on fairness', 'Commitment to professionalism']",Ambiguous,Assertive,8,Workplace
"Walking through the old library I used to frequent as a student, I felt a bittersweet nostalgia for the late nights spent studying, paired with a subtle pride for how far I’ve come since those days.",Nostalgia,"['Pride', 'Gratitude']","['Reflection on personal growth', 'Commitment to lifelong learning']",Mixed,Reflective,7,Education
"When I opened the package and realized the item I ordered was damaged, I felt an initial wave of irritation, but it softened into relief as customer support immediately offered a replacement.",Irritation,"['Relief', 'Gratitude']","['Reflection on adaptability', 'Gratitude for good service']",Mixed,Supportive,6,Customer Experience
"As the violinist played the final note of their moving solo, I felt a profound awe for their skill, mixed with a quiet melancholy for the fleeting beauty of the performance.",Amazement,"['Melancholy', 'Gratitude']","['Reflection on the ephemerality of art', 'Gratitude for shared moments']",Mixed,Reverent,8,Music
"When the landlord raised the rent unexpectedly, I felt a surge of anger at the financial strain, followed by a steely resolve to reevaluate my budget and consider alternative housing options.",Anger,"['Frustration', 'Determination']","['Reflection on self-sufficiency', 'Commitment to financial stability']",Ambiguous,Activating,8,Housing
"As the applause rang out after my speech, I felt an overwhelming pride in my accomplishment, tempered by a quiet humility as I reflected on the mentors who guided me here.",Pride,"['Gratitude', 'Humility']","['Reflection on collective success', 'Commitment to pay it forward']",Positive,Empowering,9,Performance
"When I found the misplaced journal with my late mother’s handwriting, I felt a bittersweet blend of joy at reconnecting with her thoughts and sadness for the memories we could no longer create together.",Bittersweetness,"['Joy', 'Sadness']","['Reflection on familial bonds', 'Commitment to preserving memories']",Mixed,Affectionate,9,Family
"Watching the athlete stumble but finish the race, I felt a deep admiration for their perseverance, paired with a reflective gratitude for their visible display of resilience.",Admiration,"['Gratitude', 'Inspiration']","['Reflection on human strength', 'Commitment to emulate perseverance']",Positive,Supportive,8,Sports
"As I scrolled through photos of my old college friends celebrating together, I felt a pang of loneliness for not being there, softened by gratitude for the memories we had once shared.",Loneliness,"['Gratitude', 'Reflection']","['Awareness of evolving relationships', 'Commitment to reconnecting']",Ambiguous,Supportive,7,Friendship
"After the power outage left me in complete darkness, I initially felt a rising panic, but it faded into calm as I lit a candle and embraced the quiet of the moment.",Panic,"['Relief', 'Serenity']","['Reflection on adaptability', 'Gratitude for simplicity']",Mixed,Reassuring,6,Everyday Life
"When I saw the unexpected refund in my account, I felt a delighted surprise, followed by gratitude for the financial relief it brought during a difficult time.",Surprise,"['Gratitude', 'Relief']","['Reflection on timely blessings', 'Awareness of financial balance']",Positive,Encouraging,7,Finance
"As I passed the empty storefront that used to house my favorite cafe, I felt a subtle sadness for its closure, paired with gratitude for the memories I had created there.",Sadness,"['Gratitude', 'Reflection']","['Reflection on the impermanence of places', 'Gratitude for meaningful spaces']",Mixed,Reflective,6,Community
"When my partner surprised me with a thoughtful gift after a long day, I felt an overwhelming joy, mixed with a quiet appreciation for how deeply they understood me.",Joy,"['Gratitude', 'Connection']","['Reflection on relational bonds', 'Gratitude for emotional intimacy']",Positive,Affectionate,9,Relationships
"When I saw the unfair promotion announcement, I felt a deep resentment at being overlooked, tempered by a quiet determination to keep proving my worth and seek new opportunities.",Resentment,"['Frustration', 'Determination']","['Reflection on systemic issues', 'Commitment to self-improvement']",Ambiguous,Assertive,8,Workplace
"Walking into the dusty attic, I found an old photo album of my family, and I felt a bittersweet mix of joy for the memories and sadness for those who were no longer with us.",Bittersweetness,"['Joy', 'Sadness']","['Reflection on the passage of time', 'Gratitude for shared moments']",Mixed,Reflective,9,Family
"As I heard the distant applause from another performer backstage, I felt a quiet envy for their confidence, paired with a growing determination to channel my nerves into my own performance.",Envy,"['Admiration', 'Determination']","['Reflection on personal growth', 'Commitment to overcoming fears']",Ambiguous,Encouraging,7,Performance
"When I realized my child had lied to me about their grades, I felt a wave of disappointment, softened by compassion as I considered the pressure they might be feeling.",Disappointment,"['Compassion', 'Concern']","['Commitment to open communication', 'Reflection on shared trust']",Ambiguous,Supportive,8,Parenting
"Walking through the bustling marketplace, I felt an infectious excitement at the vibrant colors and sounds, paired with a subtle apprehension about navigating the unfamiliar culture respectfully.",Excitement,"['Curiosity', 'Apprehension']","['Gratitude for new experiences', 'Commitment to cultural understanding']",Mixed,Explorative,7,Travel
"When the community project I led fell short of its goals, I felt a crushing disappointment, but I resolved to learn from the mistakes and try again with even more determination.",Disappointment,"['Determination', 'Reflection']","['Commitment to perseverance', 'Gratitude for collective effort']",Mixed,Encouraging,8,Community
"As I gazed at the towering mountain ahead, I felt a mix of awe at its beauty and a subtle fear about whether I had the strength to reach the summit.",Amazement,"['Apprehension', 'Determination']","['Reflection on human limits', 'Gratitude for nature’s grandeur']",Mixed,Encouraging,8,Nature
"When my neighbor surprised me with a small gift to thank me for helping with their garden, I felt a warm gratitude for their kindness, mixed with a quiet admiration for their thoughtfulness.",Gratitude,"['Admiration', 'Connection']","['Reflection on neighborly bonds', 'Commitment to reciprocate kindness']",Positive,Affectionate,7,Community
"When my childhood friend moved across the country, I felt a heavy sadness at their departure, paired with a quiet hope that we would remain close despite the distance.",Sadness,"['Hope', 'Reflection']","['Commitment to nurturing long-distance friendships', 'Gratitude for shared memories']",Mixed,Supportive,9,Friendship
"As the teacher returned my test with a perfect score, I felt a surge of pride in my hard work, paired with a quiet humility as I reflected on the support I received from my peers and mentors.",Pride,"['Gratitude', 'Humility']","['Commitment to continuous improvement', 'Reflection on teamwork']",Positive,Empowering,8,Education
"Standing in the empty stadium after the concert ended, I felt a serene neutrality, just absorbing the silence and reflecting on the shared energy that had filled the space hours earlier.",Neutrality,"['Reflection', 'Gratitude']","['Awareness of collective experiences', 'Commitment to cherishing moments']",Neutral,Contemplative,5,Music
"When I received the unexpected invitation to join the mentorship program, I felt a delighted surprise, followed by a growing excitement to learn and contribute to a new community.",Surprise,"['Excitement', 'Gratitude']","['Reflection on new opportunities', 'Commitment to growth']",Positive,Encouraging,8,Career
"As I cleaned out my late grandmother’s attic, holding the fragile quilt she had sewn, I felt a deep nostalgia for the stories she told me, mixed with sadness for the time we could no longer share.",Nostalgia,"['Sadness', 'Gratitude']","['Commitment to honoring her memory', 'Reflection on familial love']",Mixed,Reflective,8,Family
"As I watched the final box of belongings being carried out of my childhood home, I felt a heavy grief for the memories tied to the space, mixed with gratitude for the new opportunities awaiting my family.",Grief,"['Gratitude', 'Bittersweetness']","['Reflection on life’s transitions', 'Commitment to preserving memories']",Mixed,Reflective,9,Family
"When my carefully planned speech was interrupted by technical issues, I felt a sharp frustration, softened by relief as the audience showed patience and support while I worked through the problem.",Frustration,"['Relief', 'Gratitude']","['Reflection on adaptability', 'Gratitude for audience understanding']",Mixed,Supportive,7,Performance
"As I scrolled through the heartbreaking photos of the wildfire’s destruction, I felt a deep sadness for the loss of nature, paired with a quiet determination to contribute to reforestation efforts.",Sadness,"['Empathy', 'Determination']","['Commitment to environmental advocacy', 'Reflection on shared responsibility']",Mixed,Activating,8,Environmental Issues
"When I saw my partner laugh with someone else at the party, I felt a pang of jealousy, tempered by a growing trust in their loyalty and love for me.",Jealousy,"['Trust', 'Relief']","['Reflection on insecurities', 'Commitment to strengthening trust']",Ambiguous,Supportive,6,Relationships
"Walking into the newly renovated library, I felt a quiet awe for the careful preservation of history, paired with gratitude for the innovation that made it accessible to more people.",Amazement,"['Gratitude', 'Inspiration']","['Reflection on legacy', 'Commitment to supporting education']",Positive,Reverent,7,Knowledge
"When the long-awaited package arrived only to contain the wrong item, I felt an immediate irritation, but it was softened by the kind apology and swift resolution from customer service.",Irritation,"['Gratitude', 'Relief']","['Reflection on patience', 'Gratitude for problem-solving']",Mixed,Supportive,6,Customer Experience
"After overhearing my colleague’s harsh criticism of my work, I felt a surge of anger, tempered by a growing resolve to improve and prove my value through actions, not arguments.",Anger,"['Determination', 'Reflection']","['Commitment to professional growth', ""Reflection on feedback's value""]",Ambiguous,Assertive,8,Workplace
"As I flipped through the old journal I had kept in high school, I felt a bittersweet nostalgia for the person I was then, paired with gratitude for the growth and resilience I’ve gained since.",Nostalgia,"['Gratitude', 'Reflection']","['Reflection on personal growth', 'Commitment to honoring past experiences']",Mixed,Contemplative,7,Self-Reflection
"When I saw the promotion go to someone I mentored, I felt a complex mix of pride in their success and disappointment in not being chosen myself.",Pride,"['Disappointment', 'Gratitude']","['Reflection on shared growth', ""Commitment to supporting others' success""]",Mixed,Encouraging,7,Career
"Standing on the windy cliff overlooking the vast ocean, I felt a profound humility in the face of nature’s magnitude, paired with a quiet awe at its beauty and power.",Humility,"['Amazement', 'Gratitude']","['Reflection on life’s scale', 'Gratitude for natural experiences']",Positive,Reverent,9,Nature
"As the debate grew heated, I felt a simmering frustration at being misunderstood, but it was paired with a determination to remain calm and articulate my points more effectively.",Frustration,"['Determination', 'Focus']","['Reflection on communication', 'Commitment to respectful discourse']",Ambiguous,Assertive,7,Discussion
"When my friend surprised me with tickets to my favorite band’s concert, I felt an overwhelming joy at their thoughtfulness, mixed with gratitude for the effort they had put into making me happy.",Joy,"['Gratitude', 'Excitement']","['Reflection on shared happiness', 'Gratitude for thoughtful connections']",Positive,Affectionate,9,Friendship
"Walking through the crowded marketplace, I felt a neutral detachment, just observing the colorful chaos around me without judgment or strong emotion, like an outsider looking in.",Neutrality,"['Curiosity', 'Reflection']","['Awareness of cultural diversity', 'Commitment to understanding new perspectives']",Neutral,Explorative,5,Travel
"As I reviewed the email that unfairly blamed me for a project failure, I felt a surge of anger at the accusation, balanced by a quiet resolve to calmly present the facts and clear my name.",Anger,"['Frustration', 'Determination']","['Reflection on emotional control', 'Commitment to professionalism']",Ambiguous,Assertive,8,Workplace
"Standing in the small garden I planted with my grandmother, I felt a bittersweet nostalgia for the afternoons we spent together, paired with gratitude for the enduring lessons she taught me about patience and growth.",Nostalgia,"['Gratitude', 'Reflection']","['Awareness of legacy', 'Commitment to carrying on traditions']",Mixed,Reflective,8,Family
"When I found out that my friend had confided in someone else about their struggles instead of me, I felt a pang of jealousy, followed by a quiet understanding that their choice wasn’t a reflection of our bond but their immediate need.",Jealousy,"['Understanding', 'Empathy']","['Reflection on relational dynamics', 'Commitment to being supportive']",Ambiguous,Supportive,7,Friendship
"When the award went to a colleague who had worked just as hard as I had, I felt a mix of disappointment at not winning and genuine pride in their achievement.",Disappointment,"['Pride', 'Gratitude']","['Reflection on fairness', 'Commitment to teamwork and growth']",Mixed,Encouraging,7,Workplace
"Walking through the forest after the rain, I felt a serene calm as the damp earth and fresh leaves filled the air with their scent, paired with a quiet awe for nature’s resilience.",Serenity,"['Gratitude', 'Amazement']","['Reflection on nature’s cycles', 'Gratitude for moments of peace']",Positive,Reverent,7,Nature
"After receiving constructive criticism on my manuscript, I felt a sting of self-doubt, but it was paired with gratitude for the feedback and determination to refine my work further.",Self-Doubt,"['Gratitude', 'Determination']","['Commitment to creative improvement', 'Reflection on resilience']",Mixed,Encouraging,6,Creativity
"As I sat in the empty cafe where I used to meet my friends, I felt a subtle sadness for the changes in our lives, balanced by gratitude for the memories we had created there.",Sadness,"['Gratitude', 'Reflection']","['Awareness of evolving relationships', 'Commitment to cherishing moments']",Mixed,Reflective,7,Friendship
"When the unexpected bill arrived, I felt an immediate wave of panic, followed by relief as I realized I could cover the cost with careful budgeting.",Panic,"['Relief', 'Gratitude']","['Reflection on financial preparedness', 'Gratitude for stability']",Mixed,Reassuring,7,Finance
"Watching the closing ceremony of the international sports event, I felt a deep pride for the athletes’ achievements, paired with a bittersweet awareness that such moments of unity are fleeting.",Pride,"['Bittersweetness', 'Gratitude']","['Reflection on global connections', 'Gratitude for shared human experiences']",Mixed,Reflective,8,Sports
"When the debate ended without resolution, I felt a lingering frustration at being misunderstood, tempered by gratitude for the opportunity to share my perspective with others.",Frustration,"['Gratitude', 'Reflection']","['Commitment to improving communication', 'Reflection on respectful discourse']",Ambiguous,Assertive,7,Discussion
"As I scrolled past the news about another humanitarian crisis, I felt a deep sadness for those affected, mixed with a quiet resolve to donate and advocate for systemic change.",Sadness,"['Determination', 'Empathy']","['Commitment to social impact', 'Reflection on shared humanity']",Mixed,Activating,8,Global Issues
"After my partner surprised me with a handwritten letter on our anniversary, I felt a profound joy, paired with a deep gratitude for the love and understanding they’ve shown me over the years.",Joy,"['Gratitude', 'Love']","['Reflection on relational depth', 'Commitment to nurturing the connection']",Positive,Affectionate,9,Relationships
"Walking into the new city where I had just moved, I felt a blend of curiosity for what lay ahead and apprehension about starting fresh in an unfamiliar place.",Curiosity,"['Apprehension', 'Hope']","['Reflection on adaptability', 'Commitment to embracing change']",Ambiguous,Explorative,7,Travel
"When the manager criticized my work in front of the entire team, I felt a sharp sting of humiliation, followed by quiet anger, but eventually resolved to use the feedback to improve.",Humiliation,"['Anger', 'Determination']","['Commitment to self-improvement', 'Reflection on emotional resilience']",Ambiguous,Assertive,9,Workplace
"Walking through the wreckage of the old town after the storm, I felt an overwhelming sadness for what had been lost, paired with a quiet determination to join the rebuilding efforts.",Sadness,"['Empathy', 'Determination']","['Commitment to community recovery', 'Reflection on resilience']",Mixed,Activating,8,Community
"When my friend ignored my message for days, I felt a subtle betrayal, softened by the realization that they might be dealing with their own challenges and needed space.",Betrayal,"['Sadness', 'Empathy']","['Reflection on relational dynamics', 'Commitment to patience and understanding']",Ambiguous,Supportive,7,Friendship
"When I heard my child apologize for breaking a vase, I felt a mix of frustration for their carelessness and admiration for their honesty in taking responsibility.",Frustration,"['Admiration', 'Relief']","['Reflection on teaching values', 'Commitment to nurturing trust']",Mixed,Supportive,6,Parenting
"After losing my job unexpectedly, I felt a crushing wave of despair, followed by a faint glimmer of hope as I began to plan my next steps forward.",Despair,"['Hope', 'Determination']","['Reflection on adaptability', 'Commitment to finding new opportunities']",Mixed,Encouraging,9,Career
"Watching the young activist speak passionately about climate change, I felt a deep admiration for their courage, mixed with guilt for not doing more myself to make a difference.",Admiration,"['Guilt', 'Inspiration']","['Reflection on ethical responsibility', 'Commitment to take action']",Mixed,Reverent,8,Global Issues
"When I realized I had made a major error in the project, I felt a wave of guilt for letting my team down, balanced by a determination to fix it and regain their trust.",Guilt,"['Determination', 'Reflection']","['Commitment to accountability', 'Awareness of teamwork dynamics']",Mixed,Supportive,8,Workplace
"As the once-thriving bookstore closed its doors for the last time, I felt a bittersweet sadness for the loss of such a space, paired with gratitude for the stories and connections it had fostered.",Sadness,"['Gratitude', 'Reflection']","['Awareness of impermanence', 'Commitment to preserving memories']",Mixed,Reflective,7,Community
"When my sibling forgot to include me in their group outing, I felt a quiet loneliness, softened by an understanding that it might not have been intentional.",Loneliness,"['Understanding', 'Reflection']","['Awareness of relational growth', 'Commitment to open communication']",Ambiguous,Supportive,6,Family
"As I revisited my favorite hiking trail, now overgrown and neglected, I felt a subtle sadness for its decline, paired with gratitude for the memories it still held within its paths.",Sadness,"['Gratitude', 'Reflection']","['Reflection on change and adaptation', 'Gratitude for past experiences']",Mixed,Reflective,7,Nature
"When the family reunion ended and everyone returned to their lives, I felt a bittersweet mix of gratitude for the time spent together and sadness for how fleeting such moments can be.",Bittersweetness,"['Gratitude', 'Sadness']","['Reflection on familial bonds', 'Commitment to staying connected']",Mixed,Supportive,8,Family
"As the artist unveiled their masterpiece, I felt a profound awe at their creativity, paired with a subtle envy of their talent and inspiration to explore my own artistic potential.",Amazement,"['Envy', 'Inspiration']","['Reflection on personal growth', 'Gratitude for artistic motivation']",Ambiguous,Encouraging,8,Art
"When the train I was on suddenly stopped between stations, I felt an immediate frustration, but it was soon replaced by a quiet calm as I allowed myself to enjoy the rare pause in my busy day.",Frustration,"['Serenity', 'Reflection']","['Awareness of adaptability', 'Gratitude for unexpected moments']",Mixed,Reassuring,6,Travel
"After being left out of a team meeting that I should have been a part of, I felt a deep frustration at being overlooked, tempered by determination to ensure my voice is heard in the future.",Frustration,"['Determination', 'Reflection']","['Commitment to self-advocacy', 'Awareness of workplace dynamics']",Ambiguous,Assertive,8,Workplace
"Walking into the empty art studio where I had spent years creating, I felt a bittersweet nostalgia for the projects completed here, paired with a subtle sadness for how much time had passed.",Nostalgia,"['Sadness', 'Reflection']","['Gratitude for creative growth', 'Reflection on the passage of time']",Mixed,Reflective,7,Art
"When I saw my partner laughing with an old friend, I felt a brief pang of jealousy, softened by trust in their loyalty and a growing appreciation for the joy they bring to others.",Jealousy,"['Trust', 'Admiration']","['Reflection on relational security', 'Commitment to deepening trust']",Ambiguous,Supportive,6,Relationships
"Standing at the edge of the stage before my speech, I felt a wave of nervousness, paired with a quiet determination to channel that energy into delivering my message confidently.",Nervousness,"['Determination', 'Focus']","['Reflection on personal growth', 'Gratitude for opportunities to share ideas']",Mixed,Encouraging,7,Performance
"After my close friend broke a promise they had made, I felt a mix of sadness and anger, but also a growing understanding that people sometimes fail not out of malice but out of human imperfection.",Sadness,"['Anger', 'Empathy']","['Commitment to forgiveness', 'Reflection on relational complexity']",Ambiguous,Supportive,8,Friendship
"Watching the documentary about climate change, I felt a profound sadness for the state of the planet, paired with a burning determination to take actionable steps toward sustainability.",Sadness,"['Determination', 'Empathy']","['Reflection on global responsibility', 'Commitment to environmental advocacy']",Mixed,Activating,9,Global Issues
"When my coworker took credit for my idea in a meeting, I felt an immediate anger, balanced by a calm determination to address the issue professionally afterward.",Anger,"['Determination', 'Reflection']","['Commitment to fairness', 'Reflection on professionalism']",Ambiguous,Assertive,8,Workplace
"Standing before the ruins of the historic site, I felt an awe for the lives that had existed here, mixed with a quiet sadness for how much had been lost to time.",Amazement,"['Sadness', 'Gratitude']","['Reflection on human history', 'Gratitude for preservation efforts']",Mixed,Reverent,9,History
"When my younger sibling outperformed me in a competition, I felt a flicker of envy, quickly replaced by genuine pride in their achievement and a sense of motivation to improve myself.",Envy,"['Pride', 'Inspiration']","['Reflection on sibling dynamics', 'Commitment to personal growth']",Ambiguous,Encouraging,7,Family
"As the sun dipped below the horizon, painting the sky with hues of orange and pink, I felt a serene calm, paired with gratitude for witnessing such a moment of natural beauty.",Serenity,"['Gratitude', 'Amazement']","[""Reflection on nature's cycles"", 'Gratitude for quiet moments']",Positive,Reverent,7,Nature
"When I opened the letter informing me of a denied application, I felt a sharp disappointment, softened by a determination to revise my approach and apply again with renewed focus.",Disappointment,"['Determination', 'Reflection']","['Commitment to resilience', 'Reflection on continuous improvement']",Mixed,Encouraging,8,Career
"After the power went out during the storm, I initially felt a wave of irritation, but it was replaced by calm as I lit candles and appreciated the unexpected stillness.",Irritation,"['Serenity', 'Reflection']","['Reflection on modern dependence', 'Gratitude for quiet moments']",Mixed,Reassuring,6,Everyday Life
"When my mentor praised my progress during our check-in, I felt a deep pride in my growth, paired with gratitude for their guidance and humility in recognizing how much I still had to learn.",Pride,"['Gratitude', 'Humility']","['Reflection on shared effort', 'Commitment to continuous growth']",Positive,Empowering,8,Mentorship
"When my coworker ignored my suggestion during the brainstorming session, I felt a sting of resentment, tempered by a resolve to frame my ideas more confidently in the future.",Resentment,"['Frustration', 'Determination']","['Commitment to improving communication', 'Reflection on self-advocacy']",Ambiguous,Assertive,7,Workplace
"As I looked at the old family photograph, I felt a bittersweet nostalgia for the moments we shared, mixed with sadness for the loved ones no longer with us.",Nostalgia,"['Sadness', 'Gratitude']","['Reflection on familial bonds', 'Commitment to cherishing memories']",Mixed,Reflective,8,Family
"When my friend forgot to invite me to their party, I felt a pang of hurt, softened by an understanding that it might not have been intentional and a hope to reconnect soon.",Hurt,"['Understanding', 'Hope']","['Reflection on relational trust', 'Commitment to open communication']",Ambiguous,Supportive,7,Friendship
"As the news of the humanitarian crisis unfolded, I felt a deep sadness for the suffering, paired with a determination to donate and raise awareness to make a difference.",Sadness,"['Empathy', 'Determination']","['Commitment to advocacy', 'Reflection on shared humanity']",Mixed,Activating,9,Global Issues
"After realizing I had misunderstood an important deadline, I felt a rush of panic, quickly followed by a calm determination to focus and complete the task in time.",Panic,"['Determination', 'Relief']","['Reflection on adaptability', 'Commitment to staying composed under pressure']",Mixed,Reassuring,8,Career
"Walking through the museum exhibit of forgotten civilizations, I felt an overwhelming awe for their achievements, paired with a quiet sadness for the knowledge that had been lost over centuries.",Amazement,"['Sadness', 'Gratitude']","['Reflection on historical impermanence', 'Commitment to preserving cultural heritage']",Mixed,Reverent,9,History
"As my sibling shared their accomplishment, I felt a flicker of envy for their success, balanced by a genuine pride in their hard work and inspiration to improve myself.",Envy,"['Pride', 'Inspiration']","['Reflection on sibling dynamics', 'Commitment to personal growth']",Ambiguous,Encouraging,7,Family
"When I completed the marathon after months of training, I felt a deep pride in my perseverance, paired with gratitude for the support of those who encouraged me along the way.",Pride,"['Gratitude', 'Relief']","['Reflection on personal achievement', 'Gratitude for shared efforts']",Positive,Empowering,9,Sports
"After losing the family pet, I felt a profound sadness for the loss, paired with gratitude for the years of joy and love they had brought into our lives.",Sadness,"['Gratitude', 'Reflection']","['Awareness of life’s impermanence', 'Commitment to cherishing memories']",Mixed,Supportive,9,Family
"As the storm cut off the electricity, I initially felt frustration at the disruption, but it was quickly replaced by calm as I lit candles and appreciated the stillness.",Frustration,"['Serenity', 'Reflection']","['Reflection on simplicity', 'Gratitude for moments of quiet']",Mixed,Reassuring,6,Everyday Life
"When I read the anonymous thank-you note for my community work, I felt an overwhelming gratitude for their kind words, mixed with renewed motivation to continue making an impact.",Gratitude,"['Inspiration', 'Pride']","['Reflection on the power of kindness', 'Commitment to community service']",Positive,Empowering,8,Community
"Standing at the edge of the cliff overlooking the vast ocean, I felt a deep humility in the face of nature’s magnitude, paired with a quiet awe for its enduring beauty.",Humility,"['Amazement', 'Gratitude']","['Reflection on life’s scale', 'Gratitude for natural experiences']",Positive,Reverent,9,Nature
"When my team lost the championship game, I felt a sharp disappointment in the outcome, softened by admiration for the effort we had put into the season and hope for next year.",Disappointment,"['Admiration', 'Hope']","['Reflection on resilience', 'Commitment to perseverance']",Mixed,Encouraging,7,Sports
"Walking through the vibrant street market, I felt an infectious excitement at the sights and sounds, paired with a subtle unease about navigating the unfamiliar environment respectfully.",Excitement,"['Curiosity', 'Apprehension']","['Gratitude for new experiences', 'Commitment to cultural sensitivity']",Ambiguous,Explorative,7,Travel
"When the restaurant refused to honor my reservation, I felt a wave of anger at their lack of professionalism and embarrassment for the situation in front of my guests.",Anger,"['Embarrassment', 'Frustration']","['Commitment to managing expectations', 'Reflection on handling public conflicts']",Negative,Assertive,8,Customer Experience
"As I walked into my childhood classroom, now vacant, I felt a serene neutrality, simply observing the echoes of a space that had once been filled with laughter and learning.",Neutrality,"['Reflection', 'Nostalgia']","['Awareness of time’s passage', 'Gratitude for formative moments']",Neutral,Contemplative,5,Education
"When my application was rejected for the third time, I felt a sharp disappointment, followed by a growing determination to refine my approach and try again.",Disappointment,"['Determination', 'Reflection']","['Commitment to resilience', 'Reflection on persistence']",Negative,Encouraging,8,Career
"As I helped my elderly neighbor carry her groceries, I felt a quiet pride in being able to assist, paired with a humble awareness of how small acts can make a difference.",Pride,"['Gratitude', 'Humility']","['Reflection on community care', 'Commitment to kindness']",Positive,Empowering,7,Community
"When my close friend canceled our plans last minute, I felt hurt by the lack of consideration, but I resolved to ask about their reasons rather than assuming the worst.",Hurt,"['Empathy', 'Understanding']","['Commitment to open communication', 'Reflection on relational trust']",Negative,Supportive,7,Friendship
"As the fireworks lit up the night sky, I felt a profound awe at their beauty, paired with a childlike excitement for the fleeting magic of the moment.",Amazement,"['Excitement', 'Gratitude']","['Reflection on shared joy', 'Gratitude for simple pleasures']",Positive,Reverent,8,Celebration
"When the grocery clerk thanked me for my patience during a technical issue, I felt a warm gratitude for their acknowledgment and a subtle pride for staying calm under pressure.",Gratitude,"['Pride', 'Relief']","['Reflection on mutual respect', 'Gratitude for positive interactions']",Positive,Supportive,6,Customer Experience
"When I saw the team I trained win the championship, I felt a swelling pride in their achievements, paired with a bittersweet sense of nostalgia for my own days on the field.",Pride,"['Nostalgia', 'Gratitude']","['Reflection on shared effort', 'Commitment to fostering others’ success']",Positive,Empowering,8,Sports
"As I packed the last box from my first apartment, I felt a subtle sadness for leaving behind a space filled with memories, paired with excitement for the new opportunities awaiting me.",Sadness,"['Excitement', 'Gratitude']","['Reflection on life’s transitions', 'Commitment to embracing change']",Mixed,Encouraging,7,Transition
"When I learned that the park where I played as a child was being turned into a parking lot, I felt an immediate sadness for the loss, but also a determination to speak up and preserve other green spaces in the community.",Sadness,"['Determination', 'Reflection']","['Commitment to advocacy', 'Reflection on societal priorities']",Negative,Activating,8,Community
"Walking into the brightly lit gallery, I felt a quiet admiration for the artists’ creativity, paired with inspiration to explore new artistic styles in my own work.",Admiration,"['Inspiration', 'Gratitude']","['Reflection on creative growth', 'Commitment to artistic exploration']",Positive,Encouraging,7,Art
"When the power outage stretched into its fourth hour, I felt an initial wave of frustration, but it was soon replaced by calm as I embraced the rare opportunity to disconnect and reflect in silence.",Frustration,"['Serenity', 'Gratitude']","['Reflection on simplicity', 'Gratitude for quiet moments']",Mixed,Reassuring,6,Everyday Life
"As I listened to my child describe their dream of becoming a scientist, I felt a deep pride in their ambition, paired with gratitude for their curiosity and imagination.",Pride,"['Gratitude', 'Joy']","['Reflection on nurturing potential', 'Gratitude for shared dreams']",Positive,Empowering,9,Parenting
"When the charity I donated to achieved its goal, I felt a sense of relief for the impact made, paired with a humble gratitude for being part of something larger than myself.",Gratitude,"['Relief', 'Humility']","['Reflection on collective action', 'Commitment to continued generosity']",Positive,Reverent,7,Community
"When I realized my best friend had shared my private story without asking, I felt a sharp sense of betrayal, paired with sadness at the breach of trust and a cautious hope that we could repair the bond.",Betrayal,"['Sadness', 'Hope']","['Reflection on relational boundaries', 'Commitment to reconciliation']",Negative,Supportive,8,Friendship
"As the teacher handed back my poorly graded paper, I felt an initial sting of embarrassment in front of my classmates, followed by quiet determination to work harder for the next assignment.",Embarrassment,"['Determination', 'Focus']","['Reflection on academic growth', 'Commitment to improvement']",Negative,Encouraging,7,Education
"Standing on the empty train platform after missing my ride, I felt a frustrated resignation about the delay, balanced by a growing appreciation for the chance to sit quietly and plan my day.",Frustration,"['Resignation', 'Gratitude']","['Reflection on unexpected pauses', 'Commitment to staying composed']",Neutral,Reassuring,6,Travel
"When the charity representative showed the impact of my donation, I felt an overwhelming gratitude for being part of their mission, paired with humility in realizing how much more work needs to be done.",Gratitude,"['Humility', 'Inspiration']","['Reflection on collective effort', 'Commitment to continued advocacy']",Positive,Reverent,8,Community
"As I read the glowing review of my performance, I felt a deep pride in my abilities, paired with a subtle doubt about whether I could maintain the same standard moving forward.",Pride,"['Gratitude', 'Self-Doubt']","['Reflection on personal expectations', 'Commitment to self-growth']",Positive,Empowering,8,Performance
"When the family pet wandered back home after being lost for days, I felt a flood of relief, mixed with gratitude for their safe return and guilt for not keeping a closer watch over them.",Relief,"['Gratitude', 'Guilt']","['Reflection on responsibility', 'Gratitude for second chances']",Mixed,Supportive,8,Family
"Walking through the art gallery, I felt an awe for the boldness of the artists’ work, paired with a quiet envy of their ability to express emotions so fearlessly.",Amazement,"['Envy', 'Inspiration']","['Reflection on creative growth', 'Commitment to exploring self-expression']",Ambiguous,Encouraging,7,Art
"When I saw my younger sibling win the academic award I had once aimed for, I felt a bittersweet pride in their success, paired with a subtle sadness for my own missed chances.",Pride,"['Sadness', 'Gratitude']","['Reflection on sibling dynamics', 'Commitment to celebrating others']",Mixed,Supportive,7,Family
"As the rain poured down on my walk home, soaking through my clothes, I felt a resigned frustration at being unprepared, tempered by a quiet serenity from the rhythmic sound of raindrops around me.",Frustration,"['Serenity', 'Reflection']","['Reflection on embracing imperfection', 'Gratitude for natural beauty']",Neutral,Contemplative,6,Everyday Life
"As I packed the last box from my childhood home, I felt a profound sadness for leaving behind a place full of memories, paired with excitement for the new chapter waiting for me.",Sadness,"['Excitement', 'Gratitude']","['Reflection on transitions', 'Commitment to honoring the past while embracing change']",Mixed,Encouraging,8,Transition
"When the customer in front of me angrily berated the cashier, I felt a quiet anger at their behavior, paired with a growing compassion for the cashier trying to handle the situation calmly.",Anger,"['Compassion', 'Empathy']","['Reflection on fairness and kindness', 'Commitment to standing up for others']",Negative,Supportive,8,Community
"After hearing the story of a refugee’s journey to safety, I felt a profound sadness for their struggles, paired with admiration for their resilience and gratitude for my own privileges.",Sadness,"['Admiration', 'Gratitude']","['Reflection on shared humanity', 'Commitment to advocating for equity']",Mixed,Reverent,9,Global Issues
"When my partner surprised me with a picnic after a long week, I felt an overwhelming joy for their thoughtfulness, paired with a deep gratitude for the love and care they show me daily.",Joy,"['Gratitude', 'Love']","['Reflection on relational bonds', 'Commitment to reciprocating affection']",Positive,Affectionate,9,Relationships
"After hearing my colleague dismiss my idea as impractical in front of the entire team, I felt a surge of humiliation, paired with anger, but eventually resolved to reframe the idea and present it more effectively.",Humiliation,"['Anger', 'Determination']","['Reflection on resilience', 'Commitment to professional growth']",Negative,Assertive,8,Workplace
"When I saw the news about a species going extinct due to deforestation, I felt a profound sadness for the loss, mixed with guilt for my own environmental impact and a renewed determination to adopt sustainable practices.",Sadness,"['Guilt', 'Determination']","['Reflection on personal responsibility', 'Commitment to conservation']",Negative,Activating,9,Environmental Issues
"As I revisited my favorite childhood playground, now abandoned, I felt a bittersweet nostalgia for the joy it once brought me, mixed with sadness for how much has changed over the years.",Nostalgia,"['Sadness', 'Reflection']","['Awareness of life’s impermanence', 'Gratitude for cherished memories']",Mixed,Reflective,8,Family
"When I realized I had misjudged a friend’s intentions, I felt a deep regret for my assumptions, paired with relief as they graciously accepted my apology.",Regret,"['Relief', 'Gratitude']","['Reflection on communication', 'Commitment to building trust']",Negative,Supportive,7,Friendship
"Standing under the clear night sky, surrounded by silence, I felt a serene awe for the vastness of the universe, paired with humility for my small place within it.",Amazement,"['Humility', 'Gratitude']","['Reflection on cosmic interconnectedness', 'Gratitude for peaceful moments']",Positive,Reverent,9,Nature
"After my partner canceled our anniversary dinner at the last minute, I felt hurt and disappointed, but I chose to focus on understanding their reasons rather than letting resentment build.",Hurt,"['Disappointment', 'Empathy']","['Commitment to open communication', 'Reflection on shared priorities']",Negative,Supportive,8,Relationships
"When the unexpected bill arrived in my mailbox, I felt a wave of panic about my finances, quickly followed by determination to adjust my budget and manage the expense responsibly.",Panic,"['Determination', 'Relief']","['Reflection on adaptability', 'Commitment to financial stability']",Negative,Reassuring,8,Finance
"When the athlete I coached stood on the podium holding the gold medal, I felt a swelling pride for their achievement, paired with a subtle nostalgia for the early days of their journey.",Pride,"['Nostalgia', 'Gratitude']","['Reflection on mentorship', 'Gratitude for shared success']",Positive,Empowering,9,Sports
"As the customer berated the cashier at the grocery store, I felt a simmering anger at their cruelty, balanced by compassion for the cashier’s calm and professionalism under pressure.",Anger,"['Compassion', 'Empathy']","['Reflection on fairness', 'Commitment to kindness']",Negative,Supportive,7,Community
"When my child showed me their drawing of our family, I felt an overwhelming joy for their creativity, paired with gratitude for the love and effort they put into their art.",Joy,"['Gratitude', 'Pride']","['Reflection on nurturing talents', 'Gratitude for shared moments']",Positive,Affectionate,9,Parenting
"As I packed the last of my belongings from my first apartment, I felt a quiet sadness for leaving behind a place filled with memories, mixed with a hopeful anticipation for what the future held.",Sadness,"['Hope', 'Gratitude']","['Reflection on life’s transitions', 'Commitment to embracing change']",Mixed,Encouraging,8,Transition
"When my mentor praised my work during our meeting, I felt a profound pride in my progress, tempered by a quiet humility in recognizing how much more I had to learn.",Pride,"['Humility', 'Gratitude']","['Reflection on shared growth', 'Commitment to continuous improvement']",Positive,Empowering,8,Mentorship
"Walking through the crowded marketplace, I felt a blend of excitement at the vibrant energy and a subtle apprehension about navigating the unfamiliar surroundings.",Excitement,"['Curiosity', 'Apprehension']","['Gratitude for new experiences', 'Reflection on cultural sensitivity']",Ambiguous,Explorative,7,Travel
"When I found out my best friend shared my secret without permission, I felt a sharp betrayal, mixed with anger, but softened by hope that we could rebuild the trust between us.",Betrayal,"['Anger', 'Hope']","['Reflection on trust dynamics', 'Commitment to relational healing']",Negative,Supportive,8,Friendship
"Standing in the forest after the wildfire, surrounded by ash and silence, I felt a heavy grief for the destruction, paired with awe for the resilience of small green shoots already emerging.",Grief,"['Amazement', 'Gratitude']","['Reflection on nature’s cycles', 'Commitment to environmental recovery']",Mixed,Reverent,9,Environmental Issues
"When my partner forgot our anniversary, I felt a deep sadness at being overlooked, paired with determination to express my feelings openly and work together to strengthen our bond.",Sadness,"['Determination', 'Hope']","['Reflection on emotional needs', 'Commitment to relational communication']",Negative,Supportive,7,Relationships
"When I saw my child finally stand up for themselves at school, I felt a rush of pride for their bravery, mixed with a subtle guilt for not always being able to protect them.",Pride,"['Guilt', 'Relief']","['Reflection on parenting challenges', 'Gratitude for their resilience']",Positive,Empowering,9,Parenting
"As I walked past the now-closed bakery where I spent countless mornings with my grandfather, I felt a bittersweet nostalgia for those memories, paired with gratitude for the time we shared.",Nostalgia,"['Gratitude', 'Reflection']","['Awareness of life’s impermanence', 'Commitment to honoring connections']",Mixed,Reflective,8,Family
"After my coworker received recognition for work I contributed to, I felt a surge of frustration, but I resolved to address it calmly and ensure my efforts were acknowledged in the future.",Frustration,"['Determination', 'Reflection']","['Commitment to assertiveness', 'Reflection on workplace dynamics']",Negative,Assertive,7,Workplace
"As I revisited my childhood diary, I felt a deep nostalgia for the person I once was, paired with gratitude for the growth I’ve experienced since then.",Nostalgia,"['Gratitude', 'Reflection']","['Awareness of personal evolution', 'Commitment to self-compassion']",Positive,Contemplative,7,Self-Reflection
"When I saw the team I coached win the championship, I felt an overwhelming pride in their success, paired with a humble gratitude for being part of their journey.",Pride,"['Gratitude', 'Relief']","['Reflection on mentorship', 'Gratitude for shared victories']",Positive,Empowering,9,Sports
"When my friend confessed they’d been avoiding my calls, I felt a sting of hurt but softened it with empathy as they opened up about their struggles.",Hurt,"['Empathy', 'Understanding']","['Reflection on relational trust', 'Commitment to offering support']",Ambiguous,Supportive,8,Friendship
"When my professor unexpectedly praised my work in front of the class, I felt a deep pride in my effort, paired with a quiet humility knowing there’s always more to learn.",Pride,"['Humility', 'Gratitude']","['Reflection on growth through mentorship', 'Commitment to learning']",Positive,Empowering,8,Education
"When the train I was on stalled between stations, I felt a rising frustration at the delay, balanced by a serene gratitude for the unexpected opportunity to pause and reflect.",Frustration,"['Serenity', 'Reflection']","['Awareness of adaptability', 'Gratitude for quiet moments']",Mixed,Reassuring,6,Travel
"After my child brought home a handmade card saying ‘Thank you for believing in me,’ I felt an overwhelming joy for their gratitude, mixed with a quiet pride for nurturing their confidence.",Joy,"['Pride', 'Gratitude']","['Reflection on parenting impact', 'Gratitude for mutual love']",Positive,Affectionate,9,Parenting
"Walking through the vibrant market filled with unfamiliar sights and sounds, I felt a mix of curiosity and excitement, paired with a subtle apprehension about respecting the local culture.",Curiosity,"['Excitement', 'Apprehension']","['Commitment to cultural understanding', 'Gratitude for new experiences']",Ambiguous,Explorative,7,Travel
"After being blamed for a mistake I didn’t make at work, I felt a sharp wave of frustration and anger, but I resolved to calmly explain my side of the story to clear any misunderstandings.",Frustration,"['Anger', 'Determination']","['Commitment to professionalism', 'Reflection on maintaining composure']",Negative,Assertive,8,Workplace
"When my sibling got into a college I was rejected from, I felt a fleeting jealousy, but it was soon replaced by genuine pride for their achievement and inspiration to continue improving myself.",Jealousy,"['Pride', 'Inspiration']","['Reflection on personal growth', ""Commitment to celebrating others' successes""]",Ambiguous,Encouraging,7,Family
"Walking through the abandoned library where I once spent hours studying, I felt a bittersweet nostalgia for its quiet beauty, mixed with sadness for how neglected it had become.",Nostalgia,"['Sadness', 'Reflection']","['Awareness of impermanence', 'Gratitude for formative experiences']",Mixed,Reflective,8,Education
"When my friend apologized for a harsh comment they made earlier, I felt a lingering hurt, softened by gratitude for their honesty and a resolve to move forward positively.",Hurt,"['Gratitude', 'Relief']","['Reflection on forgiveness', 'Commitment to strengthening the relationship']",Negative,Supportive,7,Friendship
"Standing on the cliff overlooking the ocean at sunrise, I felt a serene awe at the endless horizon, paired with gratitude for the opportunity to witness such beauty.",Amazement,"['Gratitude', 'Serenity']","[""Reflection on life's vastness"", 'Gratitude for nature’s moments']",Positive,Reverent,9,Nature
"After receiving yet another rejection email from a job application, I felt a heavy disappointment, but it was paired with a quiet determination to refine my resume and keep trying.",Disappointment,"['Determination', 'Reflection']","['Commitment to resilience', 'Reflection on persistence']",Negative,Encouraging,8,Career
"When the power outage left the entire neighborhood in darkness, I initially felt irritation, but it quickly turned into a peaceful calm as I lit candles and enjoyed the rare quiet.",Irritation,"['Serenity', 'Gratitude']","['Reflection on simplicity', 'Gratitude for a pause from technology']",Mixed,Reassuring,6,Everyday Life
"When my child graduated after years of struggle, I felt a profound pride in their resilience, paired with gratitude for the support we had given each other along the way.",Pride,"['Gratitude', 'Relief']","['Reflection on perseverance', 'Gratitude for shared effort']",Positive,Empowering,9,Family
"Walking through the crowded market in a foreign country, I felt a mix of curiosity at the vibrant atmosphere and apprehension about navigating the unfamiliar cultural norms.",Curiosity,"['Apprehension', 'Excitement']","['Commitment to cultural understanding', 'Gratitude for new experiences']",Ambiguous,Explorative,7,Travel
"When my colleague credited me in their presentation, I felt a quiet gratitude for their acknowledgment, paired with pride in the value of my contributions.",Gratitude,"['Pride', 'Relief']","['Reflection on teamwork', 'Commitment to fostering collaboration']",Positive,Empowering,7,Workplace
"As I watched the ceremony honoring the volunteers, I felt a deep admiration for their selflessness, mixed with a subtle guilt for not doing more to contribute myself.",Admiration,"['Guilt', 'Inspiration']","['Reflection on personal responsibility', 'Commitment to take meaningful action']",Mixed,Reverent,8,Community
"When my partner surprised me with a heartfelt letter after a difficult week, I felt an overwhelming joy, paired with gratitude for their kindness and love.",Joy,"['Gratitude', 'Connection']","['Reflection on relational depth', 'Gratitude for mutual care']",Positive,Affectionate,9,Relationships
"When the storm washed away the sandcastle my child and I had spent hours building, I felt a momentary sadness for its loss, balanced by gratitude for the time we had spent creating it together.",Sadness,"['Gratitude', 'Reflection']","['Awareness of impermanence', 'Gratitude for shared moments']",Mixed,Supportive,6,Parenting
"Can’t believe my boss blamed me for something I didn’t even do in front of the whole team. Feels so unfair, but I’m going to document everything and stay calm when I bring this up next week.",Frustration,"['Anger', 'Determination']","['Reflection on professionalism', 'Commitment to fairness']",Negative,Assertive,8,Workplace
"Just saw a post about the Amazon rainforest losing another huge chunk to deforestation. It breaks my heart. I feel so guilty for not doing enough, but I’m donating to a reforestation fund now.",Sadness,"['Guilt', 'Determination']","['Commitment to action', 'Reflection on environmental responsibility']",Negative,Activating,9,Global Issues
Found my old high school yearbook while cleaning today. Flipping through it made me so nostalgic for those simpler times. Life felt so much less complicated back then.,Nostalgia,"['Reflection', 'Gratitude']","['Awareness of personal growth', 'Commitment to cherishing memories']",Positive,Reflective,6,Self-Reflection
"To the stranger who returned my lost wallet intact: THANK YOU! Your honesty means the world to me, and you’ve restored my faith in people. 💕",Gratitude,"['Relief', 'Amazement']","['Reflection on trust', 'Commitment to paying kindness forward']",Positive,Affectionate,8,Community
"Missed my train today because I stopped to help someone with directions. It’s annoying, but their smile made it worth it. Guess I can just catch the next one.",Irritation,"['Gratitude', 'Relief']","['Reflection on small acts of kindness', 'Commitment to staying patient']",Mixed,Reassuring,6,Everyday Life
"My little sister just got into her dream college, the same one I couldn’t get into. I’m so proud of her, but I’d be lying if I said I wasn’t a little jealous. Still, she deserves it!",Pride,"['Jealousy', 'Admiration']","['Reflection on sibling dynamics', 'Commitment to supporting loved ones']",Ambiguous,Supportive,7,Family
"I just finished the book that everyone’s been raving about, and honestly? I don’t get the hype. It was beautifully written, sure, but the ending left me so unsatisfied. 😕",Disappointment,"['Frustration', 'Reflection']","['Commitment to exploring diverse perspectives', 'Reflection on unmet expectations']",Negative,Contemplative,6,Entertainment
"Had a heated argument with my roommate today. I hate fighting like this, but I also feel like it helped us clear the air. Hoping we can move forward now.",Frustration,"['Relief', 'Hope']","['Reflection on conflict resolution', 'Commitment to mutual understanding']",Mixed,Supportive,7,Relationships
"Walking through the crowded market in Istanbul was overwhelming and exciting at the same time. The colors, the smells, the energy—it’s like no place I’ve ever been before.",Excitement,"['Curiosity', 'Apprehension']","['Commitment to cultural exploration', 'Gratitude for new experiences']",Ambiguous,Explorative,8,Travel
My favorite bakery closed down today. I feel so sad about it—it was my go-to place for comfort after a long day. But I’m grateful for all the cozy memories it gave me.,Sadness,"['Gratitude', 'Reflection']","['Awareness of change', 'Commitment to cherishing small joys']",Mixed,Supportive,7,Community
"When my partner surprised me with flowers after a rough week, I felt such a warm joy. It’s the little things that remind you how much someone cares. 🌹",Joy,"['Gratitude', 'Love']","['Reflection on relational bonds', 'Gratitude for thoughtful gestures']",Positive,Affectionate,9,Relationships
"Sat at the piano tonight for the first time in months. Felt rusty at first, but by the end, it was like I never stopped. Music always has a way of bringing me home. 🎵",Serenity,"['Gratitude', 'Reflection']","['Commitment to rekindling passions', 'Awareness of creativity’s power']",Positive,Reflective,7,Creativity
"The power went out for hours today, and I felt so annoyed at first. But honestly, I ended up enjoying the quiet. Spent the time reading by candlelight—it was kind of peaceful.",Irritation,"['Serenity', 'Gratitude']","['Reflection on slowing down', 'Gratitude for unexpected calm']",Mixed,Reassuring,6,Everyday Life
"Just finished volunteering at the animal shelter, and my heart is so full. Seeing those wagging tails and purring kittens reminded me why I started helping out in the first place. 🐾",Gratitude,"['Pride', 'Joy']","['Reflection on compassion', 'Commitment to contributing positively']",Positive,Empowering,9,Community
Can’t believe I had to cover for a coworker AGAIN today. I’m so tired of being taken for granted at work. Time to set some serious boundaries next week.,Frustration,"['Resentment', 'Determination']","['Reflection on self-worth', 'Commitment to workplace fairness']",Negative,Assertive,8,Workplace
"Just saw a post about another mass shooting. It’s heartbreaking. I don’t even know what to say anymore. Donating to a victims’ fund now, but it feels like we need so much more than thoughts and prayers. 😔",Sadness,"['Empathy', 'Determination']","['Reflection on systemic issues', 'Commitment to social change']",Negative,Activating,9,Global Issues
Found an old playlist I made back in high school. Listening to it now is taking me back to such carefree times. It’s wild how music can hold so many memories. 🎶,Nostalgia,"['Gratitude', 'Reflection']","['Awareness of personal growth', 'Gratitude for artistic connection']",Positive,Reflective,6,Music
"To the person who returned my lost phone today: You’re amazing! You didn’t have to, but you did. Thanks for reminding me there’s still good people in this world. 😊",Gratitude,"['Relief', 'Amazement']","['Reflection on kindness', 'Commitment to spreading positivity']",Positive,Affectionate,8,Community
"Had a mini meltdown when my toddler spilled juice all over my laptop today. I was so mad in the moment, but looking at their little face, I couldn’t stay upset for long. Accidents happen. 🧃",Anger,"['Relief', 'Understanding']","['Reflection on patience', 'Commitment to empathy']",Mixed,Supportive,6,Parenting
"My cousin landed their dream job, and I’m SO happy for them. A tiny part of me feels jealous, but mostly, I’m inspired to chase my own goals even harder.",Pride,"['Jealousy', 'Inspiration']","['Reflection on ambition', 'Commitment to self-improvement']",Ambiguous,Encouraging,7,Family
"Just watched the finale of my favorite series, and I have mixed feelings. It was emotional and beautiful, but I wish the ending had been more satisfying. 😕",Disappointment,"['Admiration', 'Reflection']","['Reflection on storytelling', 'Gratitude for the emotional journey']",Mixed,Contemplative,6,Entertainment
"Had a tough conversation with my best friend today. It was emotional, but I feel like we’re stronger for it now. Real friendships aren’t always easy, but they’re worth it. 💛",Relief,"['Hope', 'Gratitude']","['Reflection on relational growth', 'Commitment to mutual understanding']",Positive,Supportive,7,Friendship
"Walking through the night market tonight was a sensory overload in the best way possible. The lights, the smells, the chaos—it felt like stepping into another world. 🌍",Excitement,"['Curiosity', 'Gratitude']","['Reflection on cultural richness', 'Commitment to embracing adventure']",Positive,Explorative,8,Travel
"My childhood park is being torn down to make space for a new mall. It feels like losing a piece of my past, but I’m grateful for all the memories I’ll carry with me.",Sadness,"['Gratitude', 'Reflection']","['Reflection on change', 'Commitment to cherishing nostalgia']",Mixed,Supportive,7,Community
"After weeks of self-doubt, I finally submitted my writing to a magazine. I’m so nervous, but also proud of myself for taking the leap. 🌟",Pride,"['Nervousness', 'Determination']","['Reflection on courage', 'Commitment to self-expression']",Positive,Empowering,9,Creativity
"Power went out in the middle of dinner, and at first, I was so annoyed. But then, we lit candles and ended up having a really cozy family evening. Not so bad after all. 🕯️",Irritation,"['Serenity', 'Gratitude']","['Reflection on flexibility', 'Gratitude for simple joys']",Mixed,Reassuring,6,Everyday Life
Spent the afternoon volunteering at the animal shelter. The wagging tails and happy barks made me feel like I was exactly where I needed to be. 🐶❤️,Joy,"['Gratitude', 'Connection']","['Reflection on purpose', 'Commitment to compassionate acts']",Positive,Empowering,9,Community
"My boss just gave me credit for a project I didn’t even work on. While it was nice to be recognized, it felt weird knowing someone else deserved it more. Gonna try to set things straight tomorrow.",Gratitude,"['Guilt', 'Determination']","['Reflection on integrity', 'Commitment to fairness']",Ambiguous,Supportive,7,Workplace
Scrolling through Instagram and seeing all these perfect vacation photos while I’m sitting at home broke. Feeling a little jealous but also motivated to save up and plan my own adventure someday.,Jealousy,"['Motivation', 'Admiration']","['Reflection on personal aspirations', 'Commitment to long-term goals']",Ambiguous,Encouraging,6,Social Media
"Spent the whole weekend deep cleaning my place. Exhausting, but now it feels like a fresh start. There’s something so satisfying about seeing everything neat and organized again. ✨",Relief,"['Satisfaction', 'Gratitude']","['Reflection on the benefits of effort', 'Commitment to maintaining organization']",Positive,Empowering,8,Everyday Life
"Got into a heated debate on Reddit today. Honestly, I felt frustrated by how stubborn some people are, but it also forced me to rethink and strengthen my own arguments.",Frustration,"['Determination', 'Reflection']","['Commitment to respectful discourse', 'Reflection on intellectual growth']",Mixed,Assertive,7,Discussion
"Found an old letter from my grandmother in a drawer today. It made me cry, but in a good way. I miss her so much, but I’m grateful for the memories and the lessons she left behind. 💌",Sadness,"['Gratitude', 'Reflection']","['Awareness of legacy', 'Commitment to honoring memories']",Mixed,Reflective,8,Family
"Ugh, lost my wallet at the grocery store today. Thankfully, someone turned it in untouched. So stressed at first, but honestly feeling so relieved now. Restoring my faith in people a little. 😊",Relief,"['Gratitude', 'Amazement']","['Reflection on human kindness', 'Commitment to paying it forward']",Positive,Supportive,7,Community
"When I heard my partner laugh at something I was insecure about, it really hurt. But after we talked, I realized they didn’t mean it that way at all. Communication is everything. 💛",Hurt,"['Relief', 'Empathy']","['Reflection on misunderstandings', 'Commitment to relational growth']",Mixed,Supportive,8,Relationships
"Visited the new coffee shop downtown today. The espresso was amazing, but the atmosphere felt a bit too cold and minimal for me. 🤷‍♀️ Maybe it’ll grow on me with time.",Satisfaction,"['Disappointment', 'Curiosity']","['Reflection on first impressions', 'Commitment to exploring new places']",Ambiguous,Explorative,6,Leisure
"Went on a sunrise hike this morning, and wow... it was worth every second. There’s something so humbling about watching the world wake up around you. 🌄",Amazement,"['Serenity', 'Gratitude']","['Reflection on nature’s beauty', 'Commitment to embracing the present']",Positive,Reverent,9,Nature
Found out the park where I proposed to my partner is being turned into a parking lot. It’s breaking my heart. I wish more people understood the importance of preserving spaces like this. 😔,Sadness,"['Frustration', 'Reflection']","['Commitment to advocacy', 'Awareness of environmental priorities']",Negative,Activating,8,Community
"Finally started my small business Instagram today! Feeling both super nervous and excited. I’ve been dreaming about this for years, and it’s time to make it happen. 💪",Excitement,"['Nervousness', 'Determination']","['Reflection on ambition', 'Commitment to building a dream']",Positive,Empowering,9,Entrepreneurship
"Had to say goodbye to our family dog today. My heart is shattered, but I’m also so grateful for the years of love and happiness they gave us. Rest easy, buddy. 🐾",Grief,"['Gratitude', 'Reflection']","['Awareness of life’s impermanence', 'Commitment to cherishing memories']",Mixed,Supportive,9,Family
Just watched the most incredible sunset while on a solo road trip. It reminded me how much beauty there is in slowing down and just being present. 🌅,Serenity,"['Gratitude', 'Reflection']","['Commitment to mindfulness', 'Gratitude for nature’s gifts']",Positive,Reverent,8,Travel
"Today I found out my coworker took credit for my idea in a meeting. I’m furious but also weirdly disappointed in myself for not speaking up when I had the chance. Next time, I’m owning my work.",Anger,"['Disappointment', 'Determination']","['Reflection on self-advocacy', 'Commitment to assertiveness']",Negative,Assertive,8,Workplace
"Scrolling through Facebook and saw someone’s perfect engagement announcement. I’m happy for them, but it also made me realize how much I want that too. A mix of jealousy and hope, I guess.",Jealousy,"['Hope', 'Admiration']","['Reflection on personal goals', 'Commitment to building meaningful relationships']",Ambiguous,Supportive,6,Social Media
"Dropped my coffee all over my laptop today. For a second, I wanted to cry, but then I just laughed because honestly, what else can you do? Some days are just like this. ☕️😂",Frustration,"['Resignation', 'Humor']","['Reflection on resilience', 'Commitment to staying positive in chaos']",Neutral,Playful,6,Everyday Life
"Found an old photo of me and my dad fishing when I was a kid. It hit me so hard. I miss him, but I’m grateful for the memories and the lessons he gave me. 🐟❤️",Grief,"['Gratitude', 'Nostalgia']","['Reflection on familial bonds', 'Commitment to honoring memories']",Mixed,Reflective,8,Family
"Had an argument with my partner about something so small, and I felt awful afterward. But we talked it through and ended up laughing about how silly it was. Relationships are work, but they’re worth it. 💕",Relief,"['Hurt', 'Gratitude']","['Reflection on emotional dynamics', 'Commitment to communication']",Positive,Supportive,7,Relationships
"Went for a morning run in the rain, and it was surprisingly amazing. The cool air, the sound of raindrops—it was like the world paused for a moment just for me. 🌧️",Serenity,"['Gratitude', 'Amazement']","['Reflection on nature’s beauty', 'Commitment to mindfulness']",Positive,Reverent,8,Nature
My friend ghosted me for weeks and finally reached out like nothing happened. I feel hurt but also relieved they’re back. Not sure if I want to bring it up or just let it go. 🤷‍♀️,Hurt,"['Relief', 'Confusion']","['Reflection on boundaries', 'Commitment to relational balance']",Ambiguous,Reflective,7,Friendship
"Finally visited the Grand Canyon today. Pictures don’t do it justice—it’s absolutely breathtaking. I just stood there, feeling so small and so connected all at once. 🌄",Amazement,"['Humility', 'Gratitude']","['Reflection on life’s vastness', 'Commitment to exploring natural wonders']",Positive,Reverent,9,Travel
"Saw a stray dog outside today, looking so lost and scared. I couldn’t take them home, but I left them food and water. It breaks my heart that I can’t do more. 🐾",Sadness,"['Empathy', 'Helplessness']","['Reflection on compassion', 'Commitment to small acts of kindness']",Negative,Supportive,8,Community
"Went to a new pizza place tonight. The crust was incredible, but the service was so slow. Not sure if it’s worth going back, but maybe I’ll give it one more shot. 🍕",Satisfaction,"['Frustration', 'Curiosity']","['Reflection on patience', 'Commitment to open-mindedness']",Ambiguous,Explorative,6,Leisure
"After months of procrastinating, I finally started my art project today. I’m nervous about whether it’ll turn out well, but it feels so good to just begin. 🎨",Pride,"['Nervousness', 'Determination']","['Reflection on overcoming fears', 'Commitment to creative expression']",Positive,Encouraging,9,Creativity
"The local coffee shop I loved is closing down. I’m so sad to see it go. It’s where I wrote my first book, had so many conversations... Just feels like losing a piece of my story. ☕️💔",Sadness,"['Gratitude', 'Reflection']","['Awareness of change', 'Commitment to preserving meaningful memories']",Mixed,Reflective,8,Community
Had the BEST time volunteering at the food bank today. Seeing people smile when they get what they need is so rewarding. Makes me want to do more. 🥫❤️,Joy,"['Gratitude', 'Connection']","['Reflection on compassion', 'Commitment to community service']",Positive,Empowering,9,Community
"Just got into a huge argument with my sibling over something so dumb. I’m still fuming, but I know we’ll laugh about it later. Family is complicated like that. 🙄",Frustration,"['Hope', 'Resignation']","['Reflection on familial dynamics', 'Commitment to reconciliation']",Ambiguous,Supportive,7,Family
"Missed out on a promotion I really wanted. Feels like a punch in the gut, but I guess I’ll take this as a sign to work even harder. Can’t stay down for long.",Disappointment,"['Determination', 'Reflection']","['Commitment to professional growth', 'Awareness of resilience']",Negative,Encouraging,8,Career
"Today, my toddler gave me a big hug and said, ‘You’re my best friend.’ I nearly melted. Exhaustion from parenting feels so worth it in moments like these. 🥹💖",Joy,"['Gratitude', 'Connection']","['Reflection on unconditional love', 'Commitment to nurturing relationships']",Positive,Affectionate,9,Parenting
"Found an old sketchbook from my teenage years. Some of the drawings are so cringe, but I also feel proud of how far I’ve come. Art really tells your story, doesn’t it? 🎨",Nostalgia,"['Pride', 'Reflection']","['Awareness of creative growth', 'Gratitude for personal evolution']",Positive,Reflective,7,Creativity
Got ghosted by someone I thought was a good friend. Feeling hurt but also kind of relieved because I don’t need that kind of energy in my life. 🙃,Hurt,"['Relief', 'Reflection']","['Commitment to self-respect', 'Reflection on healthy boundaries']",Negative,Assertive,7,Friendship
"Visited the beach for the first time in years, and it felt like coming home. The sound of the waves and the salty air—it’s exactly what my soul needed today. 🌊",Serenity,"['Gratitude', 'Amazement']","['Reflection on nature’s healing power', 'Commitment to finding peace']",Positive,Reverent,9,Nature
"Lost my favorite necklace that my mom gave me. It feels like losing a little piece of her, but I’m trying to focus on the memories it symbolizes instead. 😞",Sadness,"['Gratitude', 'Reflection']","['Awareness of impermanence', 'Commitment to cherishing connections']",Mixed,Supportive,8,Family
"Had to cut off a toxic friendship today. It’s sad, but it also feels freeing to choose what’s best for me. Growth means making hard choices sometimes. ✂️",Relief,"['Sadness', 'Empowerment']","['Reflection on self-care', 'Commitment to emotional well-being']",Ambiguous,Assertive,8,Friendship
"Had the most chaotic morning ever—missed the bus, spilled coffee on my shirt, and forgot my lunch. Honestly, I just have to laugh at this point. What a day. 😂☕",Frustration,"['Resignation', 'Humor']","['Reflection on adaptability', 'Commitment to finding lightness in chaos']",Neutral,Playful,6,Everyday Life
"Finally finished the marathon I’ve been training for! My legs feel like jelly, but the sense of accomplishment is unmatched. 🏅",Pride,"['Exhaustion', 'Gratitude']","['Reflection on perseverance', 'Gratitude for personal milestones']",Positive,Empowering,9,Sports
Spent the afternoon volunteering at a local soup kitchen. It’s humbling to see how much a warm meal can mean to someone. Reminded me to be grateful for what I have. 🍲,Gratitude,"['Empathy', 'Connection']","['Reflection on compassion', 'Commitment to helping others']",Positive,Empowering,8,Community
"Saw a post about an endangered species going extinct, and it crushed me. I feel so helpless but also more motivated to donate and raise awareness about conservation. 🌿",Sadness,"['Determination', 'Empathy']","['Commitment to advocacy', 'Reflection on shared responsibility']",Negative,Activating,9,Global Issues
"Caught a beautiful sunset while stuck in traffic. Honestly, it made me forget about the stress for a second. Nature has a way of grounding you, doesn’t it? 🌅",Serenity,"['Gratitude', 'Reflection']","['Awareness of small joys', 'Commitment to mindfulness']",Positive,Reverent,8,Nature
"Got into a fight with my partner over something petty. I feel so stupid for letting it escalate, but I’m planning to apologize and talk it out. Relationships aren’t easy, but they’re worth it. 💛",Regret,"['Hurt', 'Determination']","['Reflection on conflict resolution', 'Commitment to relational growth']",Negative,Supportive,7,Relationships
"Finally launched my small business today! I’m excited but also TERRIFIED. It’s a dream come true, but I feel so much pressure to succeed. 💪",Excitement,"['Nervousness', 'Determination']","['Reflection on ambition', 'Commitment to perseverance']",Positive,Empowering,9,Entrepreneurship
"Lost my job unexpectedly this week. I’m crushed, but I know this is just a chapter, not the whole book. Time to dust myself off and start looking for the next opportunity. 💼",Despair,"['Hope', 'Determination']","['Reflection on resilience', 'Commitment to adaptability']",Negative,Encouraging,8,Career
"Went hiking this morning and saw the sunrise over the mountains. It reminded me how small I am in the grand scheme of things, but in a comforting way. 🌄",Serenity,"['Amazement', 'Humility']","['Reflection on interconnectedness', ""Gratitude for nature's beauty""]",Positive,Reverent,8,Nature
"When my best friend posted about their new promotion, I was genuinely happy for them, but it also made me feel a little jealous. Guess I need to step up my game too. 😊",Pride,"['Jealousy', 'Admiration']","['Reflection on personal goals', 'Commitment to self-improvement']",Ambiguous,Encouraging,6,Friendship
Dropped my phone in the toilet today. First reaction: PANIC. Second reaction: Why am I like this? Third reaction: At least it’s still under warranty. 🤦‍♀️,Frustration,"['Relief', 'Humor']","['Reflection on mishaps', 'Commitment to staying composed in chaos']",Neutral,Playful,6,Everyday Life
"Found an old mixtape my ex made for me. It brought back so many emotions—some good, some bad. I guess healing isn’t always linear. 🎶",Nostalgia,"['Sadness', 'Gratitude']","['Reflection on past relationships', 'Commitment to emotional healing']",Mixed,Reflective,7,Relationships
"Got ghosted by someone I really liked. I feel hurt, but I’m trying to focus on the fact that I deserve someone who values me. Moving on. ✌️",Hurt,"['Empowerment', 'Resilience']","['Reflection on self-worth', 'Commitment to healthy connections']",Negative,Assertive,7,Dating
Sat down with my grandparents today and listened to their old stories. It made me so grateful for the life they built for our family. 🕰️,Gratitude,"['Admiration', 'Connection']","['Reflection on familial legacy', 'Commitment to cherishing shared history']",Positive,Affectionate,9,Family
"Accidentally overwatered my houseplant, and now it looks like it’s dying. Feeling like the worst plant parent ever, but I’m determined to save it. 🌱",Guilt,"['Determination', 'Hope']","['Reflection on care and responsibility', 'Commitment to nurturing growth']",Negative,Encouraging,6,Everyday Life
Saw a street artist create a mural today. It was so mesmerizing—I couldn’t stop watching. People like that make the world feel more alive. 🎨,Amazement,"['Inspiration', 'Gratitude']","['Reflection on creativity', 'Commitment to appreciating art']",Positive,Reverent,8,Art
Spent the afternoon volunteering at a local shelter. It reminded me how much even small acts of kindness can mean to someone. Feeling so humbled and grateful. 🐾❤️,Gratitude,"['Empathy', 'Connection']","['Reflection on compassion', 'Commitment to giving back']",Positive,Empowering,9,Community
Missed the bus on my way to an interview and had to run the rest of the way. Showed up sweaty and stressed but nailed the interview anyway. Sometimes chaos leads to success. 🚶‍♂️💼,Stress,"['Relief', 'Pride']","['Reflection on perseverance', 'Commitment to staying adaptable']",Mixed,Encouraging,8,Career
"My manager criticized me in front of the whole team today. I felt humiliated and angry, but I know I’ll use this to be even better at my job. Time to prove them wrong.",Humiliation,"['Anger', 'Determination']","['Reflection on resilience', 'Commitment to self-improvement']",Negative,Assertive,8,Workplace
"Scrolling through Instagram and saw a friend’s perfect family vacation pics. It made me feel happy for them, but also a little sad thinking about how much I miss traveling. Gotta start planning my own trip soon. ✈️",Jealousy,"['Happiness', 'Inspiration']","['Reflection on personal aspirations', 'Commitment to self-care']",Ambiguous,Encouraging,6,Social Media
"Lost my favorite earrings today—the ones my mom gave me before she passed. I feel like crying, but I’m reminding myself it’s the memories that matter, not the objects. 💔",Grief,"['Sadness', 'Gratitude']","['Reflection on loss', 'Commitment to cherishing intangible connections']",Negative,Supportive,9,Family
"Found out my younger sibling got into the same college I didn’t. I’m SO proud of them, but I can’t help feeling a little jealous too. It’s a weird mix of emotions.",Pride,"['Jealousy', 'Gratitude']","['Reflection on sibling dynamics', ""Commitment to celebrating others' successes""]",Mixed,Supportive,7,Family
Went on a solo hike today and saw the most incredible waterfall. It made me realize how much I love being out in nature. Feeling so at peace right now. 🌿,Serenity,"['Amazement', 'Gratitude']","['Reflection on nature’s healing power', 'Commitment to mindfulness']",Positive,Reverent,8,Nature
"My friend bailed on me last minute today, and I felt so hurt. But I reminded myself that they’ve been going through a tough time lately, so I’m choosing to let it slide.",Hurt,"['Understanding', 'Empathy']","['Reflection on relational trust', 'Commitment to supporting loved ones']",Negative,Supportive,7,Friendship
"Dropped my phone while running to catch the bus. I was so mad at myself at first, but then I laughed because it’s honestly such a ‘me’ thing to do. 🤷‍♀️",Frustration,"['Humor', 'Resignation']","['Reflection on mishaps', 'Commitment to embracing imperfections']",Neutral,Playful,6,Everyday Life
"Finally finished my first short story and submitted it to a contest! I’m so nervous about what people will think, but I’m proud I took the leap. 📝",Pride,"['Nervousness', 'Gratitude']","['Reflection on creative courage', 'Commitment to self-expression']",Positive,Encouraging,8,Creativity
Visited a local shelter to donate blankets today. Seeing how grateful everyone was reminded me how small acts of kindness can make such a big difference. 🥹,Gratitude,"['Empathy', 'Satisfaction']","['Reflection on generosity', 'Commitment to helping others']",Positive,Empowering,9,Community
"Tried cooking a new recipe tonight, and it was a DISASTER. The kitchen’s a mess, but honestly, it was kind of fun experimenting. Will I try it again? Maybe. 😂",Frustration,"['Humor', 'Curiosity']","['Reflection on creativity', 'Commitment to learning through mistakes']",Neutral,Playful,6,Leisure
"Watched a documentary about the plastic crisis today, and I feel so guilty about how much waste I produce. Time to start making some serious changes. 🌍",Guilt,"['Determination', 'Reflection']","['Commitment to environmental responsibility', 'Awareness of personal impact']",Negative,Activating,8,Global Issues
Saw my favorite street musician playing today. Their music always makes me feel so alive and connected to the world around me. 🎵,Amazement,"['Gratitude', 'Inspiration']","['Reflection on artistic expression', 'Commitment to appreciating beauty']",Positive,Reverent,8,Art
"Had to say goodbye to our family dog today. My heart feels so heavy, but I’m grateful for the love and joy they brought to our lives. Rest easy, buddy. 🐾❤️",Grief,"['Gratitude', 'Reflection']","['Reflection on loss', 'Commitment to cherishing memories']",Mixed,Supportive,9,Family
"Got an email from my professor saying I didn’t pass the class. I’m crushed. But after crying it out, I’ve decided I’m not giving up. I’ll retake it next semester and do better.",Disappointment,"['Determination', 'Sadness']","['Reflection on resilience', 'Commitment to self-growth']",Negative,Encouraging,9,Education
"Saw my cousin post pics of their new house on Facebook, and it looks AMAZING. I’m so happy for them, but it’s hard not to feel a little jealous. Someday, I’ll get there too. 🏡",Jealousy,"['Admiration', 'Hope']","['Reflection on personal goals', 'Commitment to perseverance']",Ambiguous,Supportive,7,Family
"Had the absolute WORST day at work—spilled coffee on myself, missed a deadline, and got called out in a meeting. I wanted to scream, but I’m trying to remind myself it’s just one bad day. 😩",Frustration,"['Embarrassment', 'Resignation']","['Reflection on managing setbacks', 'Commitment to staying calm under pressure']",Negative,Reassuring,8,Workplace
Went to the park and saw two little kids sharing a snack. It made me smile so much—it’s amazing how simple kindness can be. 😊,Joy,"['Gratitude', 'Amazement']","['Reflection on human connection', 'Commitment to appreciating small acts of kindness']",Positive,Affectionate,7,Community
"Just finished my first big painting project. I’m nervous about showing it to others, but I’m also so proud of myself for taking the time to create something meaningful. 🎨",Pride,"['Nervousness', 'Gratitude']","['Reflection on creative bravery', 'Commitment to artistic growth']",Positive,Encouraging,8,Creativity
"Had to say goodbye to my cat today after 15 wonderful years together. My heart feels so heavy, but I’m grateful for every cuddle and every purr. 🐾💔",Grief,"['Gratitude', 'Reflection']","['Awareness of loss', 'Commitment to cherishing memories']",Mixed,Supportive,9,Family
"Went to a friend’s housewarming party and couldn’t help but feel out of place. Everyone seemed to have their lives together, and I’m just... stuck. Trying not to let it get to me.",Insecurity,"['Sadness', 'Determination']","['Reflection on self-worth', 'Commitment to self-improvement']",Negative,Encouraging,8,Social
"Visited a shelter today to volunteer, and seeing the wagging tails of those dogs made me realize how much joy they still find despite everything. Truly humbling. 🐶",Gratitude,"['Empathy', 'Connection']","['Reflection on resilience', 'Commitment to acts of kindness']",Positive,Empowering,9,Community
Caught the sunset from my rooftop tonight. It was one of those moments where the world just feels... still. Grateful for this tiny pause in the chaos. 🌅,Serenity,"['Gratitude', 'Reflection']","['Commitment to mindfulness', 'Gratitude for natural beauty']",Positive,Reverent,8,Nature
"Dropped my lunch while rushing out the door today. I was so annoyed, but then I just laughed because honestly, what else can you do? Some days are just chaos. 🍴",Frustration,"['Humor', 'Resignation']","['Reflection on adaptability', 'Commitment to staying lighthearted']",Neutral,Playful,6,Everyday Life
Had a deep conversation with my grandpa today about his childhood. Hearing about all the things he went through made me realize how much strength runs in our family. 🕰️,Admiration,"['Gratitude', 'Connection']","['Reflection on legacy', 'Commitment to preserving stories']",Positive,Affectionate,9,Family
"Watched a documentary about ocean pollution, and now I feel so guilty about how much plastic I use. Gonna start making small changes—every bit counts, right? 🌊",Guilt,"['Determination', 'Empathy']","['Commitment to environmental responsibility', 'Reflection on personal impact']",Negative,Activating,8,Global Issues
"Tried a new workout today, and I feel SO out of shape. But hey, at least I started, right? Here’s to small steps. 💪",Embarrassment,"['Determination', 'Hope']","['Commitment to perseverance', 'Reflection on starting small']",Positive,Encouraging,7,Health
"Saw someone post their fitness transformation, and it made me feel so inadequate about my own progress. But then I thought—why compare? Their success doesn’t take away from my journey. Time to focus on my own goals! 💪",Insecurity,"['Inspiration', 'Determination']","['Reflection on self-comparison', 'Commitment to personal growth']",Ambiguous,Supportive,7,Social Media
"My partner planned a surprise picnic for us today, and it was exactly what I needed after such a stressful week. Feeling so loved and grateful. 🌼",Gratitude,"['Joy', 'Love']","['Reflection on emotional support', 'Commitment to nurturing connections']",Positive,Affectionate,9,Relationships
"Walked into a meeting today only to realize I was wearing mismatched shoes. Mortified doesn’t even begin to describe it. But hey, at least I gave everyone a good laugh. 🤦‍♂️",Embarrassment,"['Humor', 'Resignation']","['Reflection on embracing imperfections', 'Commitment to staying lighthearted']",Neutral,Playful,6,Workplace
"Lost my temper with my mom today over something silly. I feel awful about it now and plan to apologize. She deserves better, and I want to do better.",Regret,"['Guilt', 'Determination']","['Reflection on emotional control', 'Commitment to repairing relationships']",Negative,Supportive,8,Family
Visited a new gallery downtown and saw an exhibit that absolutely blew me away. It reminded me how powerful art can be in connecting people to emotions they didn’t even realize they had. 🎨,Amazement,"['Gratitude', 'Inspiration']","['Reflection on creativity', 'Commitment to celebrating art']",Positive,Reverent,8,Art
"Just saw a video about a dog being rescued from a bad situation, and I’m crying. It’s heartbreaking to know this happens, but seeing that happy ending gave me so much hope. 🐾",Sadness,"['Hope', 'Gratitude']","['Reflection on kindness', 'Commitment to advocating for animals']",Mixed,Supportive,8,Community
"Had the most chaotic morning—spilled coffee, missed my bus, forgot my lunch. It was a total mess, but hey, at least I survived it. Tomorrow’s a new day. ☕️😂",Frustration,"['Humor', 'Resilience']","['Reflection on small setbacks', 'Commitment to finding perspective']",Neutral,Playful,6,Everyday Life
"Watched a documentary on climate change, and now I feel so guilty about the choices I’ve been making. It’s time to start living more sustainably and take some real action. 🌍",Guilt,"['Determination', 'Empathy']","['Reflection on global responsibility', 'Commitment to environmental activism']",Negative,Activating,8,Global Issues
"Finally went for a run after weeks of putting it off, and I’m out of breath but feeling SO proud of myself. Small steps, right? 🏃‍♀️",Pride,"['Relief', 'Determination']","['Reflection on consistency', 'Commitment to building habits']",Positive,Encouraging,8,Health
Sat with my grandma today while she told me stories about her childhood. It made me realize how much history and wisdom she carries. I’m so grateful for these moments. 🕰️,Gratitude,"['Admiration', 'Connection']","['Reflection on legacy', 'Commitment to preserving stories']",Positive,Affectionate,9,Family
"The park where I used to play as a kid is being turned into a parking lot. I feel so sad about it, but I’m also determined to speak up and preserve what’s left of our green spaces. 🌳",Sadness,"['Determination', 'Reflection']","['Commitment to advocacy', 'Awareness of environmental priorities']",Mixed,Activating,8,Community
"Finally submitted my big project at work. I’m so relieved it’s done, but I can’t stop second-guessing if it’s good enough. Time to let it go and hope for the best. 🤞",Relief,"['Nervousness', 'Reflection']","['Reflection on perfectionism', 'Commitment to embracing outcomes']",Ambiguous,Supportive,7,Workplace
Stopped by the animal shelter today to donate supplies. Seeing those wagging tails reminded me how small actions can make a huge difference. 🐕❤️,Joy,"['Gratitude', 'Empathy']","['Reflection on compassion', 'Commitment to community involvement']",Positive,Empowering,9,Community
"Caught the sunset on my drive home tonight, and for a moment, everything felt okay. Sometimes the simplest things make the biggest impact. 🌅",Serenity,"['Gratitude', 'Reflection']","['Reflection on small joys', 'Commitment to mindfulness']",Positive,Reverent,8,Nature
"Got into a huge argument with my roommate about chores. I feel so frustrated, but I also know we both care about the space we share. Hoping we can find a way to talk this out tomorrow. 🙄",Frustration,"['Hope', 'Reflection']","['Commitment to conflict resolution', 'Reflection on shared goals']",Negative,Supportive,8,Relationships
"Scrolling through Instagram and saw someone’s post about their fancy vacation while I’m stuck at home working. I felt jealous at first, but then I reminded myself that my time will come. ✈️",Jealousy,"['Inspiration', 'Resilience']","['Reflection on personal goals', 'Commitment to delayed gratification']",Ambiguous,Encouraging,6,Social Media
"Today, I walked into a coffee shop and overheard a random stranger saying kind things about their partner. It made me smile and reminded me how much I appreciate my own relationship. ☕️💕",Gratitude,"['Connection', 'Joy']","['Reflection on love', 'Commitment to nurturing relationships']",Positive,Affectionate,7,Everyday Life
"Lost my wallet on the subway today and felt panicked, but someone turned it in! I’m so relieved and reminded that there are still good people in the world. 😊",Relief,"['Gratitude', 'Amazement']","['Reflection on human kindness', 'Commitment to paying it forward']",Positive,Supportive,8,Community
"Watched a movie about climate change tonight, and now I feel so anxious about the future. But I’m also inspired to make better choices, even if they’re small ones. 🌍",Anxiety,"['Determination', 'Hope']","['Reflection on personal responsibility', 'Commitment to action']",Mixed,Activating,9,Global Issues
"Tried cooking a new recipe tonight, and it was an absolute disaster. But honestly? It was kind of fun experimenting. At least now I know what NOT to do. 🍴😂",Frustration,"['Humor', 'Curiosity']","['Reflection on trial and error', 'Commitment to creative exploration']",Neutral,Playful,6,Leisure
"My childhood park is being bulldozed to make way for condos. It breaks my heart to see it go, but I’m determined to preserve the memories it gave me. 🌳",Sadness,"['Reflection', 'Determination']","['Commitment to advocacy', 'Awareness of nostalgia’s value']",Mixed,Reflective,8,Community
"Got ghosted by someone I really liked. It stings, but I know it’s better to let them go than hold onto someone who doesn’t want to be here. Time to move forward. ✌️",Hurt,"['Resilience', 'Relief']","['Reflection on boundaries', 'Commitment to self-worth']",Negative,Assertive,7,Dating
"Had to put down my dog today after 14 amazing years together. My heart feels shattered, but I’m grateful for every moment we shared. Rest easy, buddy. 🐾💔",Grief,"['Gratitude', 'Reflection']","['Awareness of impermanence', 'Commitment to cherishing memories']",Mixed,Supportive,9,Family
"Finally got the courage to post my art online for the first time. I’m terrified of judgment, but I’m also so proud of myself for putting it out there. 🎨",Pride,"['Nervousness', 'Hope']","['Reflection on creative vulnerability', 'Commitment to self-expression']",Positive,Encouraging,9,Creativity
"Went for a run this morning and felt totally out of shape. It was embarrassing at first, but finishing it gave me this weird sense of accomplishment. Small steps. 🏃‍♀️",Embarrassment,"['Relief', 'Pride']","['Reflection on perseverance', 'Commitment to fitness goals']",Positive,Encouraging,7,Health
Caught the sunset while walking home tonight. It was one of those moments where everything felt still and peaceful. Nature always has a way of grounding me. 🌅,Serenity,"['Gratitude', 'Reflection']","['Reflection on mindfulness', 'Gratitude for natural beauty']",Positive,Reverent,8,Nature
Had a long conversation with my grandpa about his life growing up. It made me realize how much strength and wisdom he’s passed down to our family. 🕰️,Admiration,"['Gratitude', 'Connection']","['Reflection on familial legacy', 'Commitment to preserving stories']",Positive,Affectionate,9,Family
"Tried to help a stray cat outside my apartment today. I couldn’t bring them inside, but I left food and water. I feel sad knowing I can’t do more, but at least I did something. 🐱",Sadness,"['Empathy', 'Relief']","['Reflection on compassion', 'Commitment to small acts of kindness']",Mixed,Supportive,8,Community
"Missed an important deadline at work today because I misread the due date. I feel so embarrassed and frustrated with myself, but I’m determined to fix this and not let it happen again. 💻",Embarrassment,"['Frustration', 'Determination']","['Reflection on responsibility', 'Commitment to improvement']",Negative,Encouraging,8,Workplace
"Scrolling through Instagram and saw someone’s anniversary post with their partner. I felt so happy for them but also a little sad about being single right now. Love’s gotta be out there somewhere, right? 💕",Longing,"['Hope', 'Admiration']","['Reflection on relational aspirations', 'Commitment to patience']",Ambiguous,Supportive,6,Social Media
"Found out my childhood library is closing down. It feels like losing a piece of my past. I’m sad, but I’m grateful for the countless hours I spent there getting lost in stories. 📚",Sadness,"['Gratitude', 'Reflection']","['Awareness of impermanence', 'Commitment to preserving memories']",Mixed,Reflective,8,Community
"Spent the afternoon organizing my closet and found an old sweater my grandma knitted for me. It made me smile, but it also made me miss her so much. 🧵",Nostalgia,"['Sadness', 'Gratitude']","['Reflection on familial bonds', 'Commitment to cherishing the past']",Mixed,Reflective,7,Family
"Tried to help a lost tourist today, but we couldn’t understand each other’s languages. It felt frustrating, but their smile when I tried made me feel like I still made a small difference. 🌍",Frustration,"['Connection', 'Gratitude']","['Reflection on human kindness', 'Commitment to inclusivity']",Mixed,Supportive,6,Community
"Finally started working out again after months of procrastination! It was hard, and I’m so out of shape, but I feel proud for just showing up. Small wins. 🏋️",Pride,"['Relief', 'Determination']","['Reflection on perseverance', 'Commitment to self-care']",Positive,Encouraging,8,Health
"Watched a stray cat cross the street tonight. I couldn’t do much except leave some food, but I feel sad knowing how many animals out there are struggling. 🐾",Sadness,"['Empathy', 'Relief']","['Reflection on compassion', 'Commitment to small acts of kindness']",Mixed,Supportive,7,Community
"Got into a heated argument with my sibling today. We said things we didn’t mean, and now I feel guilty. I’m planning to apologize tomorrow because I hate leaving things unresolved. 🙁",Guilt,"['Sadness', 'Determination']","['Reflection on relational dynamics', 'Commitment to reconciliation']",Negative,Supportive,8,Family
Had to put my phone away during a long walk today because the view was so breathtaking. Sometimes you just have to disconnect and appreciate what’s around you. 🌄,Serenity,"['Gratitude', 'Reflection']","['Commitment to mindfulness', 'Gratitude for nature']",Positive,Reverent,8,Nature
"Finally finished writing my first novel! It’s terrifying to think about sharing it with the world, but I’m so proud of the work I put into it. 📖",Pride,"['Nervousness', 'Gratitude']","['Reflection on creative bravery', 'Commitment to self-expression']",Positive,Empowering,9,Creativity
"Caught the sunset while stuck in traffic today. It was such a simple moment, but it reminded me to slow down and just breathe. 🌅",Serenity,"['Gratitude', 'Reflection']","['Reflection on mindfulness', 'Gratitude for small joys']",Positive,Reverent,7,Nature
"Got ghosted by someone I thought I had a real connection with. It stings, but I’m trying to focus on the fact that it says more about them than me. Moving forward. ✌️",Hurt,"['Resilience', 'Reflection']","['Commitment to self-worth', 'Reflection on emotional boundaries']",Negative,Assertive,7,Dating
"Watched a little kid try to tie their shoe at the park today. They struggled for a while but eventually got it, and their smile was everything. Simple joys are the best. 😊",Joy,"['Admiration', 'Gratitude']","['Reflection on persistence', 'Gratitude for innocent moments']",Positive,Affectionate,7,Community
"Volunteered at the food bank today, and seeing the gratitude on people’s faces reminded me why I started. Helping others always feels so rewarding. 🍲❤️",Gratitude,"['Connection', 'Joy']","['Reflection on giving back', 'Commitment to community service']",Positive,Empowering,9,Community
"Missed my bus this morning and ended up walking in the rain. At first, I was so annoyed, but honestly, it was kind of peaceful by the end. I needed that quiet moment. 🌧️",Frustration,"['Serenity', 'Reflection']","['Reflection on unexpected calm', 'Commitment to finding balance in chaos']",Mixed,Reassuring,6,Everyday Life
"Saw my childhood best friend post about their wedding, and it made me so happy for them. But it also hit me how much we’ve grown apart. Life really moves so fast. 💍",Joy,"['Sadness', 'Reflection']","['Awareness of change', 'Commitment to cherishing old connections']",Mixed,Reflective,7,Social Media
"Dropped the cake I baked for my friend’s party as soon as I got to their house. I felt so embarrassed, but everyone laughed it off and said it was the thought that counted. 🎂😂",Embarrassment,"['Relief', 'Humor']","['Reflection on imperfection', 'Gratitude for supportive people']",Neutral,Playful,6,Friendship
"Had to say goodbye to my childhood home today. Packing up the last box felt so surreal. I’m sad to leave, but also excited for the new memories I’ll create. 🏠",Sadness,"['Hope', 'Gratitude']","['Reflection on transitions', 'Commitment to embracing new beginnings']",Mixed,Encouraging,8,Family
Caught the sunrise on my hike this morning. It was absolutely breathtaking and reminded me why I need to spend more time outdoors. 🌄,Amazement,"['Gratitude', 'Serenity']","['Reflection on mindfulness', 'Commitment to reconnecting with nature']",Positive,Reverent,9,Nature
"My coworker criticized my work in front of everyone today, and I felt so humiliated. But instead of staying angry, I’m using this as motivation to prove them wrong. 💼",Humiliation,"['Anger', 'Determination']","['Reflection on resilience', 'Commitment to growth under pressure']",Negative,Encouraging,8,Workplace
"Visited a local animal shelter today. Seeing all those wagging tails made me so happy, but it also broke my heart knowing so many pets are still waiting for homes. 🐾",Joy,"['Sadness', 'Empathy']","['Reflection on compassion', 'Commitment to making a difference']",Mixed,Supportive,8,Community
"My friend forgot my birthday, and I feel kind of hurt. But I also know they’ve been super stressed lately, so I’m choosing to let it slide this time. 🎂",Hurt,"['Empathy', 'Understanding']","['Reflection on relational dynamics', 'Commitment to offering grace']",Negative,Supportive,7,Friendship
"Finally hit my fitness goal today! I’m so proud of myself for sticking with it, even on the days it felt impossible. 💪",Pride,"['Gratitude', 'Relief']","['Reflection on persistence', 'Commitment to long-term success']",Positive,Empowering,9,Health
"Found an old letter my grandpa wrote me years ago. It made me cry, but it also reminded me how much love he poured into our family. 🕰️",Nostalgia,"['Gratitude', 'Sadness']","['Reflection on family bonds', 'Commitment to honoring memories']",Mixed,Reflective,8,Family
"Had to say goodbye to our family dog today after 12 amazing years. My heart hurts, but I’m grateful for all the love and memories they gave us. 🐕💔",Grief,"['Gratitude', 'Reflection']","['Awareness of impermanence', 'Commitment to cherishing moments']",Mixed,Supportive,9,Family
"Watched a documentary on ocean pollution, and I feel so guilty about how much plastic I’ve been using. Time to make some changes. 🌊",Guilt,"['Determination', 'Empathy']","['Reflection on environmental responsibility', 'Commitment to taking action']",Negative,Activating,8,Global Issues
"Posted my artwork online for the first time, and I’m so nervous about how people will react. But I’m also proud of myself for putting it out there. 🎨",Pride,"['Nervousness', 'Gratitude']","['Reflection on courage', 'Commitment to creative growth']",Positive,Encouraging,8,Creativity
Caught the most stunning rainbow after a heavy rain today. It felt like the universe reminding me that beauty always follows the storm. 🌈,Serenity,"['Gratitude', 'Reflection']","['Reflection on resilience', 'Commitment to finding positivity']",Positive,Reverent,7,Nature
"Missed a job interview today because I got stuck in traffic. I feel so frustrated with myself, but I’ve emailed them asking if there’s any chance to reschedule. Fingers crossed. 🚗",Frustration,"['Regret', 'Hope']","['Reflection on persistence', 'Commitment to staying proactive']",Negative,Encouraging,8,Career
"Saw a friend post a throwback to their trip to Paris, and I felt so happy for them! But it also made me realize how much I miss traveling myself. ✈️",Joy,"['Longing', 'Inspiration']","['Reflection on personal aspirations', 'Commitment to future adventures']",Ambiguous,Supportive,6,Social Media
"Dropped my laptop at the coffee shop today. For a moment, I thought it was broken, but it still works! My heart stopped for a second, but now I’m just grateful. ☕💻",Relief,"['Panic', 'Gratitude']","['Reflection on appreciating the little things', 'Commitment to being more careful']",Positive,Reassuring,7,Everyday Life
"Found out today that my best friend didn’t invite me to their wedding. I feel hurt and confused, but maybe I need to talk to them before jumping to conclusions. 🤔",Hurt,"['Confusion', 'Reflection']","['Commitment to understanding', 'Reflection on relational dynamics']",Negative,Supportive,8,Friendship
"Stopped by the animal shelter today and donated some blankets. Seeing the little tails wagging made my day, but it also reminded me how much help these places need. 🐾",Gratitude,"['Empathy', 'Joy']","['Reflection on small acts of kindness', 'Commitment to community service']",Positive,Empowering,8,Community
"My partner forgot our anniversary. I feel really disappointed, but I also know they’ve been so stressed lately. I’m choosing to talk it out instead of holding onto this. 💔",Disappointment,"['Empathy', 'Understanding']","['Reflection on forgiveness', 'Commitment to clear communication']",Negative,Supportive,7,Relationships
"Got a random compliment from a stranger today, and it completely turned my mood around. Just goes to show how much a small kindness can mean. 😊",Joy,"['Gratitude', 'Reflection']","['Reflection on positivity', 'Commitment to spreading kindness']",Positive,Affectionate,6,Everyday Life
"Finally hit a personal best on my run today! I’ve been working so hard for this, and it feels amazing to see the progress. 🏃‍♂️",Pride,"['Gratitude', 'Relief']","['Reflection on perseverance', 'Commitment to self-improvement']",Positive,Empowering,9,Health
"Had to say goodbye to my childhood home today. Packing the last box felt bittersweet—it’s hard to leave, but I’m excited to see what’s next. 🏠",Sadness,"['Hope', 'Gratitude']","['Reflection on change', 'Commitment to new beginnings']",Mixed,Encouraging,8,Family
Went for a walk in the park after the rain and saw the most beautiful double rainbow. It reminded me that there’s always a little magic after the storms. 🌈,Serenity,"['Gratitude', 'Amazement']","['Reflection on resilience', 'Gratitude for natural beauty']",Positive,Reverent,8,Nature
"Had a huge fight with my sibling today, and I said things I didn’t mean. I feel terrible about it and plan to apologize tomorrow. Family is too important to let this linger. 🙁",Regret,"['Guilt', 'Determination']","['Commitment to reconciliation', 'Reflection on relational growth']",Negative,Supportive,8,Family
"Watched a documentary on plastic waste, and now I feel so guilty about my own habits. I’m committing to cutting down on single-use plastics starting today. 🌍",Guilt,"['Determination', 'Empathy']","['Reflection on personal impact', 'Commitment to sustainability']",Negative,Activating,8,Global Issues
"Posted my first painting online today, and I’m terrified about what people will think. But I’m also so proud of myself for putting my work out there. 🎨",Pride,"['Nervousness', 'Gratitude']","['Reflection on courage', 'Commitment to creative expression']",Positive,Encouraging,9,Creativity
"Watched the sunset from my rooftop tonight. For a moment, everything felt so still, like the world paused just to breathe with me. 🌅",Serenity,"['Gratitude', 'Reflection']","['Reflection on mindfulness', 'Commitment to savoring small joys']",Positive,Reverent,8,Nature
Got into a heated argument with my sibling over something so trivial. I feel bad about it now and want to apologize tomorrow. Family is too important to let small things drive a wedge between us. 💔,Regret,"['Guilt', 'Determination']","['Commitment to reconciliation', 'Reflection on familial bonds']",Negative,Supportive,8,Family
Scrolling through Instagram and saw someone post their vacation pictures from Greece. I felt so happy for them but also a little envious—I miss traveling so much. 🏖️,Jealousy,"['Joy', 'Longing']","['Reflection on personal desires', 'Commitment to future adventures']",Ambiguous,Supportive,6,Social Media
"Dropped my coffee on my laptop at work today, and for a second, I thought it was done for. Thankfully, it’s still working! Crisis averted, but wow, what a scare. ☕💻",Panic,"['Relief', 'Gratitude']","['Reflection on small mishaps', 'Commitment to staying calm under pressure']",Neutral,Reassuring,7,Workplace
Visited my grandparents today and heard stories from their younger days. It made me realize how much history and love they’ve passed down to us. Feeling so grateful. 🕰️,Gratitude,"['Admiration', 'Connection']","['Reflection on familial legacy', 'Commitment to preserving memories']",Positive,Affectionate,9,Family
"Caught the sunrise during my morning run, and it stopped me in my tracks. It’s moments like these that make me feel alive. 🌄",Amazement,"['Gratitude', 'Serenity']","['Reflection on life’s beauty', 'Commitment to being present']",Positive,Reverent,9,Nature
"Found out today that my best friend didn’t invite me to their engagement party. I feel hurt and confused, but I’m trying to stay calm and ask them what happened before assuming the worst. 💭",Hurt,"['Confusion', 'Reflection']","['Commitment to understanding', 'Reflection on trust in relationships']",Negative,Supportive,8,Friendship
"Tried cooking a new recipe for dinner tonight, and it turned out WAY better than I expected. Who knew I could be this good in the kitchen? 🍳",Pride,"['Surprise', 'Gratitude']","['Reflection on learning new skills', 'Commitment to self-discovery']",Positive,Encouraging,7,Leisure
"Visited the animal shelter today, and seeing all those wagging tails made me so happy. But it also broke my heart knowing how many pets still need homes. 🐕",Joy,"['Sadness', 'Empathy']","['Reflection on compassion', 'Commitment to helping others']",Mixed,Supportive,8,Community
"Finally started going to therapy after putting it off for years. It feels overwhelming, but I know I’m taking the right steps toward healing. 🧠",Relief,"['Nervousness', 'Hope']","['Reflection on mental health', 'Commitment to self-improvement']",Positive,Encouraging,8,Health
Watched a little kid at the park figure out how to climb a tree after several tries. Their determination was so inspiring—it reminded me to never give up on the little things. 🌳,Admiration,"['Gratitude', 'Joy']","['Reflection on resilience', 'Commitment to nurturing perseverance']",Positive,Empowering,7,Community
"Had to say goodbye to my family dog today after 14 amazing years. My heart feels heavy, but I’m so thankful for all the love and happiness they brought into our lives. 🐾💔",Grief,"['Gratitude', 'Reflection']","['Reflection on unconditional love', 'Commitment to cherishing memories']",Mixed,Supportive,9,Family
"Watched a documentary about the plastic crisis, and it’s stuck with me all day. Feeling so guilty about my habits and determined to start making changes. 🌍",Guilt,"['Determination', 'Empathy']","['Commitment to environmental activism', 'Reflection on personal responsibility']",Negative,Activating,8,Global Issues
"Finally posted my art online for the first time, and I’m equal parts terrified and proud. It feels amazing to share something so personal. 🎨",Pride,"['Nervousness', 'Gratitude']","['Reflection on courage', 'Commitment to creative expression']",Positive,Empowering,9,Creativity
"Caught the sunset while sitting on the beach tonight. It reminded me how small we are in the grand scheme of things, but also how beautiful life can be. 🌅",Serenity,"['Gratitude', 'Reflection']","['Reflection on mindfulness', 'Gratitude for natural beauty']",Positive,Reverent,8,Nature
"Missed my friend’s birthday dinner because of a work emergency. I feel terrible, but I’m planning to surprise them with a little gift tomorrow to make up for it. 🎁",Guilt,"['Regret', 'Determination']","['Reflection on accountability', 'Commitment to making amends']",Negative,Supportive,7,Friendship
"Saw someone post about their new puppy on Facebook, and I couldn’t help but feel a little envious. I’ve always wanted one, but I know the timing isn’t right yet. Someday, though. 🐶",Jealousy,"['Admiration', 'Hope']","['Reflection on patience', 'Commitment to future goals']",Ambiguous,Encouraging,6,Social Media
"Had a chaotic morning—spilled my coffee, forgot my keys, and missed my train. It felt like the world was against me, but then I saw a stranger smile at me, and it made the day a little better. ☕️",Frustration,"['Relief', 'Gratitude']","['Reflection on small joys', 'Commitment to finding calm in chaos']",Mixed,Reassuring,7,Everyday Life
Visited the local farmer’s market today and met a vendor who’s been growing organic produce for 40 years. It made me feel so inspired to live more sustainably. 🌱,Admiration,"['Gratitude', 'Inspiration']","['Reflection on environmental impact', 'Commitment to sustainable living']",Positive,Reverent,7,Community
Found out my favorite coffee shop is closing down next month. I’m so sad—it’s been my go-to spot for years. Time to cherish the last few visits. ☕,Sadness,"['Gratitude', 'Reflection']","['Awareness of impermanence', 'Commitment to savoring final moments']",Mixed,Reflective,8,Community
"Went on a hike today and got completely lost for a while. At first, I was panicking, but then I found my way and realized how much I love the quiet of the woods. 🌳",Panic,"['Relief', 'Serenity']","['Reflection on adaptability', 'Commitment to embracing challenges']",Mixed,Reassuring,7,Nature
"Finally shared my poetry online for the first time, and the positive feedback has been overwhelming. I’m so nervous about sharing more, but I feel proud of myself for starting. ✍️",Pride,"['Nervousness', 'Gratitude']","['Reflection on vulnerability', 'Commitment to creative growth']",Positive,Encouraging,8,Creativity
"Watched a heartbreaking documentary about food waste today. It made me feel so guilty about what I throw away, but I’m determined to change my habits and do better. 🌍",Guilt,"['Determination', 'Empathy']","['Reflection on personal responsibility', 'Commitment to ethical living']",Negative,Activating,9,Global Issues
Had a long conversation with my grandma today about her childhood. Hearing her stories reminded me how much history and resilience runs in our family. Feeling grateful. 🕰️,Gratitude,"['Admiration', 'Connection']","['Reflection on legacy', 'Commitment to preserving family stories']",Positive,Affectionate,9,Family
"Missed my evening run because I got caught up with work. I feel disappointed in myself, but I’m planning to double down tomorrow and not let this happen again. 🏃‍♀️",Disappointment,"['Determination', 'Reflection']","['Commitment to discipline', 'Reflection on balancing priorities']",Negative,Encouraging,7,Health
"Watched a little kid learn to ride a bike at the park today. They kept falling but refused to give up, and when they finally got it, their joy was contagious. 🚴",Admiration,"['Joy', 'Inspiration']","['Reflection on persistence', 'Gratitude for simple moments']",Positive,Empowering,7,Community
"Sat on the beach and watched the sunset tonight. For a moment, everything felt still and perfect. Sometimes, nature just knows how to reset your soul. 🌅",Serenity,"['Gratitude', 'Reflection']","['Reflection on mindfulness', 'Commitment to appreciating small joys']",Positive,Reverent,8,Nature
"Caught myself comparing my life to someone else’s Instagram highlight reel today. It made me feel bad for a second, but then I reminded myself that we’re all on different paths. 🌟",Insecurity,"['Reflection', 'Resilience']","['Commitment to self-acceptance', 'Reflection on individuality']",Mixed,Encouraging,6,Social Media
Finally hit my fundraising goal for the local food bank! Knowing this will help so many people feels absolutely incredible. 🍲,Joy,"['Gratitude', 'Pride']","['Reflection on collective action', 'Commitment to giving back']",Positive,Empowering,9,Community
"I overslept and missed an important team meeting today. I feel embarrassed and frustrated, but I’ve already apologized and started setting better alarms. Gotta move forward. ⏰",Embarrassment,"['Frustration', 'Determination']","['Reflection on responsibility', 'Commitment to learning from mistakes']",Negative,Encouraging,8,Workplace
"Saw a friend’s travel photos on Instagram, and it made me so happy for them. But it also reminded me how much I miss exploring new places. I can’t wait to plan my next adventure. ✈️",Joy,"['Longing', 'Hope']","['Reflection on personal aspirations', 'Commitment to future experiences']",Ambiguous,Supportive,6,Social Media
"Dropped my grocery bag and broke a jar of sauce in the parking lot. At first, I felt so annoyed, but then I had to laugh—guess I just needed some humility today. 🛒",Frustration,"['Humor', 'Resignation']","['Reflection on small mishaps', 'Commitment to staying lighthearted']",Neutral,Playful,6,Everyday Life
"Visited my grandpa’s old workshop today. Seeing his tools and unfinished projects made me miss him so much, but it also reminded me of how much he taught me about perseverance. 🛠️",Nostalgia,"['Gratitude', 'Sadness']","['Reflection on legacy', 'Commitment to cherishing memories']",Mixed,Reflective,8,Family
Finally reached my fundraising goal for the local animal shelter! Knowing this will help so many pets fills me with joy and gratitude. 🐕❤️,Joy,"['Gratitude', 'Pride']","['Reflection on collective action', 'Commitment to giving back']",Positive,Empowering,9,Community
"My partner forgot our anniversary dinner reservation, and I felt so hurt. But when they apologized and suggested we cook together instead, I realized how much they care. 🍝",Hurt,"['Relief', 'Gratitude']","['Reflection on forgiveness', 'Commitment to understanding']",Mixed,Supportive,7,Relationships
"Caught myself comparing my life to someone else’s Instagram highlights again. It made me feel bad for a second, but then I reminded myself that we’re all on different journeys. 🌟",Insecurity,"['Reflection', 'Resilience']","['Commitment to self-acceptance', 'Reflection on individuality']",Mixed,Encouraging,6,Social Media
"Watched the sunset from my balcony tonight. For a few moments, everything felt still and peaceful. Nature always knows how to reset my soul. 🌅",Serenity,"['Gratitude', 'Reflection']","['Reflection on mindfulness', 'Commitment to finding peace in simplicity']",Positive,Reverent,8,Nature
"Finally posted my art online after years of being too scared. I’m nervous about how people will react, but I feel proud of myself for taking this step. 🎨",Pride,"['Nervousness', 'Gratitude']","['Reflection on courage', 'Commitment to creative expression']",Positive,Encouraging,9,Creativity
"Watched a documentary about ocean pollution, and now I feel so guilty about how much plastic I use. Time to start making changes—every small action counts. 🌍",Guilt,"['Determination', 'Empathy']","['Reflection on environmental responsibility', 'Commitment to taking action']",Negative,Activating,8,Global Issues
"Had to say goodbye to our family dog today after 13 wonderful years. My heart feels heavy, but I’m so thankful for the love they brought into our lives. 🐾💔",Grief,"['Gratitude', 'Reflection']","['Reflection on loss', 'Commitment to cherishing memories']",Mixed,Supportive,9,Family
"Tried a new workout routine this morning and couldn’t even finish it. It was so embarrassing, but I’m determined to keep going and get stronger. 💪",Embarrassment,"['Determination', 'Hope']","['Reflection on persistence', 'Commitment to personal growth']",Positive,Encouraging,7,Health
Spent the afternoon volunteering at the food bank. Seeing the smiles on people’s faces reminded me why I started helping out in the first place. 🍲❤️,Gratitude,"['Connection', 'Joy']","['Reflection on compassion', 'Commitment to making a difference']",Positive,Empowering,9,Community
"Watched a little kid at the park figure out how to climb a tree. Their determination was so inspiring—it reminded me to never give up, even on the little things. 🌳",Admiration,"['Joy', 'Inspiration']","['Reflection on persistence', 'Gratitude for simple joys']",Positive,Empowering,7,Community
"Got criticized in front of the whole team today. I felt so embarrassed and angry, but I’m determined to prove myself with my next project. This won’t hold me back. 💼",Embarrassment,"['Anger', 'Determination']","['Reflection on resilience', 'Commitment to self-growth']",Negative,Encouraging,8,Workplace
"Saw a friend’s post about their engagement, and while I’m genuinely happy for them, it reminded me how far I feel from that stage in life. Just trying to trust my own journey. 💍",Longing,"['Joy', 'Reflection']","['Reflection on personal timing', 'Commitment to self-acceptance']",Ambiguous,Supportive,6,Social Media
"Dropped my phone while running to catch the bus. I was so annoyed, but then I laughed because it’s just so typical of me. Some days you just have to laugh at yourself. 📱😂",Frustration,"['Humor', 'Resignation']","['Reflection on handling mishaps', 'Commitment to finding levity in chaos']",Neutral,Playful,6,Everyday Life
"Visited my dad’s old workshop today. Seeing all his tools brought back so many memories. It made me miss him, but I’m also so thankful for everything he taught me. 🛠️",Nostalgia,"['Gratitude', 'Sadness']","['Reflection on family bonds', 'Commitment to honoring his legacy']",Mixed,Reflective,8,Family
Finally finished my first 10K run today! I can’t believe I stuck with the training—it feels amazing to accomplish something I never thought I could. 🏃‍♀️,Pride,"['Gratitude', 'Relief']","['Reflection on perseverance', 'Commitment to setting bigger goals']",Positive,Empowering,9,Health
"My partner forgot our anniversary, and it really stung. But after we talked about it, they made dinner at home and reminded me how much they care in other ways. 🍝",Hurt,"['Relief', 'Gratitude']","['Reflection on forgiveness', 'Commitment to open communication']",Mixed,Supportive,7,Relationships
"Caught myself comparing my art to someone else’s Instagram today. It made me feel insecure for a moment, but then I reminded myself that everyone’s path is unique. 🎨",Insecurity,"['Reflection', 'Resilience']","['Commitment to self-confidence', 'Reflection on creative individuality']",Mixed,Encouraging,6,Creativity
"Watched the sunset from my backyard tonight, and for a moment, it felt like the whole world just paused. These little moments mean everything. 🌅",Serenity,"['Gratitude', 'Reflection']","['Reflection on mindfulness', 'Commitment to finding peace in simplicity']",Positive,Reverent,8,Nature
"Watched a documentary about ocean pollution today, and now I feel so guilty about my plastic use. It’s time to start making changes, even if they’re small ones. 🌍",Guilt,"['Determination', 'Empathy']","['Reflection on environmental impact', 'Commitment to reducing waste']",Negative,Activating,8,Global Issues
"Finally shared my poetry at an open mic night. I was terrified, but hearing the audience clap made it all worth it. Taking risks like this feels amazing. ✍️",Pride,"['Nervousness', 'Relief']","['Reflection on bravery', 'Commitment to self-expression']",Positive,Empowering,9,Creativity
"Lost my wallet at the grocery store today. I felt panicked at first, but someone turned it in untouched! Restored my faith in people a little today. 😊",Relief,"['Gratitude', 'Amazement']","['Reflection on kindness', 'Commitment to paying it forward']",Positive,Supportive,7,Community
"Had to say goodbye to my childhood home today. Packing the last box was so bittersweet—it’s tough to leave, but I’m excited for what’s next. 🏠",Sadness,"['Hope', 'Gratitude']","['Reflection on transitions', 'Commitment to embracing new beginnings']",Mixed,Encouraging,8,Family
"Spent the day volunteering at the food bank, and seeing how grateful people were made me feel so humbled. Giving back feels like the best thing I’ve done in a while. 🍲",Gratitude,"['Connection', 'Joy']","['Reflection on compassion', 'Commitment to serving the community']",Positive,Empowering,9,Community
Watched a little kid finally tie their shoes after struggling for so long. Their determination reminded me how important it is to celebrate small wins. 👟,Admiration,"['Joy', 'Inspiration']","['Reflection on persistence', 'Gratitude for innocent moments']",Positive,Empowering,7,Community
"Missed a family gathering today because of work. I feel so guilty about not being there, but I’m planning to spend time with them this weekend to make up for it. Family comes first. ❤️",Guilt,"['Regret', 'Determination']","['Reflection on priorities', 'Commitment to making amends']",Negative,Supportive,8,Family
"Saw my old classmate post about buying their dream house. I’m happy for them, but it made me feel a little behind in life. Trying to remind myself everyone’s timeline is different. 🏡",Jealousy,"['Admiration', 'Reflection']","['Reflection on self-acceptance', 'Commitment to staying focused on personal goals']",Ambiguous,Supportive,6,Social Media
"Dropped a whole tray of cookies I baked for my niece’s school party. I felt so frustrated, but her hug made me realize it’s not about the cookies—it’s about showing up for her. 🍪",Frustration,"['Relief', 'Gratitude']","['Reflection on what matters', 'Commitment to being present']",Mixed,Reassuring,7,Family
"Visited my late mom’s garden today and saw her favorite flowers blooming. It made me miss her deeply, but it also reminded me how much she loved creating beauty. 🌸",Grief,"['Gratitude', 'Reflection']","['Reflection on loss', 'Commitment to keeping her memory alive']",Mixed,Reflective,9,Family
"Finally hit my weightlifting goal after months of hard work. I’m exhausted, but I feel so proud of myself for sticking with it. 💪",Pride,"['Gratitude', 'Relief']","['Reflection on perseverance', 'Commitment to setting new goals']",Positive,Empowering,9,Health
"My partner forgot our movie date tonight, and it hurt my feelings. But they apologized sincerely and promised to make it up to me. Relationships take work, and I know they care. 🎥",Hurt,"['Relief', 'Gratitude']","['Reflection on understanding', 'Commitment to building trust']",Mixed,Supportive,7,Relationships
"Caught myself comparing my career to someone else’s LinkedIn achievements today. It made me feel inadequate, but I reminded myself that everyone’s path looks different. 🌟",Insecurity,"['Reflection', 'Resilience']","['Commitment to personal growth', 'Reflection on individual journeys']",Mixed,Encouraging,6,Career
"Watched the sunset from the park tonight, and it felt like the world paused for a moment. It reminded me how much peace there is in simply being still. 🌅",Serenity,"['Gratitude', 'Reflection']","['Reflection on mindfulness', 'Commitment to savoring life’s quiet moments']",Positive,Reverent,8,Nature
"Watched a video about deforestation today, and now I feel so guilty about not doing more for the environment. Time to start taking action, even if it’s just small steps. 🌳",Guilt,"['Determination', 'Empathy']","['Reflection on environmental impact', 'Commitment to sustainable living']",Negative,Activating,8,Global Issues
"Finally posted my photography on Instagram after years of being too scared to share. I’m nervous about what people will say, but I feel so proud for putting myself out there. 📸",Pride,"['Nervousness', 'Gratitude']","['Reflection on courage', 'Commitment to creative expression']",Positive,Empowering,9,Creativity
"Lost my wallet at the store today. I was panicking, but then someone turned it in. I’m so relieved and grateful to know there are still good people out there. 👜",Relief,"['Gratitude', 'Amazement']","['Reflection on kindness', 'Commitment to paying it forward']",Positive,Supportive,7,Community
"Had to say goodbye to our cat today after 15 amazing years. My heart is shattered, but I’m grateful for all the love and joy they brought to our family. 🐾💔",Grief,"['Gratitude', 'Reflection']","['Reflection on unconditional love', 'Commitment to cherishing memories']",Mixed,Supportive,9,Family
Spent the afternoon volunteering at a community garden. Planting and seeing everything grow reminded me how small actions can make a big impact. 🌱,Gratitude,"['Joy', 'Connection']","['Reflection on sustainability', 'Commitment to community involvement']",Positive,Empowering,9,Community
"Watched a toddler take their first steps at the park today. Their determination was inspiring—it reminded me to keep moving forward, no matter how small the steps. 👣",Admiration,"['Joy', 'Inspiration']","['Reflection on resilience', 'Gratitude for simple moments']",Positive,Empowering,7,Community
"Missed an important deadline at work today because I misread the email. I feel so embarrassed and disappointed in myself, but I’ve already spoken to my manager and outlined a plan to make things right. 💻",Embarrassment,"['Frustration', 'Determination']","['Reflection on responsibility', 'Commitment to learning from mistakes']",Negative,Encouraging,8,Workplace
"Saw a friend post a picture of their new car on Instagram, and I felt so happy for them! But it also reminded me how much I want to reach my own goals. 🚗",Admiration,"['Jealousy', 'Inspiration']","['Reflection on personal ambition', 'Commitment to patience and persistence']",Ambiguous,Encouraging,7,Social Media
"Dropped a stack of groceries on the way home and broke half the eggs. I felt so annoyed, but my neighbor stopped to help, and their kindness turned my mood around. 🛒",Frustration,"['Relief', 'Gratitude']","['Reflection on small acts of kindness', 'Commitment to staying calm in mishaps']",Mixed,Reassuring,7,Everyday Life
"Visited my mom’s old garden today and found the roses she used to love in full bloom. I miss her so much, but it felt like a little piece of her is still here. 🌹",Grief,"['Nostalgia', 'Gratitude']","['Reflection on loss', 'Commitment to cherishing memories']",Mixed,Reflective,9,Family
"Finally completed my first marathon! I’m so exhausted, but I feel incredibly proud of myself for sticking with the training and finishing strong. 🏅",Pride,"['Relief', 'Gratitude']","['Reflection on perseverance', 'Commitment to setting bigger goals']",Positive,Empowering,9,Health
"Forgot my best friend’s birthday this year. I feel so terrible about it, but I’ve planned a surprise dinner to make it up to them. I hope they understand. 🎂",Guilt,"['Regret', 'Determination']","['Reflection on accountability', 'Commitment to rebuilding trust']",Negative,Supportive,8,Friendship
"Caught myself comparing my career to someone else’s LinkedIn today. It made me feel a little inadequate, but I reminded myself that everyone’s path is different. 🌟",Insecurity,"['Reflection', 'Resilience']","['Commitment to self-growth', 'Reflection on individual journeys']",Mixed,Encouraging,6,Career
"Sat by the lake and watched the sunset tonight. For the first time in weeks, I felt completely at peace. Nature has a way of healing like nothing else. 🌅",Serenity,"['Gratitude', 'Reflection']","['Reflection on mindfulness', 'Commitment to appreciating small joys']",Positive,Reverent,8,Nature
"Watched a documentary about overfishing, and I can’t stop thinking about how unsustainable some of my choices are. It’s time to change that. 🌊",Guilt,"['Determination', 'Empathy']","['Reflection on environmental impact', 'Commitment to sustainability']",Negative,Activating,8,Global Issues
"Finally shared my singing at an open mic night. I was shaking with nerves, but hearing the applause made it all worth it. It feels amazing to take risks. 🎤",Pride,"['Nervousness', 'Relief']","['Reflection on bravery', 'Commitment to self-expression']",Positive,Empowering,9,Creativity
"Lost my dog’s favorite toy at the park today, and I felt so bad seeing him look for it. But I replaced it with a new one, and his tail wagging made everything better. 🐾",Guilt,"['Relief', 'Gratitude']","['Reflection on care', 'Commitment to nurturing joy']",Mixed,Supportive,7,Pets
"Had to say goodbye to our family cat today after 16 wonderful years. My heart hurts, but I’m so thankful for all the love and memories they gave us. 🐾💔",Grief,"['Gratitude', 'Reflection']","['Reflection on loss', 'Commitment to cherishing memories']",Mixed,Supportive,9,Family
Spent the afternoon planting flowers at a community garden. It felt amazing to see something grow and know I was part of it. 🌱,Gratitude,"['Connection', 'Joy']","['Reflection on community service', 'Commitment to sustainability']",Positive,Empowering,9,Community
Watched a kid at the playground finally climb the monkey bars after trying all afternoon. Their determination was so inspiring—it reminded me how important persistence is. 💪,Admiration,"['Joy', 'Inspiration']","['Reflection on resilience', 'Gratitude for innocent moments']",Positive,Empowering,7,Community
"Missed an important presentation at work because I misread the schedule. I feel so embarrassed and disappointed, but I’m determined to make up for it and do better next time. 💼",Embarrassment,"['Regret', 'Determination']","['Reflection on accountability', 'Commitment to learning from mistakes']",Negative,Encouraging,8,Workplace
"Saw a friend post about their trip to Japan, and I felt so happy for them. But it also made me miss traveling and reminded me of how much I want to visit new places again. 🌏",Admiration,"['Longing', 'Hope']","['Reflection on personal goals', 'Commitment to saving for travel']",Ambiguous,Supportive,7,Social Media
"Dropped my coffee on the way to a meeting, and for a second, I felt so annoyed. But then I laughed because what else can you do? Some days are just like that. ☕️",Frustration,"['Humor', 'Resignation']","['Reflection on accepting imperfection', 'Commitment to staying composed']",Neutral,Playful,6,Everyday Life
Visited my childhood home today and saw the tree my dad and I planted together. It made me feel so nostalgic but also thankful for the time we had. 🌳,Nostalgia,"['Gratitude', 'Sadness']","['Reflection on family connections', 'Commitment to cherishing memories']",Mixed,Reflective,8,Family
Finally hit my personal record at the gym today! It feels so good to see progress after months of effort. Hard work really does pay off. 🏋️‍♀️,Pride,"['Gratitude', 'Relief']","['Reflection on perseverance', 'Commitment to long-term goals']",Positive,Empowering,9,Health
"Forgot my sister’s birthday this year, and I feel awful about it. I’ve planned a special surprise for her tomorrow to show her how much she means to me. 🎂",Guilt,"['Regret', 'Determination']","['Reflection on responsibility', 'Commitment to making amends']",Negative,Supportive,7,Family
"Watched a friend absolutely crush their presentation today. I felt so proud of them, but it also made me feel like I need to step up my game. Time to refocus. 💡",Pride,"['Jealousy', 'Inspiration']","['Reflection on self-improvement', 'Commitment to learning from others']",Ambiguous,Encouraging,6,Career
"Caught myself comparing my art to someone else’s on Instagram today. It made me feel insecure for a moment, but then I reminded myself that creativity isn’t a competition. 🎨",Insecurity,"['Reflection', 'Resilience']","['Commitment to self-confidence', 'Reflection on creative individuality']",Mixed,Encouraging,7,Creativity
Watched the sunrise on my morning hike today. It reminded me how small we are in the grand scheme of things but also how beautiful life can be. 🌄,Serenity,"['Gratitude', 'Reflection']","['Reflection on mindfulness', 'Commitment to finding peace in simplicity']",Positive,Reverent,8,Nature
Watched a heartbreaking video about homelessness today. It made me realize how much more I can do to help. Donating is just the first step. 🏠,Guilt,"['Empathy', 'Determination']","['Reflection on societal responsibility', 'Commitment to taking action']",Negative,Activating,8,Community
"Finally performed my music at a local café tonight. I was so nervous, but hearing the applause reminded me why I love sharing my art. 🎶",Pride,"['Nervousness', 'Gratitude']","['Reflection on courage', 'Commitment to creative expression']",Positive,Empowering,9,Creativity
"Lost my wallet while shopping today. I was panicking, but a kind stranger turned it in. It’s moments like these that remind me there’s good in the world. 👜",Relief,"['Gratitude', 'Amazement']","['Reflection on kindness', 'Commitment to paying it forward']",Positive,Supportive,7,Community
"Had to say goodbye to our family dog today after 14 amazing years. My heart feels so heavy, but I’m grateful for all the love they brought to us. 🐾💔",Grief,"['Gratitude', 'Reflection']","['Reflection on loss', 'Commitment to cherishing memories']",Mixed,Supportive,9,Family
Spent the afternoon helping clean up the beach. Seeing the bags of trash we collected was a stark reminder of how much work still needs to be done. 🌊,Gratitude,"['Determination', 'Empathy']","['Reflection on environmental responsibility', 'Commitment to sustainable living']",Positive,Activating,8,Global Issues
"Watched a toddler figure out how to tie their shoes today. It took them so many tries, but when they finally got it, their face lit up. It was such a simple but inspiring moment. 👟",Admiration,"['Joy', 'Inspiration']","['Reflection on persistence', 'Gratitude for innocent victories']",Positive,Empowering,7,Community
"Missed my train because I got distracted scrolling through my phone. I felt so annoyed with myself, but the extra quiet time waiting actually helped me plan my day better. 🚉",Frustration,"['Reflection', 'Gratitude']","['Reflection on self-discipline', 'Commitment to using time wisely']",Mixed,Reassuring,6,Everyday Life
"A friend got their dream job, and I couldn’t be happier for them! But it also made me realize how much I want to push myself to reach my goals. Time to refocus. 🌟",Pride,"['Admiration', 'Motivation']","['Reflection on personal ambition', ""Commitment to celebrating others' successes""]",Ambiguous,Encouraging,7,Career
"Dropped a whole carton of milk while unloading groceries today. For a moment, I felt so annoyed, but then I just laughed—guess I needed a reality check. 🛒",Frustration,"['Humor', 'Resignation']","['Reflection on handling small setbacks', 'Commitment to finding levity']",Neutral,Playful,5,Everyday Life
"Visited the neighborhood I grew up in and saw my old school. It made me feel so nostalgic, but also grateful for how far I’ve come since those days. 🏫",Nostalgia,"['Gratitude', 'Reflection']","['Reflection on growth', 'Commitment to appreciating the past']",Mixed,Reflective,8,Family
Finally reached my savings goal for a big trip I’ve been dreaming of! It feels so satisfying to see my hard work pay off. Next stop: adventure. ✈️,Pride,"['Relief', 'Excitement']","['Reflection on discipline', 'Commitment to experiencing new things']",Positive,Empowering,9,Personal Growth
Forgot my best friend’s birthday and didn’t realize until they posted about it online. I feel so guilty and plan to make it up to them with something special. 🎂,Guilt,"['Regret', 'Determination']","['Reflection on relational priorities', 'Commitment to showing care']",Negative,Supportive,8,Friendship
"Caught myself comparing my body to someone else’s fitness post on Instagram. For a moment, it hurt, but I reminded myself I’m working at my own pace. 💪",Insecurity,"['Reflection', 'Motivation']","['Commitment to self-acceptance', 'Reflection on individual progress']",Mixed,Encouraging,6,Social Media
Watched the sunrise at the beach this morning. It was so calming and reminded me of how small my worries are compared to the vastness of the world. 🌅,Serenity,"['Gratitude', 'Reflection']","['Reflection on mindfulness', 'Commitment to finding peace in nature']",Positive,Reverent,8,Nature
"Watched a video about food insecurity today, and it broke my heart. I feel guilty for taking things for granted, but I’m inspired to start donating more. 🍲",Guilt,"['Empathy', 'Determination']","['Reflection on privilege', 'Commitment to community support']",Negative,Activating,9,Community
"Finally performed at a local talent show. I was shaking the whole time, but hearing the applause afterward reminded me why I love performing. 🎤",Pride,"['Nervousness', 'Relief']","['Reflection on bravery', 'Commitment to creative expression']",Positive,Empowering,9,Creativity
"Lost my favorite necklace that my mom gave me. I feel so sad about it, but I’m focusing on how much the memories mean to me more than the object itself. 💔",Sadness,"['Gratitude', 'Reflection']","['Reflection on loss', 'Commitment to valuing intangible connections']",Mixed,Supportive,8,Family
Spent the afternoon volunteering at a local shelter. Seeing the gratitude on people’s faces reminded me how small actions can have a big impact. 🏠,Gratitude,"['Connection', 'Joy']","['Reflection on compassion', 'Commitment to making a difference']",Positive,Empowering,9,Community
Watched a child at the park finally ride their bike without training wheels. Their joy was contagious—it reminded me how perseverance pays off. 🚴,Admiration,"['Joy', 'Inspiration']","['Reflection on persistence', 'Gratitude for simple victories']",Positive,Empowering,7,Community
"Had to say goodbye to my family dog today after 13 incredible years. My heart feels heavy, but I’m so grateful for the unconditional love they gave us. 🐾💔",Grief,"['Gratitude', 'Reflection']","['Reflection on loss', 'Commitment to cherishing memories']",Mixed,Supportive,9,Family
"Missed an important deadline today because I underestimated how much work was left. I feel so frustrated with myself, but I’m already planning better ways to manage my time. 🕒",Frustration,"['Regret', 'Determination']","['Reflection on accountability', 'Commitment to improving time management']",Negative,Encouraging,8,Workplace
"Saw my friend post a video of their new puppy, and I’m so happy for them! But it also made me realize how much I miss having a pet. Someday, I’ll have one again. 🐕",Admiration,"['Longing', 'Joy']","['Reflection on companionship', 'Commitment to future goals']",Ambiguous,Supportive,7,Social Media
"Spilled coffee all over my new book today, and I felt so annoyed. But I reminded myself it’s just a thing, and I still get to enjoy the story. ☕📖",Frustration,"['Reflection', 'Gratitude']","['Reflection on material attachment', 'Commitment to focusing on what matters']",Neutral,Reassuring,6,Everyday Life
"Visited my grandmother’s old house today. Walking through her garden made me feel so nostalgic, but also grateful for the love she poured into everything she did. 🌼",Nostalgia,"['Gratitude', 'Sadness']","['Reflection on family memories', 'Commitment to preserving her legacy']",Mixed,Reflective,8,Family
Hit a personal best on my morning run today! It feels so good to see my hard work pay off—it’s a reminder that consistency really is key. 🏃‍♀️,Pride,"['Gratitude', 'Relief']","['Reflection on perseverance', 'Commitment to setting new goals']",Positive,Empowering,9,Health
"Forgot to call my dad on his birthday this year. I feel so guilty, but I’m planning something special to make up for it this weekend. 🎂",Guilt,"['Regret', 'Determination']","['Reflection on family priorities', 'Commitment to rebuilding connections']",Negative,Supportive,7,Family
"Watched my coworker nail a presentation today. I felt so proud of them, but it also made me realize I need to work on my own confidence. Time to level up! 💼",Admiration,"['Jealousy', 'Motivation']","['Reflection on self-improvement', 'Commitment to personal growth']",Ambiguous,Encouraging,6,Workplace
"Caught myself comparing my body to someone else’s on Instagram again. It stung for a moment, but I reminded myself that health looks different for everyone. 💪",Insecurity,"['Reflection', 'Resilience']","['Commitment to self-acceptance', 'Reflection on personal growth']",Mixed,Encouraging,6,Social Media
"Watched the sunset over the mountains tonight. It reminded me how small we are, but also how connected everything feels when you pause and breathe. 🌄",Serenity,"['Gratitude', 'Reflection']","['Reflection on mindfulness', 'Commitment to appreciating the present']",Positive,Reverent,8,Nature
"Watched a documentary about water scarcity today, and I felt so guilty for how much I take access to clean water for granted. I’m going to start making changes. 💧",Guilt,"['Empathy', 'Determination']","['Reflection on privilege', 'Commitment to sustainability']",Negative,Activating,8,Global Issues
"Performed my original song at a local open mic night tonight. I was terrified, but hearing people clap made it all worth it. 🎤",Pride,"['Nervousness', 'Gratitude']","['Reflection on courage', 'Commitment to sharing creativity']",Positive,Empowering,9,Creativity
"Lost my mom’s favorite ring while cleaning today, and I feel terrible about it. But I’m trying to focus on the memories more than the object itself. 💔",Guilt,"['Sadness', 'Reflection']","['Reflection on impermanence', 'Commitment to cherishing intangible connections']",Mixed,Supportive,8,Family
"Spent the afternoon helping clean up the park. Seeing all the trash we collected was eye-opening, but it felt good to be part of something meaningful. 🌳",Gratitude,"['Determination', 'Reflection']","['Reflection on environmental stewardship', 'Commitment to collective action']",Positive,Empowering,8,Community
Watched a toddler finally zip up their jacket after struggling for so long. Their smile when they got it was so heartwarming—it reminded me of how much joy there is in small victories. 🧥,Admiration,"['Joy', 'Inspiration']","['Reflection on persistence', 'Gratitude for simple moments']",Positive,Empowering,7,Community
"Missed an important client call today because I mixed up the time zones. I feel so embarrassed and frustrated with myself, but I’ve already sent an apology and rescheduled. 🕒",Embarrassment,"['Regret', 'Determination']","['Reflection on accountability', 'Commitment to avoiding future mistakes']",Negative,Encouraging,8,Workplace
Saw a post about someone celebrating 10 years at their dream job. It made me so happy for them but also reminded me how far I still feel from my own career goals. 🌟,Admiration,"['Jealousy', 'Motivation']","['Reflection on personal aspirations', 'Commitment to focusing on my path']",Ambiguous,Supportive,7,Social Media
"Accidentally spilled water on my laptop today. I panicked at first, but after drying it off, everything seems fine. Lesson learned: no drinks near my workspace! 💻",Panic,"['Relief', 'Reflection']","['Reflection on habits', 'Commitment to being more cautious']",Mixed,Reassuring,6,Everyday Life
Visited the park I used to play in as a kid. Seeing the swings and slides made me feel so nostalgic—it’s like stepping into a time machine. 🛝,Nostalgia,"['Gratitude', 'Reflection']","['Reflection on childhood memories', 'Commitment to appreciating life’s journey']",Positive,Reflective,8,Family
Finally ran my first half-marathon today! I’m so proud of myself for sticking to the training—it’s proof that hard work truly pays off. 🏃‍♂️,Pride,"['Relief', 'Gratitude']","['Reflection on discipline', 'Commitment to future goals']",Positive,Empowering,9,Health
"Forgot to wish my mom a happy birthday until late in the evening. I feel terrible about it, but I made sure to plan something special for her this weekend. 🎂",Guilt,"['Regret', 'Determination']","['Reflection on familial priorities', 'Commitment to showing appreciation']",Negative,Supportive,7,Family
"My coworker got a promotion today, and while I’m thrilled for them, I also feel like I need to step up my own efforts. It’s motivating, but also a little bittersweet. 💼",Admiration,"['Jealousy', 'Motivation']","['Reflection on self-improvement', 'Commitment to staying focused']",Ambiguous,Encouraging,6,Workplace
"Caught myself comparing my fitness progress to someone else’s Instagram post today. It stung for a moment, but then I reminded myself that everyone’s journey is different. 💪",Insecurity,"['Reflection', 'Resilience']","['Commitment to self-acceptance', 'Reflection on personal goals']",Mixed,Encouraging,6,Social Media
Watched the sunrise on my morning hike today. It was breathtaking and reminded me how small my worries feel when compared to the beauty of the world. 🌄,Serenity,"['Gratitude', 'Reflection']","['Reflection on mindfulness', 'Commitment to appreciating the present']",Positive,Reverent,8,Nature
"Watched a video about the impact of single-use plastics, and I felt so guilty about my own habits. I’m starting with small changes today to make a difference. 🌍",Guilt,"['Determination', 'Empathy']","['Reflection on responsibility', 'Commitment to sustainability']",Negative,Activating,9,Global Issues
"Performed my own poetry at a local open mic night for the first time. I was nervous, but the applause reminded me why I love sharing my words. ✍️",Pride,"['Nervousness', 'Gratitude']","['Reflection on bravery', 'Commitment to creative expression']",Positive,Empowering,9,Creativity
"Lost my dad’s favorite watch while cleaning today. I feel awful, but I’m trying to remind myself that the memories attached to it matter more than the object. ⌚",Guilt,"['Sadness', 'Reflection']","['Reflection on impermanence', 'Commitment to cherishing memories']",Mixed,Supportive,8,Family
Spent the day volunteering at a community garden. Seeing how much we accomplished together reminded me how small actions add up to something meaningful. 🌱,Gratitude,"['Joy', 'Connection']","['Reflection on collaboration', 'Commitment to community service']",Positive,Empowering,9,Community
Watched a child finally learn to tie their shoes after trying for so long. Their excitement was so contagious—it reminded me to celebrate the little victories in life. 👟,Admiration,"['Joy', 'Inspiration']","['Reflection on persistence', 'Gratitude for innocent joys']",Positive,Empowering,7,Community
"Had to say goodbye to our family dog today after 12 wonderful years. My heart is so heavy, but I’m grateful for all the love they gave us. 🐾💔",Grief,"['Gratitude', 'Reflection']","['Reflection on unconditional love', 'Commitment to cherishing memories']",Mixed,Supportive,9,Family
"Missed an important interview because I overslept. I feel so disappointed in myself, but I’m emailing them now to apologize and see if I can reschedule. I won’t let this happen again. ⏰",Disappointment,"['Regret', 'Determination']","['Reflection on responsibility', 'Commitment to self-discipline']",Negative,Encouraging,8,Career
"A close friend got engaged today, and I’m genuinely happy for them. But it also made me realize how far I feel from my own relationship goals. Love will happen when it’s meant to, I guess. 💍",Admiration,"['Jealousy', 'Hope']","['Reflection on personal timing', 'Commitment to self-acceptance']",Ambiguous,Supportive,7,Relationships
"Spilled juice all over my keyboard today. I was so frustrated, but then I realized it’s not worth getting upset over something fixable. Time to clean up and move on. 🍹",Frustration,"['Relief', 'Reflection']","['Reflection on priorities', 'Commitment to staying calm in challenges']",Neutral,Reassuring,6,Everyday Life
"Visited my late grandmother’s house today. Seeing her handwritten recipes brought back so many memories. I miss her so much, but I’m grateful for the love she left behind. 🥧",Nostalgia,"['Sadness', 'Gratitude']","['Reflection on loss', 'Commitment to honoring her memory']",Mixed,Reflective,8,Family
"Finally completed my first triathlon today! I’m beyond exhausted, but the sense of accomplishment is unreal. Hard work really does pay off. 🏅",Pride,"['Gratitude', 'Relief']","['Reflection on perseverance', 'Commitment to future challenges']",Positive,Empowering,9,Health
"Forgot my partner’s birthday until halfway through the day. I feel awful about it, but I’ve planned a special dinner to make up for it. Relationships take effort. 🎂",Guilt,"['Regret', 'Determination']","['Reflection on emotional priorities', 'Commitment to making amends']",Negative,Supportive,7,Relationships
"My coworker got recognized for their hard work today, and it made me so proud of them! But I also couldn’t help feeling like I need to step up my game. 💼",Admiration,"['Jealousy', 'Motivation']","['Reflection on self-improvement', 'Commitment to growth']",Ambiguous,Encouraging,6,Workplace
"Caught myself comparing my creative work to someone else’s portfolio online. It made me feel insecure, but then I reminded myself that my style is unique. 🎨",Insecurity,"['Reflection', 'Resilience']","['Commitment to self-confidence', 'Reflection on creative individuality']",Mixed,Encouraging,7,Creativity
"Watched the stars while camping last night. The vastness of the sky reminded me how small we are, but also how connected everything feels. 🌌",Serenity,"['Gratitude', 'Reflection']","['Reflection on mindfulness', 'Commitment to appreciating life’s beauty']",Positive,Reverent,8,Nature
"Watched a documentary about child hunger today. I feel so guilty for how much food I waste, but I’m determined to start donating regularly. 🍲",Guilt,"['Empathy', 'Determination']","['Reflection on privilege', 'Commitment to making a difference']",Negative,Activating,9,Community
"Performed my stand-up routine at a comedy club for the first time tonight. I was so nervous, but hearing the laughs felt incredible. 🎤",Pride,"['Nervousness', 'Gratitude']","['Reflection on courage', 'Commitment to sharing joy']",Positive,Empowering,9,Creativity
"Lost my favorite childhood toy while moving houses. I feel so sad, but I’m trying to hold onto the memories it represents instead of focusing on the loss. 🧸",Sadness,"['Reflection', 'Gratitude']","['Reflection on impermanence', 'Commitment to cherishing memories']",Mixed,Supportive,8,Family
"Spent the morning planting trees with a local group. It felt amazing to do something tangible for the planet, even if it’s just a small step. 🌱",Gratitude,"['Connection', 'Joy']","['Reflection on environmental impact', 'Commitment to sustainability']",Positive,Empowering,9,Community
"Watched a toddler figure out how to stack blocks after multiple tries. Their determination reminded me to keep going, even when progress feels slow. 🧩",Admiration,"['Joy', 'Inspiration']","['Reflection on persistence', 'Gratitude for simple victories']",Positive,Empowering,7,Community
"Had to say goodbye to our family cat today after 15 wonderful years. My heart is heavy, but I’m grateful for the unconditional love they brought into our lives. 🐾💔",Grief,"['Gratitude', 'Reflection']","['Reflection on loss', 'Commitment to cherishing memories']",Mixed,Supportive,9,Family
"Missed a meeting because I was double-booked. I feel so annoyed at myself, but I’ve already emailed an apology and made a detailed schedule to avoid this happening again. 🕒",Frustration,"['Regret', 'Determination']","['Reflection on accountability', 'Commitment to better planning']",Negative,Encouraging,8,Workplace
"Saw a friend post about their new house on Instagram, and I’m genuinely happy for them. But it also made me feel a little behind on my own goals. Everyone’s timeline is different, right? 🏡",Admiration,"['Jealousy', 'Reflection']","['Reflection on personal growth', 'Commitment to trusting my journey']",Ambiguous,Supportive,7,Social Media
"Dropped my lunch on the way back to my desk, and I was so frustrated. But then my coworker offered me a snack, and it made me realize how small kindnesses can brighten a day. 🥪",Frustration,"['Relief', 'Gratitude']","['Reflection on handling setbacks', 'Commitment to spreading kindness']",Mixed,Reassuring,6,Everyday Life
"Visited my late grandpa’s shed today and saw the tools he used to build so many things. It made me miss him deeply, but it also reminded me of his creativity and love for making things. 🛠️",Grief,"['Nostalgia', 'Gratitude']","['Reflection on familial bonds', 'Commitment to preserving his legacy']",Mixed,Reflective,8,Family
Finally nailed my personal best in swimming today! It feels so rewarding to see all the practice pay off. Hard work truly does make a difference. 🏊‍♂️,Pride,"['Gratitude', 'Relief']","['Reflection on perseverance', 'Commitment to consistent improvement']",Positive,Empowering,9,Health
"Forgot my best friend’s birthday until I saw their post online. I feel so guilty, but I’m planning to surprise them with their favorite dessert tomorrow. 🎂",Guilt,"['Regret', 'Determination']","['Reflection on relationships', 'Commitment to making amends']",Negative,Supportive,7,Friendship
"Caught myself comparing my art to someone else’s portfolio today. It stung for a moment, but then I realized my work has its own unique value. 🎨",Insecurity,"['Reflection', 'Resilience']","['Commitment to creative individuality', 'Reflection on personal growth']",Mixed,Encouraging,6,Creativity
"Watched the waves crash against the rocks this morning. It reminded me how relentless and beautiful nature can be, and how small my worries feel in comparison. 🌊",Serenity,"['Gratitude', 'Reflection']","['Reflection on mindfulness', 'Commitment to living in the moment']",Positive,Reverent,8,Nature
"Watched a documentary about waste management, and now I feel so guilty about how much I throw away. Time to start reducing and reusing more consciously. 🌍",Guilt,"['Empathy', 'Determination']","['Reflection on sustainability', 'Commitment to environmental stewardship']",Negative,Activating,8,Global Issues
"Performed my spoken word poetry at a small event tonight. I was shaking with nerves, but hearing the applause reminded me why I share my art. ✍️",Pride,"['Nervousness', 'Gratitude']","['Reflection on courage', 'Commitment to creative self-expression']",Positive,Empowering,9,Creativity
"Lost my mom’s old photo album while moving, and it broke my heart. But I’m trying to focus on the memories we’ve created, which no one can take away. 💔",Grief,"['Reflection', 'Gratitude']","['Reflection on impermanence', 'Commitment to cherishing what matters']",Mixed,Supportive,8,Family
Spent the day planting wildflowers in a local park. Seeing the community come together reminded me how powerful small actions can be. 🌱,Gratitude,"['Connection', 'Joy']","['Reflection on community impact', 'Commitment to collective action']",Positive,Empowering,9,Community
Watched a child finally ride their bike without help today. Their sheer joy was so inspiring—it reminded me to celebrate every little success in life. 🚴,Admiration,"['Joy', 'Inspiration']","['Reflection on persistence', 'Gratitude for small victories']",Positive,Empowering,7,Community
"Had to say goodbye to our family dog today after 14 incredible years. My heart feels heavy, but I’m grateful for all the love they brought into our lives. 🐾💔",Grief,"['Gratitude', 'Reflection']","['Reflection on unconditional love', 'Commitment to cherishing memories']",Mixed,Supportive,9,Family
"Got into an argument with my sibling about chores today. I feel frustrated and hurt, but I know we’ll laugh about it eventually. Family dynamics can be so complicated. 🙄",Frustration,"['Hurt', 'Reflection']","['Commitment to forgiveness', 'Reflection on familial bonds']",Negative,Reassuring,6,Family
"My old college professor messaged me about an opportunity today. It felt good to know they thought of me, but it also made me wonder if I’m living up to my potential. 📚",Gratitude,"['Insecurity', 'Reflection']","['Reflection on professional growth', 'Commitment to exploring opportunities']",Ambiguous,Supportive,7,Career
Watched a street performer today who was so captivating. It made me feel connected to the moment and reminded me how much beauty there is in simple things. 🎶,Amazement,"['Gratitude', 'Serenity']","['Reflection on artistic expression', 'Commitment to living mindfully']",Positive,Reverent,8,Art
"My phone died right before I could capture the sunset. I felt so annoyed at first, but then I realized it was better to just experience the moment fully. 🌅",Frustration,"['Relief', 'Reflection']","['Reflection on mindfulness', 'Commitment to being present']",Mixed,Reassuring,6,Nature
"Finally got a chance to visit the museum I’ve always wanted to see. Walking through history felt surreal, and it reminded me of how small but impactful our lives are. 🖼️",Amazement,"['Gratitude', 'Reflection']","['Reflection on cultural heritage', 'Commitment to lifelong learning']",Positive,Reverent,8,Art
"Missed a friend’s wedding because I was stuck abroad. I feel so guilty about not being there for their big day, but I’ve written them a heartfelt letter to make up for it. 💌",Guilt,"['Regret', 'Reflection']","['Commitment to maintaining friendships', 'Reflection on uncontrollable circumstances']",Negative,Supportive,8,Friendship
Watched a video of a rescue team saving stray animals. It broke my heart but also made me hopeful to see such compassion in the world. 🐾,Sadness,"['Hope', 'Empathy']","['Reflection on human kindness', 'Commitment to contributing to change']",Mixed,Supportive,7,Community
"A friend posted about their travels to South America, and it looked incredible. I felt so inspired but also a little envious—I need to plan my own trip soon. 🌎",Admiration,"['Envy', 'Inspiration']","['Reflection on personal goals', 'Commitment to self-care and adventure']",Ambiguous,Supportive,6,Social Media
"My little cousin drew me a picture today. It wasn’t much, but their excitement to share it made me realize how meaningful small gestures can be. 🖍️",Joy,"['Gratitude', 'Connection']","['Reflection on innocence', 'Commitment to nurturing relationships']",Positive,Affectionate,7,Family
"Lost my wallet while shopping today. For a while, I felt panicked, but then someone turned it in untouched. There are still good people in the world. 👜",Relief,"['Gratitude', 'Reflection']","['Reflection on trust in others', 'Commitment to paying kindness forward']",Positive,Supportive,7,Community
"Performed my first solo at a local choir concert tonight. I was so nervous, but seeing the audience smile made every moment of preparation worth it. 🎵",Pride,"['Nervousness', 'Relief']","['Reflection on courage', 'Commitment to personal growth']",Positive,Empowering,9,Creativity
"Watched my team lose a close game today. I felt crushed, but the way they never gave up reminded me why I support them no matter what. ⚽",Disappointment,"['Admiration', 'Hope']","['Reflection on perseverance', 'Commitment to loyalty']",Mixed,Encouraging,8,Sports
Finally repaired an old guitar that’s been sitting in my attic for years. Hearing its sound again brought back so many memories. 🎸,Nostalgia,"['Joy', 'Reflection']","['Commitment to preserving cherished items', 'Gratitude for creative outlets']",Positive,Reflective,7,Creativity
"Missed a family dinner because I was stuck at work. I feel so guilty for not being there, but I’ve promised myself I’ll prioritize time with them this weekend. ❤️",Guilt,"['Regret', 'Determination']","['Reflection on family priorities', 'Commitment to balancing work and relationships']",Negative,Supportive,7,Family
"Saw someone post their beautiful wedding pictures today. I felt so happy for them, but I couldn’t help wondering when it’ll be my turn. 💍",Admiration,"['Longing', 'Hope']","['Reflection on patience', 'Commitment to trusting the timing of life']",Ambiguous,Reflective,6,Social Media
My neighbor brought over cookies after noticing I had a rough day. Their kindness made me cry—it’s rare to feel this seen and cared for. 🍪,Gratitude,"['Relief', 'Connection']","['Reflection on human connection', 'Commitment to showing kindness in return']",Positive,Affectionate,8,Community
"My car broke down on the way to an important meeting today. I was so stressed, but the roadside assistance came through faster than I expected. 🚗",Stress,"['Relief', 'Gratitude']","['Reflection on unexpected help', 'Commitment to staying calm under pressure']",Mixed,Reassuring,7,Everyday Life
"Finally started learning a new language after years of putting it off. It’s challenging, but every little win feels so rewarding. 🗣️",Pride,"['Gratitude', 'Curiosity']","['Reflection on self-discipline', 'Commitment to lifelong learning']",Positive,Empowering,8,Personal Growth
"Forgot my anniversary today, and my partner was hurt. I feel awful, but I’ve planned a surprise dinner tomorrow to make it up to them. Relationships are constant work. 🍷",Guilt,"['Hurt', 'Determination']","['Reflection on making amends', 'Commitment to improving communication']",Negative,Supportive,7,Relationships
Watched a teacher inspire a group of students during a workshop today. Their passion reminded me how impactful good mentors can be. 🍎,Admiration,"['Inspiration', 'Gratitude']","['Reflection on mentorship', 'Commitment to learning from role models']",Positive,Reverent,7,Community
"Caught myself comparing my progress to someone else’s online highlight reel. It hurt for a second, but then I reminded myself how far I’ve come. 🌟",Insecurity,"['Reflection', 'Resilience']","['Commitment to self-worth', 'Reflection on individual growth']",Mixed,Encouraging,6,Social Media
Watched the snow fall quietly outside my window tonight. It reminded me how beautiful and calming simple moments can be. ❄️,Serenity,"['Gratitude', 'Reflection']","['Reflection on nature’s beauty', 'Commitment to appreciating stillness']",Positive,Reverent,8,Nature
"My team lost the championship game today, and I felt crushed. But seeing how hard they fought made me proud to support them no matter the outcome. 🏆",Disappointment,"['Admiration', 'Hope']","['Reflection on sportsmanship', 'Commitment to loyalty']",Mixed,Encouraging,8,Sports
"Finally submitted the manuscript I’ve been working on for years. It’s terrifying and exciting at the same time, but I’m proud of taking this step. 📖",Pride,"['Nervousness', 'Gratitude']","['Reflection on courage', 'Commitment to creative expression']",Positive,Empowering,9,Creativity
"Lost my childhood sketchbook in the move. It broke my heart, but I’m focusing on the creative journey it started for me, not just the pages. 🎨",Grief,"['Reflection', 'Gratitude']","['Reflection on impermanence', 'Commitment to honoring personal growth']",Mixed,Supportive,8,Family
"Spent the day cleaning up a local river with volunteers. It was humbling to see the impact of our efforts, even if there’s so much more to do. 🌊",Gratitude,"['Determination', 'Reflection']","['Reflection on environmental responsibility', 'Commitment to collective action']",Positive,Empowering,9,Community
Watched a toddler finally zip their jacket after struggling for so long. Their joy reminded me to celebrate every small victory in life. 🧥,Admiration,"['Joy', 'Inspiration']","['Reflection on persistence', 'Gratitude for simple successes']",Positive,Empowering,7,Community
"Spent the day at a concert with my best friends. The energy was electric, but I couldn't shake the feeling that we were all growing apart. 🎤",Nostalgia,"['Sadness', 'Joy']","['Reflection on changing friendships', 'Commitment to cherishing the present']",Mixed,Reflective,8,Friendship
"I finally got my dream job, but now I’m realizing how much pressure comes with it. I’ve worked for this my whole life, and now I’m scared I’m not enough. 💼",Anxiety,"['Excitement', 'Doubt']","['Reflection on self-worth', 'Commitment to overcoming challenges']",Negative,Reassuring,9,Career
"Finally took the plunge and moved to a new city. It's a dream come true, but I can't help but miss the familiarity of home. 🏙️",Excitement,"['Sadness', 'Curiosity']","['Reflection on transition', 'Commitment to embracing change']",Mixed,Supportive,7,Life Change
"Had an argument with my partner today. It wasn’t about anything big, but it’s left me feeling distant. I’m trying to figure out how to fix things. 💔",Frustration,"['Regret', 'Hope']","['Reflection on relationship dynamics', 'Commitment to resolution']",Negative,Supportive,8,Relationships
"Saw a homeless person asking for help on my way to work today. I wanted to do something, but I was too rushed. I keep thinking about them. 🏙️",Guilt,"['Sympathy', 'Regret']","['Reflection on privilege', 'Commitment to compassion']",Negative,Supportive,6,Social Issues
"Just finished binge-watching a series I’ve been wanting to see for months. It was incredible, but now I feel a little empty—like I don’t know what to do with myself. 📺",Satisfaction,"['Loneliness', 'Excitement']","['Reflection on entertainment habits', 'Commitment to balancing leisure and productivity']",Mixed,Reflective,7,Entertainment
"I got a text from my ex today. I haven’t heard from them in months, and now I’m not sure how to feel about it. Part of me wants to talk, but I know it’s best to move on. 📱",Confusion,"['Hope', 'Fear']","['Reflection on closure', 'Commitment to emotional well-being']",Ambiguous,Reflective,7,Relationships
"Had a great day at the beach with my friends today. The sun was shining, and we laughed until our stomachs hurt. I needed this so badly. 🌊",Joy,"['Gratitude', 'Relaxation']","['Reflection on self-care', 'Commitment to finding joy in the small moments']",Positive,Affectionate,9,Leisure
"Got the news that my childhood friend is moving far away. I’m happy for their new opportunity, but it’s going to be hard not seeing them around. ✈️",Sadness,"['Happiness', 'Loneliness']","['Reflection on change', 'Commitment to maintaining long-distance friendships']",Mixed,Supportive,8,Friendship
"Just finished a huge project at work, and I can’t believe how much effort I put into it. It’s finally over, but now I feel lost without the pressure. 💼",Relief,"['Pride', 'Uncertainty']","['Reflection on productivity', 'Commitment to finding new goals']",Mixed,Empowering,7,Career
"I woke up early today to meditate and start the day on a positive note. It’s only been a few days, but I’m already noticing a difference in how I feel. 🧘‍♂️",Pride,"['Peace', 'Gratitude']","['Reflection on mindfulness', 'Commitment to mental health']",Positive,Empowering,8,Personal Growth
"I’ve been struggling to make friends in this new city. It’s been hard, but I’m trying to stay positive and keep putting myself out there. 🤝",Loneliness,"['Hope', 'Frustration']","['Reflection on social anxiety', 'Commitment to building connections']",Negative,Reassuring,6,Life Change
"Started working on my novel today. It’s a slow start, but I’m so excited to see where it goes. It’s been years since I’ve pursued this dream. 📚",Excitement,"['Nervousness', 'Pride']","['Reflection on creative pursuits', 'Commitment to following passions']",Positive,Empowering,9,Creativity
"I’ve been working on my mental health a lot lately. Some days are better than others, but I’m learning to be kind to myself. 💖",Self-compassion,"['Frustration', 'Gratitude']","['Reflection on self-improvement', 'Commitment to healing']",Positive,Encouraging,8,Mental Health
"Lost my job today. I’m devastated, but I know I have the strength to move forward. I’ll take this as an opportunity to find something better. 💔",Sadness,"['Determination', 'Fear']","['Reflection on resilience', 'Commitment to new beginnings']",Negative,Reassuring,8,Career
"Had an argument with a close friend today. It was over something small, but it’s left me feeling disconnected. I wonder if it’s just growing pains or something deeper. 😞",Frustration,"['Sadness', 'Confusion']","['Reflection on friendship dynamics', 'Commitment to understanding each other']",Mixed,Reflective,8,Friendship
I received an unexpected compliment from a stranger today. It made me feel valued in a way I didn’t realize I needed. It's a reminder that kindness exists everywhere. 💛,Gratitude,"['Surprise', 'Warmth']","['Reflection on human connection', 'Commitment to spreading positivity']",Positive,Affectionate,8,Community
"I’ve been feeling so overwhelmed lately. Between work and personal stuff, it feels like everything is just too much. I keep telling myself to keep going, but it’s hard. 🧠",Overwhelm,"['Stress', 'Frustration']","['Reflection on coping mechanisms', 'Commitment to managing stress']",Negative,Reassuring,9,Mental Health
"I decided to take a day off to focus on my self-care. I spent the day alone, and it was exactly what I needed. I’ve been pushing myself too hard lately. 🌿",Contentment,"['Relief', 'Self-compassion']","['Reflection on self-care', 'Commitment to mental well-being']",Positive,Empowering,8,Personal Growth
"I’ve been so disconnected from my family lately. I miss the old times when we’d spend hours talking. Maybe it’s time to reconnect, but it feels awkward now. 👪",Longing,"['Regret', 'Hope']","['Reflection on familial bonds', 'Commitment to rebuilding relationships']",Ambiguous,Supportive,7,Family
"Got a promotion today, but I can’t shake this nagging feeling that I’m just not cut out for this role. Everyone says I should be proud, but it feels like too much responsibility. 🎯",Doubt,"['Anxiety', 'Imposter Syndrome']","['Reflection on personal growth', 'Commitment to confidence']",Negative,Reassuring,8,Career
"Took my first trip abroad today. The new sights and sounds are amazing, but I feel a bit out of place. It’s strange, but exciting at the same time. ✈️",Excitement,"['Uncertainty', 'Curiosity']","['Reflection on cultural immersion', 'Commitment to embracing new experiences']",Mixed,Adventurous,8,Travel
"I lost my childhood pet today. It feels like a part of my childhood is gone forever. I know it’s part of life, but it’s still hard to let go. 🐾",Grief,"['Sadness', 'Loss']","['Reflection on love and loss', 'Commitment to cherishing memories']",Negative,Supportive,9,Personal Loss
"Received an unexpected gift today from a colleague. It was a small gesture, but it made me feel so appreciated. It’s the little things that really count. 🎁",Appreciation,"['Surprise', 'Happiness']","['Reflection on kindness', 'Commitment to showing gratitude']",Positive,Affectionate,7,Workplace
"Tried a new restaurant today, and it was honestly a letdown. The food was cold and bland. I’ll give it another chance, but I’m disappointed. 🍽️",Disappointment,"['Frustration', 'Regret']","['Reflection on expectations', 'Commitment to trying new things']",Negative,Reassuring,7,Leisure
"I’ve been doing a lot of thinking about my future. Some days, it feels like I have it all figured out, and other days, it’s overwhelming. Not sure which direction to go in. 🛤️",Uncertainty,"['Reflection', 'Anxiety']","['Reflection on personal goals', 'Commitment to finding clarity']",Mixed,Reflective,8,Personal Growth
"I’ve been training for a marathon for months now. It’s been exhausting, but crossing the finish line today made every step worth it. 🏅",Pride,"['Exhaustion', 'Accomplishment']","['Reflection on perseverance', 'Commitment to pushing limits']",Positive,Empowering,9,Fitness
"I took a huge risk today. I changed careers, and now I’m feeling all sorts of things—nervous, excited, hopeful. But there’s no turning back now. 💡",Excitement,"['Fear', 'Hope']","['Reflection on personal transformation', 'Commitment to pursuing dreams']",Mixed,Empowering,8,Career
"I’ve been feeling isolated from everyone lately. Social media makes it worse, seeing everyone else out having fun while I’m just here in my room. 😔",Loneliness,"['Insecurity', 'Sadness']","['Reflection on social comparison', 'Commitment to finding true connection']",Negative,Supportive,8,Social Media
"I saw an old friend today after years of not talking. It felt like no time had passed, but there’s also this strange gap between us now. Like we're different people. 😅",Nostalgia,"['Awkwardness', 'Surprise']","['Reflection on personal growth', 'Commitment to rekindling old connections']",Mixed,Reflective,8,Friendship
"I’ve been struggling with my body image lately. I know I should love myself the way I am, but it’s hard when society makes me feel less than. 🪞",Insecurity,"['Frustration', 'Sadness']","['Reflection on self-image', 'Commitment to body positivity']",Negative,Supportive,9,Personal Struggles
"I just moved into my dream apartment! I’m so excited, but it feels overwhelming too. There’s so much to do, and I can’t help but wonder if I’m ready for all this responsibility. 🏠",Excitement,"['Overwhelm', 'Hope']","['Reflection on independence', 'Commitment to making it work']",Mixed,Supportive,8,Life Change
"Today’s therapy session was tough. It made me face a lot of painful truths, but I know it's part of the healing process. I’m both drained and grateful for it. 💭",Vulnerability,"['Gratitude', 'Sadness']","['Reflection on emotional growth', 'Commitment to self-healing']",Mixed,Reflective,9,Mental Health
"I failed my driving test today. I’ve been working so hard, but now I feel like I’ve let everyone down. I’m trying to stay positive, but it’s hard right now. 🚗",Disappointment,"['Frustration', 'Embarrassment']","['Reflection on failure', 'Commitment to perseverance']",Negative,Reassuring,8,Personal Achievement
"Had a fantastic dinner with my family tonight. There were some awkward moments, but overall, it was so nice to just sit together and enjoy each other’s company. 🍽️",Contentment,"['Joy', 'Awkwardness']","['Reflection on family bonds', 'Commitment to maintaining connections']",Positive,Affectionate,8,Family
"I received an email today telling me that I didn’t get the job I interviewed for. It hurts, but I know I need to stay positive. This just means the right opportunity is out there somewhere. 📝",Disappointment,"['Hope', 'Frustration']","['Reflection on setbacks', 'Commitment to moving forward']",Mixed,Reassuring,7,Career
"I just started reading a new book, and it’s amazing. I’m so captivated by it, and it’s reminding me how much I love to read. 📖",Excitement,"['Joy', 'Curiosity']","['Reflection on passions', 'Commitment to personal growth']",Positive,Empowering,8,Personal Growth
"I caught myself comparing my progress to others on social media today. I hate how it makes me feel, but it’s hard not to get caught up in it. 💻",Insecurity,"['Frustration', 'Resentment']","['Reflection on social comparison', 'Commitment to self-acceptance']",Negative,Supportive,7,Social Media
"I’ve been feeling disconnected from my culture lately. I want to reconnect with my roots, but I’m not sure where to start. It's hard to feel like I belong when I'm not sure of my identity. 🌍",Confusion,"['Sadness', 'Frustration']","['Reflection on identity', 'Commitment to cultural exploration']",Ambiguous,Supportive,8,Cultural Identity
"I’m so proud of my friend for finishing their degree. It’s been a long road for them, and they’ve worked so hard. I’m inspired by their dedication. 🎓",Admiration,"['Pride', 'Inspiration']","['Reflection on personal growth', ""Commitment to celebrating others' successes""]",Positive,Empowering,9,Friendship
"I started volunteering today, and it was such a rewarding experience. I’m proud of myself for taking the step to help others, even though it was a bit intimidating at first. 🤝",Pride,"['Nervousness', 'Gratitude']","['Reflection on altruism', 'Commitment to community service']",Positive,Empowering,8,Community
"I’ve been thinking a lot about my future lately. It’s scary to think that I’m not where I thought I’d be by now, but I’m also proud of the journey I’ve had so far. 🤔",Uncertainty,"['Pride', 'Fear']","['Reflection on future goals', 'Commitment to progress']",Mixed,Reflective,8,Personal Growth
"I lost a family member today. It’s devastating, but I’m trying to remember all the good times we had together. It’s hard to find peace right now, but I’m hoping it’ll come. 💔",Grief,"['Sadness', 'Regret']","['Reflection on loss', 'Commitment to honoring memories']",Negative,Supportive,10,Personal Loss
"I’ve been feeling so stuck lately. Every time I try to make progress, something comes up, and I end up back where I started. It’s exhausting. 😩",Frustration,"['Exhaustion', 'Hopelessness']","['Reflection on setbacks', 'Commitment to pushing through']",Negative,Reassuring,9,Personal Struggles
"Just got back from a solo trip, and I feel so much more centered. It’s amazing how different the world looks when you take time to just breathe. 🌍",Serenity,"['Gratitude', 'Peace']","['Reflection on self-care', 'Commitment to mindfulness']",Positive,Empowering,9,Travel
"I made a huge mistake at work today. I feel like everyone’s going to judge me, and I can’t stop thinking about it. I wish I could go back and fix it. 🥺",Regret,"['Embarrassment', 'Anxiety']","['Reflection on learning from mistakes', 'Commitment to improving']",Negative,Supportive,8,Career
"Had a great talk with my therapist today. It was tough but eye-opening. I can see how far I’ve come, even though there’s still work to do. 💭",Relief,"['Hope', 'Gratitude']","['Reflection on emotional growth', 'Commitment to self-improvement']",Positive,Encouraging,8,Mental Health
"Saw a post from my ex today. I’m doing so much better, but it still stings a little. I guess some things just take time to completely heal. 💔",Nostalgia,"['Sadness', 'Acceptance']","['Reflection on closure', 'Commitment to healing']",Mixed,Reflective,8,Relationships
"I finally tried yoga today, and I thought I would hate it. But honestly, I feel so relaxed and energized now. I might make it a regular thing. 🧘‍♂️",Contentment,"['Gratitude', 'Relaxation']","['Reflection on wellness', 'Commitment to personal health']",Positive,Empowering,7,Personal Growth
"I’ve been feeling invisible lately. It’s like no matter how much I try, I just can’t get anyone’s attention. Maybe I’m not trying the right way. 🥲",Loneliness,"['Insecurity', 'Frustration']","['Reflection on self-expression', 'Commitment to seeking connection']",Negative,Supportive,9,Social Struggles
"I finally took the leap and posted my art online today. I was so nervous, but seeing all the positive feedback made me feel like it was worth it. 🎨",Pride,"['Excitement', 'Relief']","['Reflection on courage', 'Commitment to creative expression']",Positive,Empowering,9,Creativity
"My friend canceled on me again. I know they’re busy, but I’m starting to feel like they don’t value our time together. 😕",Disappointment,"['Frustration', 'Sadness']","['Reflection on friendship dynamics', 'Commitment to setting boundaries']",Negative,Supportive,7,Friendship
"I came across an old letter from my grandmother today. It made me miss her, but also reminded me of all the love she gave me. ❤️",Grief,"['Nostalgia', 'Love']","['Reflection on loss', 'Commitment to cherishing memories']",Mixed,Reflective,8,Family
"I’ve been putting off going to the gym for weeks, but today I finally made it. I feel so accomplished, even though it was just a small step. 💪",Pride,"['Exhaustion', 'Satisfaction']","['Reflection on progress', 'Commitment to consistency']",Positive,Empowering,7,Fitness
"I had a rough day at work. My boss criticized me in front of everyone, and now I can’t stop thinking about it. I feel like I’m not good enough. 😞",Shame,"['Embarrassment', 'Frustration']","['Reflection on self-worth', 'Commitment to resilience']",Negative,Reassuring,8,Career
"Saw a random act of kindness today. It was such a simple gesture, but it filled me with hope. I wish there were more people like that. 🌟",Hope,"['Gratitude', 'Inspiration']","['Reflection on humanity', 'Commitment to spreading kindness']",Positive,Empowering,8,Community
"I lost my job today. I don’t know how to feel. Part of me is relieved, but another part of me is terrified about what comes next. 🏚️",Fear,"['Relief', 'Uncertainty']","['Reflection on change', 'Commitment to moving forward']",Mixed,Reassuring,9,Career
"I just finished reading a self-help book about resilience. It gave me a lot to think about, but now I feel overwhelmed by all the changes I’m supposed to make. 🧠",Overwhelm,"['Inspiration', 'Doubt']","['Reflection on self-improvement', 'Commitment to finding balance']",Mixed,Reflective,8,Personal Growth
"I made the decision to let go of a friendship today. It was painful, but I knew it was necessary for my own peace of mind. I’m hopeful for the future, but also grieving. 💔",Sadness,"['Relief', 'Nostalgia']","['Reflection on boundaries', 'Commitment to emotional growth']",Mixed,Supportive,9,Relationships
"I’m so proud of my progress in therapy. It hasn’t been easy, but every step feels like a victory. I still have a long way to go, but I’m starting to see the light at the end of the tunnel. 💡",Pride,"['Hope', 'Gratitude']","['Reflection on emotional resilience', 'Commitment to healing']",Positive,Empowering,8,Mental Health
"I just got rejected from the job I really wanted. It hurts, but maybe this is the universe’s way of telling me I’m meant for something else. I don’t know if I can believe that just yet. 😞",Disappointment,"['Hope', 'Uncertainty']","['Reflection on opportunities', 'Commitment to perseverance']",Mixed,Reassuring,8,Career
"I walked into my childhood home today. It’s been sold, but it still feels like the place where everything started. I’m glad I got to say goodbye, but it’s hard to leave that part of my life behind. 🏡",Nostalgia,"['Sadness', 'Gratitude']","['Reflection on childhood', 'Commitment to embracing change']",Mixed,Reflective,9,Family
"I’ve been feeling invisible lately. Everyone around me is moving forward, and I’m stuck in the same place. I wish I could find my way out of this rut. 🥺",Insecurity,"['Frustration', 'Loneliness']","['Reflection on personal growth', 'Commitment to self-empowerment']",Negative,Supportive,9,Social Struggles
Started a new hobby today. It’s so refreshing to dive into something creative and just lose myself in the process. I feel proud of myself for stepping out of my comfort zone. 🎨,Pride,"['Excitement', 'Gratitude']","['Reflection on personal growth', 'Commitment to self-expression']",Positive,Empowering,8,Personal Growth
"I heard a song today that brought back so many memories. It made me smile, but also made me miss those simpler times. Why does nostalgia always have to be bittersweet? 🎶",Nostalgia,"['Melancholy', 'Gratitude']","['Reflection on the past', 'Commitment to living in the present']",Mixed,Reflective,8,Music
I had an amazing time volunteering today. Helping others reminds me that there’s so much more to life than my own problems. I’m grateful for the chance to make a difference. 🌍,Gratitude,"['Satisfaction', 'Empathy']","['Reflection on altruism', 'Commitment to community involvement']",Positive,Empowering,9,Community
"I’ve been in a toxic friendship for way too long. I finally stood up for myself today, and while it felt empowering, it also left me feeling drained and a little unsure. 😔",Empowerment,"['Sadness', 'Relief']","['Reflection on boundaries', 'Commitment to self-respect']",Mixed,Supportive,8,Friendship
"I’ve been spending a lot of time with my family lately. It’s been nice to reconnect, but also kind of exhausting. The dynamics are so different now. 👪",Exhaustion,"['Nostalgia', 'Frustration']","['Reflection on family dynamics', 'Commitment to finding balance']",Mixed,Supportive,7,Family
"I started seeing someone new, and I’m excited but also anxious. It feels like everything is moving so fast, but part of me is afraid to slow it down. 🧡",Excitement,"['Anxiety', 'Hope']","['Reflection on relationships', 'Commitment to trusting the process']",Mixed,Reflective,8,Relationships
"I can’t believe my childhood best friend is getting married today. I’m so happy for them, but also a little sad that things have changed so much. 💍",Happiness,"['Sadness', 'Nostalgia']","['Reflection on friendship', 'Commitment to celebrating milestones']",Mixed,Empathetic,8,Life Events
"I’ve been struggling with self-doubt recently. Every time I try something new, I feel like I’m not good enough. But today, I decided to push through, and it felt like a small win. 🏅",Self-doubt,"['Pride', 'Fear']","['Reflection on growth', 'Commitment to pushing boundaries']",Mixed,Encouraging,8,Personal Struggles
"I’ve been feeling disconnected from my friends lately. I want to reach out, but it feels like they’re all in different places now. It’s hard to bridge that gap. 😔",Loneliness,"['Sadness', 'Frustration']","['Reflection on change', 'Commitment to reconnecting']",Negative,Supportive,9,Friendship
"Today, I saw my old mentor. We had a heart-to-heart, and it reminded me of how much I’ve grown. But there’s this lingering feeling that I haven’t done enough yet. 🤔",Admiration,"['Insecurity', 'Pride']","['Reflection on mentorship', 'Commitment to self-improvement']",Mixed,Reflective,8,Career
"I spent the day with my family, and it was exactly what I needed. But sometimes, I can’t help but feel like I’m falling behind compared to everyone else. 🏃‍♂️",Insecurity,"['Gratitude', 'Frustration']","['Reflection on personal progress', 'Commitment to finding balance']",Mixed,Empathetic,7,Family
"I got some bad news today. I’ve been trying to stay positive, but it’s hard not to feel overwhelmed by everything right now. I just want things to get better. 😩",Overwhelm,"['Sadness', 'Despair']","['Reflection on resilience', 'Commitment to finding hope']",Negative,Reassuring,9,Life Challenges
"I just finished a huge project at work. It was stressful, but now that it’s done, I feel such a sense of relief. I’m already looking forward to the next challenge. 🎯",Relief,"['Pride', 'Anticipation']","['Reflection on hard work', 'Commitment to growth']",Positive,Empowering,8,Career
"I’ve been thinking a lot about my past relationships. There’s a lot of pain, but also a lot of love. I’m grateful for the lessons I learned, even though it didn’t work out. 💔",Grief,"['Gratitude', 'Regret']","['Reflection on growth', 'Commitment to learning from the past']",Mixed,Reflective,8,Relationships
"Today was one of those days where everything seemed to go wrong. I know it’s just a bad day, but I feel like I’m stuck in a never-ending cycle of disappointments. 😞",Frustration,"['Sadness', 'Hopelessness']","['Reflection on setbacks', 'Commitment to perseverance']",Negative,Reassuring,9,Personal Struggles
"I was surrounded by people today, but I’ve never felt more alone. It’s like no one really understands what I’m going through, and I’m too scared to open up. 😓",Isolation,"['Sadness', 'Fear']","['Reflection on vulnerability', 'Commitment to finding connection']",Negative,Supportive,9,Mental Health
"I saw a stranger helping someone in need today. It was such a simple act, but it really restored my faith in humanity. There’s still so much good in the world. 🌍",Hope,"['Gratitude', 'Inspiration']","['Reflection on kindness', 'Commitment to spreading positivity']",Positive,Empowering,8,Community
"I made a decision today to cut some people out of my life. It wasn’t easy, but I know it’s for my own mental health. I’m proud of myself for standing my ground. ✂️",Empowerment,"['Relief', 'Sadness']","['Reflection on boundaries', 'Commitment to self-care']",Mixed,Empowering,8,Personal Growth
"I’m so excited for the weekend. I’ve been working hard lately, and I can’t wait to just relax and unwind. But there’s still that nagging feeling that I should be doing more. 😬",Excitement,"['Guilt', 'Anticipation']","['Reflection on work-life balance', 'Commitment to taking time off']",Mixed,Reflective,7,Leisure
"I watched a documentary today about people fighting for justice. It made me feel hopeful, but also angry at the unfairness in the world. It’s like I don’t know whether to cry or cheer. ⚖️",Anger,"['Hope', 'Frustration']","['Reflection on injustice', 'Commitment to action']",Mixed,Empathetic,9,Social Issues
"I had a disagreement with a close friend today. It wasn’t a huge thing, but it still felt like a blow to our connection. I hope we can work through it, but right now I’m feeling a bit unsure. 🤷‍♂️",Confusion,"['Frustration', 'Sadness']","['Reflection on communication', 'Commitment to resolution']",Mixed,Supportive,7,Friendship
"I found out that a friend I’ve known for years has been struggling with mental health issues. I’m devastated, but also grateful that they felt comfortable sharing this with me. It’s a reminder of how important it is to check in on those we care about. 💬",Concern,"['Gratitude', 'Sadness']","['Reflection on empathy', 'Commitment to supporting loved ones']",Mixed,Supportive,9,Friendship
"I’ve been dealing with a lot of self-doubt lately. I know I’m capable of so much, but sometimes it feels like I’m just standing still. Today, I had a small victory, and it made me believe that maybe I’m not as stuck as I feel. 💪",Self-doubt,"['Pride', 'Hope']","['Reflection on perseverance', 'Commitment to personal growth']",Mixed,Empowering,8,Personal Struggles
"I lost my job today. It’s scary because I’ve been so dependent on that paycheck, but part of me feels relieved. It’s like this strange weight has been lifted, but I don’t know what comes next. 😓",Fear,"['Relief', 'Uncertainty']","['Reflection on change', 'Commitment to adapting']",Mixed,Reassuring,9,Career
"I’m so proud of myself for completing a marathon. I’ve never felt more accomplished, but now that it’s over, I can’t help but wonder if I should be doing more. Is it ever enough? 🏅",Pride,"['Exhaustion', 'Uncertainty']","['Reflection on achievements', 'Commitment to self-exploration']",Mixed,Empowering,8,Fitness
"I finally had the courage to speak up about something that’s been bothering me in my relationship. It wasn’t easy, but I’m proud that I communicated my needs. I hope it brings us closer. 💬",Empowerment,"['Nervousness', 'Hope']","['Reflection on communication', 'Commitment to growth in relationships']",Positive,Empowering,9,Relationships
"I’ve been avoiding talking about my mental health with anyone for months, but today, I finally opened up. It’s terrifying, but I feel a little lighter now. Maybe sharing is the first step to healing. 💭",Vulnerability,"['Relief', 'Fear']","['Reflection on emotional openness', 'Commitment to self-acceptance']",Mixed,Supportive,8,Mental Health
"I saw someone I admire get the recognition they deserve today. I’m happy for them, but I can’t help but feel a little jealous. Why do I always compare myself to others? 🤔",Jealousy,"['Admiration', 'Frustration']","['Reflection on comparison', 'Commitment to self-worth']",Negative,Reassuring,8,Social Media
"I visited my childhood home for the first time in years. The memories came flooding back, and it felt like I was a kid again, but now everything feels so different. I can’t tell if I’m nostalgic or just sad. 🏠",Nostalgia,"['Sadness', 'Gratitude']","['Reflection on time', 'Commitment to embracing change']",Mixed,Reflective,8,Family
"I’ve been thinking a lot about how far I’ve come. There are days when I don’t feel like I’m enough, but looking back, I can see how much I’ve grown. It’s a journey, but I’m starting to realize that it’s okay to not have it all figured out. 🌱",Pride,"['Gratitude', 'Uncertainty']","['Reflection on progress', 'Commitment to patience']",Positive,Empowering,8,Personal Growth
"I made a mistake today. It wasn’t a big deal, but it made me feel so embarrassed. I keep thinking about it, but I know I have to move on and stop being so hard on myself. 🤦‍♀️",Embarrassment,"['Regret', 'Frustration']","['Reflection on self-compassion', 'Commitment to learning from mistakes']",Negative,Supportive,7,Everyday Life
"I spent the day volunteering at a food bank today. It’s humbling to see how much need there is in the world, but also inspiring to know that there are so many people working to help. 🌍",Gratitude,"['Inspiration', 'Empathy']","['Reflection on community', 'Commitment to giving back']",Positive,Empowering,9,Community
"I feel so alone lately. It’s not that I don’t have people around me, but I can’t shake the feeling that no one really sees me. I wish I could connect with someone on a deeper level. 🥺",Loneliness,"['Sadness', 'Insecurity']","['Reflection on social connection', 'Commitment to reaching out']",Negative,Supportive,9,Social Struggles
I had a conversation today that made me realize how much I've taken for granted. It's humbling to think about all the little things I overlook. I need to be more mindful and appreciative. 🙏,Humility,"['Gratitude', 'Reflection']","['Reflection on privilege', 'Commitment to personal growth']",Positive,Reflective,8,Personal Growth
I’m not where I thought I’d be by now. Sometimes I look at my peers and wonder if I’m just falling behind. But then I remind myself that everyone’s journey is different. 🌱,Insecurity,"['Frustration', 'Hope']","['Reflection on progress', 'Commitment to self-compassion']",Mixed,Supportive,8,Career
"I’ve been thinking a lot about how my actions impact others. It’s a lot to take in, but I feel grateful for the chance to improve and do better. I’m trying to be more thoughtful. 💭",Gratitude,"['Reflection', 'Hope']","['Reflection on self-awareness', 'Commitment to kindness']",Positive,Empowering,8,Personal Growth
"I tried something new today, and it didn’t go as planned. I feel disappointed, but I also feel proud that I took the risk in the first place. It’s a reminder that failure isn’t the end. 🚀",Disappointment,"['Pride', 'Regret']","['Reflection on growth', 'Commitment to learning from mistakes']",Mixed,Empowering,9,Personal Development
"I’ve been having a hard time asking for help. I always feel like I should be able to figure things out on my own. But today, I finally reached out, and it felt like a weight was lifted. 💬",Vulnerability,"['Relief', 'Shame']","['Reflection on independence', 'Commitment to accepting support']",Mixed,Supportive,9,Mental Health
"I’m so grateful for the people in my life who’ve always been there for me. I don’t say it enough, but I truly appreciate every one of them. Sometimes it’s the small acts of kindness that matter most. 💖",Gratitude,"['Love', 'Appreciation']","['Reflection on relationships', 'Commitment to showing gratitude']",Positive,Affectionate,9,Relationships
"I had a rough day today. I feel like I’m running in circles, getting nowhere. But I know that tomorrow is a new day, and I have the chance to try again. 🌅",Frustration,"['Sadness', 'Hope']","['Reflection on resilience', 'Commitment to persistence']",Mixed,Reassuring,8,Everyday Life
"I’ve been struggling with balancing work and life. It feels like I’m giving too much to one and not enough to the other. But today, I managed to carve out time for myself, and it felt so good. ⚖️",Relief,"['Gratitude', 'Insecurity']","['Reflection on balance', 'Commitment to self-care']",Positive,Empowering,8,Work-Life Balance
"I’ve been feeling disconnected from my family lately. It’s hard to keep in touch with everyone when life gets busy, but I’m planning to make more of an effort. I don’t want to lose that connection. 👪",Loneliness,"['Guilt', 'Hope']","['Reflection on family bonds', 'Commitment to strengthening relationships']",Negative,Supportive,9,Family
"I’ve been thinking about how I spend my time. Sometimes, I feel like I waste so many hours, but today I made a real effort to use my time wisely. It felt productive, but I still wonder if I’m doing enough. ⏳",Frustration,"['Pride', 'Insecurity']","['Reflection on productivity', 'Commitment to time management']",Mixed,Reflective,8,Personal Development
"I tried to help someone today, but I don’t know if I did it right. I feel like I could have done more, but I’m trying to remind myself that any help is better than none. 💪",Doubt,"['Empathy', 'Frustration']","['Reflection on helping others', 'Commitment to making a difference']",Mixed,Supportive,8,Community
I lost someone close to me today. It’s hard to even put into words how much it hurts. But I know that they wouldn’t want me to stay sad forever. I’ll honor their memory and carry on. 💔,Grief,"['Sadness', 'Hope']","['Reflection on loss', 'Commitment to healing']",Mixed,Reassuring,10,Personal Loss
"I’ve been struggling with impostor syndrome lately. I feel like I don’t deserve my successes, and it’s hard to shake off that feeling. But today, someone told me they were inspired by my work, and it made me realize maybe I’m doing better than I think. 🌟",Impostor Syndrome,"['Gratitude', 'Doubt']","['Reflection on self-worth', 'Commitment to accepting accomplishments']",Mixed,Reassuring,9,Career
I’ve been reflecting a lot on my upbringing. There were so many things I took for granted growing up. I wish I could tell my younger self to appreciate more. It’s humbling to think about how much I’ve learned since then. 🏡,Humility,"['Nostalgia', 'Gratitude']","['Reflection on growth', 'Commitment to appreciating life’s lessons']",Positive,Reflective,8,Personal Reflection
"I had a disagreement with my partner today. It wasn’t a big issue, but it felt like everything was spiraling. I’m still processing my feelings about it. Part of me wants to fix it right away, but I also need space to think. 💬",Frustration,"['Sadness', 'Confusion']","['Reflection on communication', 'Commitment to resolving conflict']",Mixed,Supportive,9,Relationships
"I felt so out of place today at the family gathering. I was surrounded by people, but I just couldn’t shake the feeling that I didn’t belong. It’s hard when you feel disconnected, even with your own family. 😔",Isolation,"['Sadness', 'Loneliness']","['Reflection on belonging', 'Commitment to finding connection']",Negative,Supportive,9,Family
"I’ve been trying to get better at managing stress. It’s not easy, but today I was able to handle a stressful situation without losing my cool. I’m proud of the progress I’m making, even if it’s slow. 🧘‍♂️",Pride,"['Relief', 'Gratitude']","['Reflection on personal growth', 'Commitment to self-improvement']",Positive,Empowering,8,Mental Health
"I’ve been feeling so lost lately. I’m not sure where I’m headed, and sometimes it feels like I’m just drifting. But I keep telling myself that it’s okay to not have everything figured out yet. ⏳",Uncertainty,"['Frustration', 'Hope']","['Reflection on life choices', 'Commitment to finding direction']",Mixed,Reassuring,9,Personal Struggles
"I got rejected from my dream job today. It stings, but I know this isn’t the end. I’ve come so far, and I’m learning to embrace the rejection as part of the process. I just need to keep going. 💼",Disappointment,"['Resilience', 'Regret']","['Reflection on persistence', 'Commitment to future opportunities']",Mixed,Reassuring,8,Career
"I saw someone helping a stranger today, and it made me think about how little acts of kindness can make a big impact. It left me feeling hopeful, but also guilty for not doing enough to help others. 🌍",Hope,"['Guilt', 'Inspiration']","['Reflection on altruism', 'Commitment to kindness']",Mixed,Empathetic,8,Community
"I feel like I’m constantly running a race, always trying to catch up. Sometimes it feels like I’m never ahead of the curve, no matter how hard I try. I wish I could just pause and breathe for a moment. 😓",Exhaustion,"['Frustration', 'Sadness']","['Reflection on burnout', 'Commitment to self-care']",Negative,Reassuring,9,Mental Health
"I’ve been feeling insecure about my appearance lately. I know I shouldn’t care what others think, but sometimes it’s hard to shake off the negative thoughts. Today, I tried to remind myself that I am enough. 💖",Insecurity,"['Hope', 'Frustration']","['Reflection on self-image', 'Commitment to self-love']",Mixed,Supportive,8,Personal Struggles
"I’m so excited about my new project! I’ve been working hard on it, and it feels amazing to see it coming together. But there’s also this voice in my head telling me it won’t work out. I’m trying to ignore it and focus on the positives. 🚀",Excitement,"['Doubt', 'Pride']","['Reflection on creative risks', 'Commitment to confidence']",Mixed,Empowering,9,Personal Projects
"I’ve been struggling with feeling like I’m not enough lately. It’s hard when I compare myself to others, but then I remind myself that I’m on my own journey. I just wish I could stop feeling like I’m falling behind. 🏃‍♂️",Insecurity,"['Frustration', 'Hope']","['Reflection on self-worth', 'Commitment to progress']",Mixed,Supportive,9,Personal Growth
"I’ve been reflecting on my relationship with my parents. There’s a lot of love, but also a lot of unspoken tension. I don’t know if I’m ready to address it yet, but I can’t ignore it forever. 👪",Ambivalence,"['Love', 'Tension']","['Reflection on family dynamics', 'Commitment to healing']",Mixed,Reflective,8,Family
"I’ve been feeling a little disconnected from my friends lately. We’re all in different places, and I miss the days when we used to talk all the time. I hope we can reconnect, but it feels like things have changed. 🤔",Loneliness,"['Nostalgia', 'Hope']","['Reflection on friendship', 'Commitment to rekindling relationships']",Mixed,Supportive,9,Friendship
"I’m starting a new chapter in my life. It’s exciting, but I also feel like there’s a lot of uncertainty ahead. I’m ready for the challenge, but a little scared too. Let’s see where this takes me. 🌱",Excitement,"['Fear', 'Hope']","['Reflection on change', 'Commitment to embracing new beginnings']",Mixed,Empowering,8,Life Change
"I’ve been putting off making a decision for weeks now. It’s not that I don’t know what to do, but I’m scared of making the wrong choice. I keep thinking if I wait, maybe it’ll get easier. But maybe it’s just delaying the inevitable. 🤷‍♂️",Indecision,"['Fear', 'Frustration']","['Reflection on decision-making', 'Commitment to taking action']",Negative,Reassuring,9,Personal Struggles
"I’ve been working hard on my fitness goals, and I’m seeing progress. But I can’t help feeling like I’m never going to reach the level I want. Sometimes, it feels like no matter how much I do, it’s not enough. 💪",Frustration,"['Pride', 'Doubt']","['Reflection on personal growth', 'Commitment to perseverance']",Mixed,Empowering,8,Fitness
"I’ve been so focused on my goals that I haven’t taken time to enjoy the little things in life. I need to slow down and appreciate where I am right now, but it’s hard when I’m constantly thinking about what’s next. 🕰️",Regret,"['Appreciation', 'Frustration']","['Reflection on balance', 'Commitment to mindfulness']",Mixed,Reflective,9,Personal Growth
"I spent the whole day helping a friend through a tough time. It was draining, but also incredibly rewarding to be there for them. It’s moments like these that remind me how important it is to show up for the people we care about. ❤️",Empathy,"['Exhaustion', 'Pride']","['Reflection on support', 'Commitment to kindness']",Positive,Empathetic,8,Friendship
"I’ve been thinking about my childhood a lot lately. There are so many good memories, but also a lot of pain I’ve never fully dealt with. I’m not sure I’m ready to face it, but I know I need to eventually. 🧸",Grief,"['Nostalgia', 'Fear']","['Reflection on past trauma', 'Commitment to healing']",Mixed,Supportive,9,Personal Struggles
"I’ve been working on a big project for a while now, and it’s finally coming together. It’s exciting to see it take shape, but I can’t shake the feeling that I’m missing something important. Maybe I’m too focused on the details. 🔍",Excitement,"['Anxiety', 'Pride']","['Reflection on perfectionism', 'Commitment to balance']",Mixed,Empowering,8,Creativity
"I’m not sure what I want anymore. I’ve been so focused on everyone else’s needs that I’ve lost touch with my own desires. It’s confusing, but I’m trying to figure out what makes me happy. 🌻",Confusion,"['Frustration', 'Hope']","['Reflection on self-discovery', 'Commitment to prioritizing self']",Mixed,Supportive,9,Personal Reflection
"I’ve been feeling really small lately, like I’m not making any progress in life. But then I think about how far I’ve come, and it helps to remind myself that growth isn’t always obvious. 🌱",Insecurity,"['Self-doubt', 'Pride']","['Reflection on personal growth', 'Commitment to resilience']",Mixed,Encouraging,9,Personal Growth
"I’ve been thinking about my past a lot lately, especially my childhood. It’s funny how some memories are so clear while others are just foggy. I guess I’ve blocked out the painful parts. 💭",Nostalgia,"['Grief', 'Reflection']","['Reflection on the past', 'Commitment to facing past trauma']",Mixed,Reflective,8,Personal Reflection
"I helped a friend today who was going through a tough time. It wasn’t easy, but seeing them smile again made it all worth it. It’s moments like these that remind me why I do what I do. 🌟",Empathy,"['Pride', 'Relief']","['Reflection on altruism', 'Commitment to kindness']",Positive,Empowering,9,Friendship
"I thought I was ready for this new job, but now I’m starting to feel overwhelmed. I keep second-guessing myself, wondering if I made the right choice. I know I’ll adjust, but right now it feels like a lot. 🧠",Doubt,"['Fear', 'Frustration']","['Reflection on change', 'Commitment to self-confidence']",Negative,Reassuring,8,Career
I’ve been disconnected from my family lately. I don’t know if it’s just the distance or if I’ve grown apart from them. I miss the times when we could just talk and laugh together. 💬,Loneliness,"['Sadness', 'Nostalgia']","['Reflection on relationships', 'Commitment to reconnection']",Negative,Supportive,9,Family
"I had a conversation with a stranger today that completely changed my perspective on things. It was such a small interaction, but it left me feeling hopeful. I think I needed that reminder that kindness is everywhere. 🌍",Hope,"['Gratitude', 'Surprise']","['Reflection on kindness', 'Commitment to spreading positivity']",Positive,Empathetic,8,Community
"I’ve been trying to be more present in my daily life, but it’s tough. Sometimes I catch myself thinking too much about what’s ahead instead of just enjoying the moment. I’m working on it, though. 🧘‍♂️",Frustration,"['Self-compassion', 'Hope']","['Reflection on mindfulness', 'Commitment to balance']",Mixed,Reassuring,8,Personal Growth
"I’m really proud of the progress I’ve made in my creative work, but I also wonder if anyone cares. I want to keep going, but I can’t shake this feeling that I’m not good enough. 🎨",Insecurity,"['Pride', 'Self-doubt']","['Reflection on self-worth', 'Commitment to pursuing passions']",Mixed,Empathetic,9,Creativity
"I got some tough feedback today. It stung, but I know it’s for my own growth. I’m trying not to take it personally, but it’s hard not to feel discouraged. 🔧",Disappointment,"['Hope', 'Frustration']","['Reflection on feedback', 'Commitment to improvement']",Mixed,Reassuring,8,Career
"I’ve been thinking a lot about my personal goals. I feel proud of how far I’ve come, but at the same time, I can’t help but wonder if I’m aiming too high. Should I settle for where I am, or keep pushing for more? 🎯",Confusion,"['Pride', 'Doubt']","['Reflection on goals', 'Commitment to perseverance']",Mixed,Reflective,8,Personal Growth
"I had to let go of a dream today. It wasn’t an easy decision, but deep down, I know it was the right one. Even though it feels like I’ve lost something, I also feel like I’ve gained clarity. 💔",Grief,"['Relief', 'Hope']","['Reflection on letting go', 'Commitment to moving forward']",Mixed,Reassuring,9,Personal Development
"I’m overwhelmed with the constant pressure to succeed, but I keep pushing through. It’s exhausting, but I’m committed to making it work. 💪",Stress,"['Determination', 'Frustration']","['Reflection on resilience', 'Commitment to success']",Negative,Reassuring,8,Career
"I’m feeling content with where I am right now. Life has its ups and downs, but today, I’m at peace with everything. 🌸",Contentment,"['Serenity', 'Acceptance']","['Reflection on life balance', 'Commitment to mindfulness']",Positive,Supportive,7,Personal Growth
"I feel really disconnected from my family lately. I don’t know what happened, but I miss the closeness we once had. 😞",Loneliness,"['Sadness', 'Regret']","['Reflection on family relationships', 'Commitment to reconnection']",Negative,Supportive,8,Family
"There’s a feeling of excitement mixed with nervousness as I prepare to present my research at the conference. I’m ready, but it’s a bit intimidating. 🎤",Excitement,"['Nervousness', 'Pride']","['Reflection on courage', 'Commitment to personal growth']",Mixed,Assertive,8,Career
"I’ve been struggling with balancing work and personal life lately. I want to do well at work, but I also want to make time for myself. It’s hard to find that balance. ⚖️",Frustration,"['Confusion', 'Exhaustion']","['Reflection on time management', 'Commitment to finding balance']",Mixed,Reflective,7,Everyday Life
I feel so grateful for the friends who stood by me during tough times. Their kindness gave me strength when I thought I couldn’t go on. 🙏,Gratitude,"['Relief', 'Love']","['Reflection on friendship', 'Commitment to reciprocity']",Positive,Affectionate,9,Relationships
"The moment I saw the sunset after a long day, all my worries melted away. There’s something so calming about the beauty of nature. 🌅",Serenity,"['Awe', 'Contentment']","['Reflection on nature’s peace', 'Commitment to appreciating the moment']",Positive,Reverent,8,Nature
"I wish I could stop comparing myself to others. Their success makes me feel like I’m not doing enough. It’s tough, but I’m trying to focus on my own path. 💭",Insecurity,"['Jealousy', 'Frustration']","['Reflection on self-worth', 'Commitment to self-acceptance']",Negative,Encouraging,7,Social Media
"I’m so proud of myself for finishing this big project. It wasn’t easy, but I did it. Now, it’s time to take a break and celebrate my accomplishment. 🏆",Pride,"['Joy', 'Relief']","['Reflection on hard work', 'Commitment to self-reward']",Positive,Empowering,9,Personal Growth
"I missed an important deadline at work, and now I feel like I’ve let everyone down. I’ll make it right, but right now, I can’t shake off the feeling of disappointment. 🕰️",Disappointment,"['Regret', 'Guilt']","['Reflection on accountability', 'Commitment to improvement']",Negative,Supportive,8,Career
"I feel bittersweet about leaving my childhood home. It’s hard to say goodbye, but I’m also excited for what’s next. 🏡",Bittersweetness,"['Nostalgia', 'Excitement']","['Reflection on change', 'Commitment to embracing new experiences']",Mixed,Reflective,7,Family
"Just got a new job offer, but now I feel conflicted about leaving my current role. I’m excited yet apprehensive about the change. 💼",Excitement,"['Apprehension', 'Ambivalence']","['Reflection on change', 'Commitment to growth']",Mixed,Reflective,7,Career
"The sunrise this morning was peaceful and beautiful, making me feel so grounded and grateful. 🌅",Gratitude,"['Serenity', 'Awe']","['Reflection on nature', 'Commitment to mindfulness']",Positive,Reverent,8,Nature
I feel drained after a long week of work. I’m happy it’s over but still exhausted. 😩,Exhaustion,"['Relief', 'Gratitude']","['Reflection on work-life balance', 'Commitment to recovery']",Mixed,Reassuring,7,Everyday Life
Had a quiet evening alone with my thoughts. It’s both peaceful and a little lonely. 🌙,Loneliness,"['Contentment', 'Reflection']","['Reflection on solitude', 'Commitment to self-awareness']",Ambiguous,Reflective,6,Personal Growth
"I feel disconnected from my old friends. It’s hard to reach out, but I miss them so much. 😔",Loneliness,"['Sadness', 'Regret']","['Reflection on past relationships', 'Commitment to reconnection']",Negative,Supportive,8,Relationships
Feeling proud of my progress but still unsure if I’m ready for the next step. It’s a mix of excitement and doubt. 🎯,Pride,"['Doubt', 'Excitement']","['Reflection on personal growth', 'Commitment to self-confidence']",Mixed,Encouraging,7,Personal Growth
"Got some amazing news today, but I’m still processing it. I’m excited, but there’s a bit of disbelief. 🎉",Excitement,"['Disbelief', 'Gratitude']","['Reflection on success', 'Commitment to humility']",Positive,Assertive,8,Career
I’ve been so focused on my work lately that I’ve forgotten to enjoy life’s simple pleasures. I need to slow down. 🧘‍♂️,Stress,"['Regret', 'Reflection']","['Reflection on work-life balance', 'Commitment to mindfulness']",Negative,Supportive,6,Everyday Life
"Watching my favorite team lose was tough, but I couldn’t be prouder of how hard they fought. 🏀",Disappointment,"['Admiration', 'Hope']","['Reflection on teamwork', 'Commitment to sportsmanship']",Mixed,Encouraging,8,Sports
"My dog just gave me a hug after a rough day, and it made everything feel better. I’m so grateful for his love. 🐶",Gratitude,"['Relief', 'Love']","['Reflection on unconditional love', 'Commitment to appreciation']",Positive,Affectionate,9,Family
"I’ve been feeling very uncertain about my future. So many possibilities, yet so many fears about making the wrong choice. 🛑",Uncertainty,"['Fear', 'Doubt']","['Reflection on life decisions', 'Commitment to clarity']",Negative,Conflicted,8,Self-Reflection
"I feel incredibly grateful for the opportunities I’ve had, but I can’t help but wonder what else is out there. 🌍",Gratitude,"['Longing', 'Hope']","['Reflection on ambition', 'Commitment to new possibilities']",Positive,Supportive,7,Career
"My partner and I had an argument, and I feel bad about how things escalated. I want to fix it, but I don’t know where to start. 💔",Guilt,"['Frustration', 'Regret']","['Reflection on communication', 'Commitment to reconciliation']",Negative,Supportive,8,Relationships
"I’ve been reflecting on how far I’ve come, and while it’s been tough, I feel a sense of accomplishment. I’ve earned this. 🎉",Pride,"['Gratitude', 'Contentment']","['Reflection on perseverance', 'Commitment to self-celebration']",Positive,Empowering,9,Personal Growth
"I just need a break. I’m tired of feeling burnt out. It’s not that I’m ungrateful, I just need some time to recharge. 🔋",Exhaustion,"['Frustration', 'Regret']","['Reflection on self-care', 'Commitment to balance']",Negative,Reassuring,8,Everyday Life
"Just wrapped up my first project at the new job! It was tough, but I feel proud of the progress I’ve made. On to the next challenge! 💼",Pride,"['Excitement', 'Gratitude']","['Reflection on growth', 'Commitment to future challenges']",Positive,Empowering,8,Career
"I’m feeling pretty neutral about my decision. It’s not bad, but I’m not sure if I’m truly happy with it either. 🤔",Neutral,"['Indecision', 'Contemplation']","['Reflection on choices', 'Commitment to clarity']",Neutral,Reflective,5,Self-Reflection
"I just finished an intense workout, and while my body feels exhausted, I also feel so accomplished and strong. 🏋️‍♂️",Pride,"['Relief', 'Accomplishment']","['Reflection on perseverance', 'Commitment to health']",Positive,Empowering,7,Personal Growth
"I’m so angry at myself for missing that deadline. It feels like I’ve failed, and now I’m stressed about the consequences. 😡",Anger,"['Frustration', 'Guilt']","['Reflection on accountability', 'Commitment to improvement']",Negative,Supportive,9,Career
"I saw an inspiring speech today, and it made me think about my own potential. I’m excited to take my life to the next level. 🌟",Inspiration,"['Excitement', 'Gratitude']","['Reflection on growth', 'Commitment to self-improvement']",Positive,Empowering,8,Personal Growth
"I’m struggling to find balance between my work and personal life. I’m doing my best, but it doesn’t feel like enough. ⚖️",Stress,"['Frustration', 'Regret']","['Reflection on time management', 'Commitment to balance']",Negative,Reassuring,7,Everyday Life
I’m feeling a bit insecure about my progress compared to others. I need to remember that I’m on my own journey. 😟,Insecurity,"['Comparison', 'Doubt']","['Reflection on self-worth', 'Commitment to self-acceptance']",Negative,Encouraging,6,Social Media
It’s hard to find the words to describe how grateful I am for my family’s support during tough times. It truly means the world. ❤️,Gratitude,"['Love', 'Relief']","['Reflection on support', 'Commitment to appreciation']",Positive,Affectionate,9,Family
There’s something so calming about being in nature. I feel at peace when I’m surrounded by trees and the sound of the wind. 🍃,Serenity,"['Awe', 'Contentment']","['Reflection on nature', 'Commitment to mindfulness']",Positive,Reverent,8,Nature
"I feel sad that I missed out on a special occasion with friends, but I’m happy for their happiness. I guess it’s just a mix of emotions. 🥺",Sadness,"['Regret', 'Happiness for others']","['Reflection on friendship', 'Commitment to resilience']",Mixed,Reflective,7,Relationships
"I’m feeling a little bit of everything right now – excitement, fear, and uncertainty. It’s all part of the process, right? 🤷‍♂️",Uncertainty,"['Excitement', 'Fear']","['Reflection on change', 'Commitment to embracing the unknown']",Mixed,Conflicted,8,Career
I’ve been feeling very grateful for the small things in life – like a warm cup of tea on a cold day. It’s the simple moments that bring joy. 🍵,Gratitude,"['Contentment', 'Peace']","['Reflection on life’s simplicity', 'Commitment to appreciating the present moment']",Positive,Affectionate,7,Everyday Life
"I’m excited about my future but also anxious about the unknown. There’s so much potential, but it’s overwhelming. 🌱",Excitement,"['Anxiety', 'Hope']","['Reflection on opportunity', 'Commitment to embracing change']",Mixed,Encouraging,7,Personal Growth
I’ve been feeling so disconnected from everyone lately. It’s like I’m in my own world. I don’t know how to bridge the gap. 🌧️,Loneliness,"['Sadness', 'Frustration']","['Reflection on isolation', 'Commitment to reconnecting']",Negative,Supportive,8,Social Media
"The thought of stepping into the unknown excites me, but I’m also scared of failing. It’s a lot to process, but I’m ready for the challenge. ⚡",Fear,"['Excitement', 'Apprehension']","['Reflection on courage', 'Commitment to overcoming fear']",Mixed,Empowering,8,Personal Growth
"I feel proud of how far I’ve come, but I still have so much to learn. The journey is never over. 🎓",Pride,"['Nervousness', 'Gratitude']","['Reflection on self-improvement', 'Commitment to lifelong learning']",Positive,Empowering,7,Self-Reflection
"I’m not sure how I feel about this decision. Part of me is happy, but another part is uncertain about the consequences. 🤷‍♀️",Uncertainty,"['Happiness', 'Fear']","['Reflection on decision-making', 'Commitment to clarity']",Mixed,Conflicted,6,Self-Reflection
"After working so hard for months, I finally achieved my goal. I feel a sense of accomplishment, but I also wonder if I’m missing out on something else. 🏆",Pride,"['Contentment', 'Doubt']","['Reflection on achievement', 'Commitment to future goals']",Mixed,Empowering,8,Personal Growth
"I feel like I’m in a constant state of exhaustion, trying to juggle everything. It’s like I can’t keep up with the pace of life. 😞",Exhaustion,"['Frustration', 'Regret']","['Reflection on overwork', 'Commitment to self-care']",Negative,Supportive,9,Everyday Life
"I’ve been feeling disconnected from my friends recently. Maybe it’s just a phase, but I can’t help but miss our old times together. 💔",Loneliness,"['Sadness', 'Regret']","['Reflection on friendship', 'Commitment to reconnection']",Negative,Supportive,8,Relationships
"I’m so proud of my team for completing this massive project. It was challenging, but now we can finally celebrate our success. 🎉",Pride,"['Joy', 'Gratitude']","['Reflection on teamwork', 'Commitment to collaboration']",Positive,Empowering,9,Career
"I feel like I’m stuck in a rut. I keep trying to move forward, but it feels like I’m not getting anywhere. I need to break free. 🌀",Frustration,"['Confusion', 'Regret']","['Reflection on stagnation', 'Commitment to change']",Negative,Encouraging,8,Self-Reflection
I felt an overwhelming sense of calm when I took a walk by the ocean. There’s something so soothing about the waves and the breeze. 🌊,Serenity,"['Contentment', 'Awe']","['Reflection on nature', 'Commitment to inner peace']",Positive,Reverent,9,Nature
"I’m proud of my personal growth this year, but I can’t help but wonder if I’m missing something. Am I doing enough? 🤔",Pride,"['Doubt', 'Contentment']","['Reflection on self-improvement', 'Commitment to self-discovery']",Mixed,Reflective,7,Personal Growth
"I don’t know what to feel right now. Part of me is happy, but another part is nervous about what’s coming next. It’s a confusing mix. 🌀",Uncertainty,"['Excitement', 'Fear']","['Reflection on change', 'Commitment to embracing uncertainty']",Mixed,Conflicted,8,Career
I’ve been feeling really disconnected from myself lately. It’s hard to figure out who I am right now. I need to take a step back. 🤯,Confusion,"['Uncertainty', 'Frustration']","['Reflection on identity', 'Commitment to self-exploration']",Negative,Supportive,9,Self-Reflection
"It was hard to say goodbye to my childhood home, but I’m excited to start this new chapter in my life. Change is bittersweet. 🏡",Bittersweetness,"['Nostalgia', 'Excitement']","['Reflection on change', 'Commitment to embracing the future']",Mixed,Reflective,8,Family
I feel so grateful for the small victories. Every little step forward is worth celebrating. 🎉,Gratitude,"['Contentment', 'Pride']","['Reflection on progress', 'Commitment to mindfulness']",Positive,Affectionate,7,Personal Growth
"I keep comparing myself to others, and it’s draining. I know I need to focus on my own path, but it’s hard to stop. 😔",Insecurity,"['Comparison', 'Frustration']","['Reflection on self-worth', 'Commitment to self-compassion']",Negative,Encouraging,8,Social Media
I’m not sure where I stand with my friends anymore. I’m questioning a lot of things right now. 😕,Confusion,"['Uncertainty', 'Regret']","['Reflection on relationships', 'Commitment to communication']",Negative,Supportive,7,Relationships
"I’ve made so much progress in my career, but there’s still so much more I want to achieve. I’m excited for the journey ahead. 🚀",Excitement,"['Pride', 'Anticipation']","['Reflection on achievement', 'Commitment to growth']",Positive,Empowering,8,Career
I’ve been feeling disconnected from my roots lately. I need to revisit my past and reconnect with where I came from. 🌳,Nostalgia,"['Longing', 'Sadness']","['Reflection on identity', 'Commitment to roots']",Negative,Supportive,8,Family
"My social media feed is full of everyone’s accomplishments, and I can’t help but feel like I’m not doing enough. 😔",Insecurity,"['Comparison', 'Regret']","['Reflection on self-worth', 'Commitment to mindfulness']",Negative,Encouraging,7,Social Media
I’m struggling with feelings of guilt after a tough conversation with my partner. I know I could’ve handled it better. 💔,Guilt,"['Regret', 'Sadness']","['Reflection on communication', 'Commitment to reconciliation']",Negative,Supportive,8,Relationships
"I can’t stop thinking about the future. It’s exciting, but the uncertainty is overwhelming at times. 🌱",Uncertainty,"['Excitement', 'Fear']","['Reflection on growth', 'Commitment to embracing change']",Mixed,Conflicted,7,Personal Growth
"I was really excited to start this project, but now I feel stuck. I don’t know how to move forward, and it’s frustrating. 🛑",Frustration,"['Confusion', 'Regret']","['Reflection on progress', 'Commitment to clarity']",Negative,Supportive,8,Career
"I was excited about the party, but when I got there, I just didn’t feel like myself. It was fun, but I didn’t connect with anyone. 🎉",Disappointment,"['Insecurity', 'Longing']","['Reflection on social anxiety', 'Commitment to self-acceptance']",Negative,Reflective,7,Social Media
"I finally feel like I’m making progress with my mental health. It’s been a long journey, but I’m proud of myself for sticking with it. 🌱",Pride,"['Gratitude', 'Contentment']","['Reflection on growth', 'Commitment to healing']",Positive,Empowering,9,Personal Growth
"I love being part of this team, but I’m worried I’m not contributing enough. I feel like I could do more, but I’m not sure how. 💭",Insecurity,"['Guilt', 'Fear']","['Reflection on self-worth', 'Commitment to improvement']",Negative,Encouraging,7,Career
I feel so grateful to be surrounded by such supportive people. Their kindness has helped me through some tough times. ❤️,Gratitude,"['Relief', 'Love']","['Reflection on relationships', 'Commitment to appreciation']",Positive,Affectionate,9,Family
"I thought I was ready for this new challenge, but now I’m overwhelmed. There’s so much to do, and I don’t know where to start. 😓",Overwhelm,"['Fear', 'Doubt']","['Reflection on capability', 'Commitment to focus']",Negative,Reassuring,8,Career
I’ve been feeling unsure about my future. It’s hard to see a clear path when everything feels uncertain. 🌫️,Uncertainty,"['Fear', 'Doubt']","['Reflection on choices', 'Commitment to clarity']",Mixed,Conflicted,8,Self-Reflection
"I’ve been feeling like I need a break. It’s not that I’m unhappy, but I’m just mentally drained. I need time to recharge. ⚡",Exhaustion,"['Frustration', 'Regret']","['Reflection on self-care', 'Commitment to balance']",Negative,Supportive,8,Everyday Life
"I’m excited to start this new chapter in my life. I don’t know what’s ahead, but I’m ready for whatever comes my way. 🌟",Excitement,"['Hope', 'Anticipation']","['Reflection on possibilities', 'Commitment to growth']",Positive,Empowering,9,Personal Growth
"I feel a mix of gratitude and sadness. I’m leaving behind something I’ve known for so long, but I’m excited for the future. 🚀",Bittersweetness,"['Gratitude', 'Sadness']","['Reflection on change', 'Commitment to new experiences']",Mixed,Reflective,8,Family
"Sometimes I feel like I’m not enough. I’m trying to stay positive, but it’s hard when the pressure feels so heavy. 🏋️‍♀️",Insecurity,"['Sadness', 'Fear']","['Reflection on self-worth', 'Commitment to growth']",Negative,Encouraging,8,Self-Reflection
"I’m so thankful for the small moments in life. A cup of coffee in the morning, a good book at night. It’s the little things that make me happy. ☕",Gratitude,"['Contentment', 'Peace']","['Reflection on simplicity', 'Commitment to mindfulness']",Positive,Affectionate,7,Everyday Life
"I’ve been comparing myself to others a lot lately. It’s hard not to, but I know I need to focus on my own journey. 🙁",Insecurity,"['Frustration', 'Regret']","['Reflection on comparison', 'Commitment to self-love']",Negative,Encouraging,8,Social Media
"I’ve never felt more alive than I do right now. Everything seems possible, and I’m ready to take on whatever life throws at me. 🎢",Excitement,"['Anticipation', 'Joy']","['Reflection on potential', 'Commitment to embracing change']",Positive,Empowering,9,Personal Growth
"I’m grateful for the friends who have supported me, but I can’t help but feel like I’m not giving enough back. I need to be better. 💔",Guilt,"['Regret', 'Sadness']","['Reflection on reciprocity', 'Commitment to improvement']",Negative,Supportive,8,Relationships
"I’m unsure if I made the right decision. It felt good at the time, but now I’m second-guessing myself. 🤔",Uncertainty,"['Doubt', 'Fear']","['Reflection on choices', 'Commitment to clarity']",Mixed,Conflicted,7,Self-Reflection
"I feel proud of the things I’ve achieved, but sometimes I wonder if it’s enough. There’s always more to strive for. 💪",Pride,"['Gratitude', 'Doubt']","['Reflection on success', 'Commitment to further growth']",Mixed,Empowering,8,Career
I feel so proud of my team for overcoming the odds and completing this project. It's amazing to see how far we've come. 🎉,Pride,"['Gratitude', 'Excitement']","['Reflection on teamwork', 'Commitment to future projects']",Positive,Empowering,9,Career
"I'm unsure if I made the right decision. I thought it was the best choice, but now I feel conflicted. 😕",Uncertainty,"['Doubt', 'Fear']","['Reflection on choices', 'Commitment to clarity']",Mixed,Conflicted,8,Self-Reflection
"I just found out I passed my exam, but now I feel nervous about the next one. It's like the pressure never ends. 📚",Excitement,"['Nervousness', 'Pride']","['Reflection on achievement', 'Commitment to progress']",Mixed,Empowering,8,Education
"I’m struggling to keep up with everything. My work, my personal life, and my own well-being feel like they’re slipping away. 😩",Exhaustion,"['Frustration', 'Regret']","['Reflection on work-life balance', 'Commitment to self-care']",Negative,Supportive,9,Everyday Life
"I feel so connected to my friends. Their support means everything to me, especially during tough times. 💖",Gratitude,"['Love', 'Relief']","['Reflection on support', 'Commitment to appreciation']",Positive,Affectionate,9,Relationships
I’m so disappointed in myself for not sticking to my goals. It’s like I’m always falling short. 😔,Disappointment,"['Guilt', 'Frustration']","['Reflection on self-discipline', 'Commitment to improvement']",Negative,Supportive,8,Self-Reflection
"It’s hard to watch my favorite team lose, but I’m still proud of their effort. They fought hard. 🏅",Disappointment,"['Admiration', 'Hope']","['Reflection on sportsmanship', 'Commitment to loyalty']",Mixed,Encouraging,8,Sports
"I feel so proud of how much I've accomplished this year. It wasn’t easy, but it’s been worth it. 🎯",Pride,"['Contentment', 'Relief']","['Reflection on perseverance', 'Commitment to personal growth']",Positive,Empowering,9,Personal Growth
"I miss my family. It’s hard being so far away from them, but I know we’ll make it work. 💌",Loneliness,"['Sadness', 'Love']","['Reflection on family', 'Commitment to staying connected']",Negative,Supportive,8,Family
"I don't know what to feel right now. There’s so much going on, and I can’t seem to focus on one thing. 🧠",Confusion,"['Overwhelm', 'Doubt']","['Reflection on mental clarity', 'Commitment to mindfulness']",Mixed,Conflicted,8,Self-Reflection
I’ve learned so much in the last few months. I feel more confident in myself and my abilities. 🌟,Pride,"['Confidence', 'Gratitude']","['Reflection on personal development', 'Commitment to self-empowerment']",Positive,Empowering,9,Personal Growth
"I just need a break. Life has been so demanding lately, and I feel like I’m running on empty. 🛑",Exhaustion,"['Frustration', 'Overwhelm']","['Reflection on burnout', 'Commitment to rest']",Negative,Reassuring,9,Everyday Life
I’m feeling overwhelmed by all the choices in my life right now. It’s hard to make the right decision. 😟,Uncertainty,"['Anxiety', 'Doubt']","['Reflection on decision-making', 'Commitment to clarity']",Mixed,Conflicted,8,Self-Reflection
"I feel so grateful for the little things in life. A quiet morning, a hot cup of coffee. These moments mean everything. ☕",Gratitude,"['Contentment', 'Serenity']","['Reflection on simplicity', 'Commitment to mindfulness']",Positive,Affectionate,8,Everyday Life
I’ve been thinking a lot about my future. I’m excited but also scared of what’s ahead. I just hope I’m making the right choices. 🎯,Excitement,"['Fear', 'Doubt']","['Reflection on life choices', 'Commitment to personal growth']",Mixed,Conflicted,8,Career
I feel overwhelmed by all the things I want to accomplish. It's like there’s not enough time to do everything. ⏳,Overwhelm,"['Stress', 'Frustration']","['Reflection on time management', 'Commitment to prioritization']",Negative,Reassuring,9,Everyday Life
I feel deeply grateful for my health. Every day is a reminder to appreciate what I have. 🙏,Gratitude,"['Contentment', 'Peace']","['Reflection on well-being', 'Commitment to self-care']",Positive,Affectionate,9,Health
I feel like I’m constantly waiting for the next big thing. I’m not sure if I’m making progress or just going through the motions. ⏳,Insecurity,"['Doubt', 'Frustration']","['Reflection on goals', 'Commitment to action']",Negative,Supportive,8,Career
"I’m excited about the potential ahead, but it’s also scary. I don’t know what’s going to happen, and that’s both thrilling and intimidating. 🎢",Excitement,"['Fear', 'Anticipation']","['Reflection on opportunities', 'Commitment to embracing change']",Mixed,Empowering,8,Personal Growth
"I finally completed my first marathon today! It was incredibly tough, but crossing the finish line felt like such an achievement. 🏅",Pride,"['Excitement', 'Relief']","['Reflection on perseverance', 'Commitment to physical goals']",Positive,Empowering,9,Personal Growth
"I feel like I’m caught in a never-ending cycle of tasks. I’m running on empty, and I’m not sure how much longer I can keep this up. 🕰️",Exhaustion,"['Frustration', 'Stress']","['Reflection on burnout', 'Commitment to self-care']",Negative,Supportive,9,Everyday Life
"I saw a beautiful sunrise this morning, and it filled me with a sense of peace. Sometimes it’s the simple things that make life worth it. 🌅",Serenity,"['Gratitude', 'Awe']","['Reflection on nature', 'Commitment to mindfulness']",Positive,Reverent,8,Nature
I’ve been questioning everything lately. What’s the point of all the effort when nothing seems to change? 😔,Insecurity,"['Doubt', 'Frustration']","['Reflection on meaning', 'Commitment to clarity']",Negative,Supportive,8,Self-Reflection
"I can’t believe I did it! After months of hard work, I finally launched my business. The excitement is overwhelming! 💼",Excitement,"['Pride', 'Anticipation']","['Reflection on achievement', 'Commitment to success']",Positive,Empowering,9,Career
"I was hoping for a relaxing day, but I ended up doing even more work. It’s like I never get a break. 😩",Frustration,"['Exhaustion', 'Regret']","['Reflection on time management', 'Commitment to rest']",Negative,Reassuring,8,Everyday Life
There’s a sense of nostalgia when I look back at the old photos from my childhood. I miss those carefree days. 📸,Nostalgia,"['Longing', 'Sadness']","['Reflection on the past', 'Commitment to cherishing memories']",Mixed,Reflective,7,Family
"I can’t decide whether I should take this job offer. Part of me is excited, but another part is scared of the unknown. 🤔",Uncertainty,"['Excitement', 'Fear']","['Reflection on opportunity', 'Commitment to risk-taking']",Mixed,Conflicted,8,Career
"I’m grateful for the little things – a warm cup of tea, a quiet evening. It’s the simplicity that brings me peace. 🍵",Gratitude,"['Contentment', 'Serenity']","['Reflection on life’s simplicity', 'Commitment to mindfulness']",Positive,Affectionate,7,Everyday Life
I feel like I’m not measuring up to the expectations I set for myself. Why does it feel so difficult to move forward? 😓,Insecurity,"['Frustration', 'Sadness']","['Reflection on self-doubt', 'Commitment to perseverance']",Negative,Supportive,8,Self-Reflection
"I made a mistake, and it’s been weighing heavily on me. I wish I could go back and fix things. 🥺",Regret,"['Sadness', 'Frustration']","['Reflection on actions', 'Commitment to learning from mistakes']",Negative,Supportive,9,Relationships
I’m feeling a sense of peace today. It’s a nice change from the usual chaos. I’m going to enjoy this calm while it lasts. 🌸,Serenity,"['Contentment', 'Gratitude']","['Reflection on stillness', 'Commitment to appreciating tranquility']",Positive,Reverent,8,Everyday Life
"The more I try, the more I feel like I’m failing. It’s hard not to be discouraged by this constant battle. 😞",Frustration,"['Sadness', 'Insecurity']","['Reflection on effort', 'Commitment to resilience']",Negative,Reassuring,9,Self-Reflection
"I’m proud of the small wins today. Every little achievement counts, even if they don’t seem like much. 🎯",Pride,"['Gratitude', 'Contentment']","['Reflection on progress', 'Commitment to self-improvement']",Positive,Empowering,7,Personal Growth
I’ve been feeling overwhelmed by everything I need to do. It’s hard to find the motivation to start. 🧠,Overwhelm,"['Stress', 'Frustration']","['Reflection on workload', 'Commitment to managing tasks']",Negative,Reassuring,9,Career
It’s been a rollercoaster of emotions lately. I feel both excited and anxious about what’s to come. 🎢,Excitement,"['Fear', 'Anticipation']","['Reflection on change', 'Commitment to embracing uncertainty']",Mixed,Conflicted,8,Personal Growth
"I feel at peace today. The world is quiet, and it’s nice to just breathe and enjoy the stillness. 🍃",Serenity,"['Contentment', 'Awe']","['Reflection on nature', 'Commitment to inner peace']",Positive,Reverent,8,Nature
"I thought I had everything figured out, but now I’m not so sure. It’s hard to trust my instincts when everything feels uncertain. 😟",Doubt,"['Fear', 'Insecurity']","['Reflection on trust', 'Commitment to self-reflection']",Mixed,Conflicted,8,Self-Reflection
I feel an overwhelming sense of pride in my community today. We really came together to make a difference. 🌍,Pride,"['Gratitude', 'Satisfaction']","['Reflection on collective effort', 'Commitment to unity']",Positive,Empowering,9,Community
The overwhelming sadness from losing a loved one still lingers. I wish I could go back and say all the things left unsaid. 💔,Grief,"['Sadness', 'Regret']","['Reflection on loss', 'Commitment to healing']",Negative,Supportive,9,Relationships
I’m finding it hard to get motivated today. I just want to curl up in bed and forget about the world. 😴,Exhaustion,"['Disappointment', 'Frustration']","['Reflection on energy levels', 'Commitment to rest']",Negative,Reassuring,9,Everyday Life
"Today was full of joy! The moment I saw my friend’s face light up, I knew I had made the right decision to be there. 😄",Joy,"['Gratitude', 'Excitement']","['Reflection on shared happiness', 'Commitment to connection']",Positive,Affectionate,9,Relationships
I can’t help but compare myself to others. Why does their success feel like my failure? 🥀,Insecurity,"['Envy', 'Sadness']","['Reflection on self-worth', 'Commitment to overcoming jealousy']",Negative,Encouraging,8,Social Media
"It was a mix of joy and sadness watching my child graduate. Time really does fly, and I feel proud yet a little wistful. 🎓",Nostalgia,"['Joy', 'Sadness']","['Reflection on time passing', 'Commitment to cherishing milestones']",Mixed,Reflective,8,Family
"Every new day brings a new challenge. But somehow, facing them head-on feels like it gives me more strength. 💪",Determination,"['Pride', 'Hope']","['Reflection on resilience', 'Commitment to overcoming adversity']",Positive,Empowering,9,Career
"I feel conflicted. On one hand, I want to take the leap, but on the other, I fear what could go wrong. 🤷‍♀️",Confusion,"['Fear', 'Anticipation']","['Reflection on risk', 'Commitment to finding clarity']",Mixed,Conflicted,8,Career
"I’m so proud of myself for sticking to my fitness goals. The progress may be slow, but every step forward is a victory. 🏃‍♀️",Pride,"['Gratitude', 'Contentment']","['Reflection on health', 'Commitment to consistency']",Positive,Empowering,9,Personal Growth
"I can’t believe the amount of pressure I feel right now. There’s just too much on my plate, and it’s starting to affect my health. 😩",Stress,"['Exhaustion', 'Frustration']","['Reflection on self-care', 'Commitment to finding balance']",Negative,Reassuring,9,Everyday Life
"The idea of stepping out of my comfort zone is terrifying, but also strangely exciting. Can I do this? 😬",Fear,"['Excitement', 'Doubt']","['Reflection on challenges', 'Commitment to growth']",Mixed,Conflicted,8,Personal Growth
I just finished an incredible book that left me with so many thoughts. It was heartbreaking yet uplifting at the same time. 📚,Bittersweetness,"['Sadness', 'Joy']","['Reflection on literature', 'Commitment to emotional expression']",Mixed,Reflective,8,Creativity
"I’m overwhelmed with gratitude after receiving such thoughtful gifts from my friends. I don’t feel worthy, but I am so thankful. 🎁",Gratitude,"['Appreciation', 'Surprise']","['Reflection on friendship', 'Commitment to giving back']",Positive,Affectionate,9,Relationships
"Sometimes, I wish I could go back in time and fix things. The mistakes I made still haunt me. 😔",Regret,"['Sadness', 'Self-doubt']","['Reflection on the past', 'Commitment to growth']",Negative,Supportive,9,Self-Reflection
"It’s been a difficult day. I’ve been thinking a lot about the past, and it’s hard not to feel regretful for some of the choices I made. 😔",Regret,"['Sadness', 'Self-doubt']","['Reflection on past actions', 'Commitment to learning']",Negative,Supportive,9,Self-Reflection
I’m so grateful for the little things in life today – like a delicious cup of coffee and the warmth of the sun on my face. ☕🌞,Gratitude,"['Contentment', 'Peace']","['Reflection on simplicity', 'Commitment to mindfulness']",Positive,Affectionate,8,Everyday Life
"I received some unexpected praise from my boss today. It was humbling, but I couldn’t help but feel a little embarrassed by all the attention. 🙇‍♀️",Embarrassment,"['Pride', 'Gratitude']","['Reflection on recognition', 'Commitment to humility']",Mixed,Conflicted,7,Career
"I tried to call my friend, but they didn’t pick up. I wonder if I did something to upset them. I feel a little hurt. 📱",Hurt,"['Insecurity', 'Loneliness']","['Reflection on relationships', 'Commitment to open communication']",Negative,Supportive,8,Relationships
I’m so proud of the team for finishing the project ahead of schedule! It’s been such a rewarding journey. 🎉,Pride,"['Satisfaction', 'Excitement']","['Reflection on teamwork', 'Commitment to excellence']",Positive,Empowering,9,Career
"I’ve been feeling so anxious about the upcoming exam. It’s overwhelming, and I can’t shake the feeling that I’m not prepared enough. 📚",Anxiety,"['Stress', 'Insecurity']","['Reflection on preparation', 'Commitment to overcoming fear']",Negative,Reassuring,9,Education
There’s this sense of wonder I feel whenever I’m hiking through the forest. Nature has a way of calming my mind. 🌲,Wonder,"['Awe', 'Gratitude']","['Reflection on nature', 'Commitment to peace']",Positive,Reverent,8,Nature
"I was really looking forward to spending time with my family today, but something came up and we had to cancel. It’s disappointing. 😞",Disappointment,"['Sadness', 'Frustration']","['Reflection on plans', 'Commitment to quality time']",Negative,Supportive,8,Family
"I just found out that I got the promotion I’ve been working for. I’m ecstatic, but also a little nervous about the responsibilities that come with it. 🎉",Excitement,"['Pride', 'Nervousness']","['Reflection on growth', 'Commitment to rising to challenges']",Mixed,Conflicted,8,Career
"I finally finished that long-overdue project. It wasn’t easy, but now that it’s done, I feel so accomplished. 💪",Accomplishment,"['Pride', 'Satisfaction']","['Reflection on perseverance', 'Commitment to achievement']",Positive,Empowering,9,Personal Growth
"I’m feeling a mix of excitement and fear as I embark on this new journey. There’s so much unknown, but I’m ready to take the plunge. 🌊",Excitement,"['Fear', 'Anticipation']","['Reflection on change', 'Commitment to embracing new challenges']",Mixed,Conflicted,8,Personal Growth
"I’ve been thinking about how much my perspective on life has changed over the years. It’s comforting, but also a bit surreal. ⏳",Nostalgia,"['Gratitude', 'Sadness']","['Reflection on growth', 'Commitment to living in the moment']",Mixed,Reflective,7,Self-Reflection
I feel so blessed to have such supportive friends who always lift me up when I’m down. It’s moments like these that remind me of the power of friendship. 💖,Love,"['Gratitude', 'Affection']","['Reflection on friendship', 'Commitment to connection']",Positive,Affectionate,9,Relationships
"I’ve been struggling with my mental health lately, and it feels like no matter what I do, I can’t shake the heaviness. 🖤",Despair,"['Sadness', 'Hopelessness']","['Reflection on mental health', 'Commitment to seeking help']",Negative,Supportive,9,Self-Reflection
"After a long week of hard work, I treated myself to a quiet weekend. I feel so refreshed and grateful for these moments of peace. 🌸",Gratitude,"['Serenity', 'Contentment']","['Reflection on self-care', 'Commitment to balance']",Positive,Affectionate,8,Self-Care
"I’m trying to stay positive, but the constant challenges are wearing me down. I feel like I’m barely keeping my head above water. 😔",Exhaustion,"['Frustration', 'Sadness']","['Reflection on burnout', 'Commitment to resilience']",Negative,Reassuring,9,Everyday Life
"I just heard the news that my childhood friend is moving across the country. I’m happy for them, but I can’t help feeling sad about the distance. ✈️",Sadness,"['Longing', 'Regret']","['Reflection on separation', 'Commitment to staying connected']",Mixed,Reflective,7,Relationships
"I’ve been working on this project for months, and it’s finally coming together. It’s amazing to see all the effort pay off! 🎉",Pride,"['Excitement', 'Satisfaction']","['Reflection on success', 'Commitment to achievement']",Positive,Empowering,9,Career
I feel like I’ve lost touch with my true self. I’ve been so busy with work that I don’t even remember the last time I did something for me. 😞,Insecurity,"['Frustration', 'Sadness']","['Reflection on personal growth', 'Commitment to self-discovery']",Negative,Supportive,8,Personal Growth
The sunset was absolutely breathtaking tonight. It was one of those rare moments that make you feel connected to something bigger than yourself. 🌅,Awe,"['Gratitude', 'Serenity']","['Reflection on nature', 'Commitment to mindfulness']",Positive,Reverent,8,Nature
"I tried to make a change in my routine today, but I’m unsure if it was the right decision. I feel uncertain about the path ahead. 🤔",Uncertainty,"['Doubt', 'Anxiety']","['Reflection on choices', 'Commitment to adaptability']",Mixed,Conflicted,8,Self-Reflection
"I just started a new job and I’m feeling both excited and anxious. It’s a huge step, but I’m ready to see where it takes me. 💼",Excitement,"['Anxiety', 'Anticipation']","['Reflection on change', 'Commitment to growth']",Mixed,Conflicted,8,Career
"I’ve been feeling overwhelmed lately. There’s so much going on, and it’s hard to keep up with everything. But I’m trying to take it one step at a time. 😓",Overwhelm,"['Frustration', 'Stress']","['Reflection on workload', 'Commitment to managing stress']",Negative,Reassuring,9,Everyday Life
I feel incredibly proud of my team for their dedication. It’s truly a pleasure to work with people who share the same vision. 🌟,Pride,"['Gratitude', 'Satisfaction']","['Reflection on teamwork', 'Commitment to collaboration']",Positive,Empowering,9,Community
"I’ve been trying to get more rest, but it’s been so difficult to stop working. I feel guilty for not being productive all the time. 😔",Guilt,"['Exhaustion', 'Frustration']","['Reflection on productivity', 'Commitment to self-care']",Negative,Supportive,8,Everyday Life
"I can’t help but feel like I’m not where I want to be in life. I’ve worked so hard, but I still feel like something is missing. 😓",Insecurity,"['Frustration', 'Longing']","['Reflection on goals', 'Commitment to growth']",Negative,Supportive,8,Self-Reflection
"I had a breakthrough today, and it feels amazing to finally see the results of my hard work. I’m truly proud of myself. 💪",Pride,"['Satisfaction', 'Excitement']","['Reflection on achievement', 'Commitment to perseverance']",Positive,Empowering,9,Personal Growth
"The thought of being away from my family for the holidays fills me with both joy and sadness. I love my independence, but I miss them so much. 🏡",Bittersweetness,"['Sadness', 'Joy']","['Reflection on family', 'Commitment to balance']",Mixed,Reflective,8,Family
I’ve been feeling so disconnected from my friends lately. It’s hard to stay in touch with everyone when life gets so busy. 📨,Loneliness,"['Insecurity', 'Sadness']","['Reflection on connection', 'Commitment to staying close']",Negative,Supportive,8,Relationships
I’ve been feeling really anxious about the future lately. It’s like I can’t escape these thoughts of uncertainty. 😟,Anxiety,"['Fear', 'Insecurity']","['Reflection on uncertainty', 'Commitment to planning']",Negative,Reassuring,9,Self-Reflection
"Just had a wonderful walk through the park, and the fresh air really cleared my mind. Nature has such a calming effect. 🌳",Serenity,"['Gratitude', 'Calmness']","['Reflection on nature', 'Commitment to tranquility']",Positive,Reverent,8,Nature
"I’ve been feeling stuck in a rut, and no matter what I do, it’s hard to see the light at the end of the tunnel. 🕳️",Hopelessness,"['Frustration', 'Sadness']","['Reflection on challenges', 'Commitment to perseverance']",Negative,Supportive,9,Personal Growth
"I feel so proud of how far I’ve come in my career. It’s been a journey of self-doubt and hard work, but it’s all worth it. 💼",Pride,"['Satisfaction', 'Contentment']","['Reflection on achievement', 'Commitment to success']",Positive,Empowering,9,Career
"I watched my favorite movie again today. It brought back so many memories, both good and bad. 🎬",Nostalgia,"['Longing', 'Melancholy']","['Reflection on the past', 'Commitment to cherishing moments']",Mixed,Reflective,7,Entertainment
I’ve been feeling frustrated with the lack of progress in my personal projects. It’s tough when nothing seems to work out. 😩,Frustration,"['Insecurity', 'Stress']","['Reflection on failure', 'Commitment to growth']",Negative,Supportive,8,Personal Growth
"I love seeing my friends succeed. It makes me feel proud to be part of their journey, even if it’s not my time yet. 🌟",Admiration,"['Joy', 'Hope']","['Reflection on support', 'Commitment to self-improvement']",Positive,Affectionate,8,Relationships
"I feel like I’ve been constantly fighting an uphill battle. The challenges just keep piling up, and it’s hard not to feel defeated. 🏔️",Defeat,"['Frustration', 'Sadness']","['Reflection on challenges', 'Commitment to resilience']",Negative,Reassuring,9,Everyday Life
"I feel so grateful for the people around me. Their support means the world to me, and I can’t express how thankful I am. 💖",Gratitude,"['Contentment', 'Affection']","['Reflection on relationships', 'Commitment to kindness']",Positive,Affectionate,9,Relationships
"I can’t stop thinking about how things used to be. Everything feels so different now, and I’m not sure how I feel about it. 😕",Confusion,"['Sadness', 'Longing']","['Reflection on change', 'Commitment to acceptance']",Mixed,Conflicted,8,Self-Reflection
"It’s been such a long day. I’m exhausted, but I know I can keep going. I’ve learned to push through even when it’s tough. 💪",Exhaustion,"['Resilience', 'Gratitude']","['Reflection on strength', 'Commitment to endurance']",Negative,Supportive,8,Everyday Life
"I’ve been thinking a lot about my past mistakes. It’s hard to let go of the guilt, but I know I need to move forward. 😞",Guilt,"['Sadness', 'Regret']","['Reflection on mistakes', 'Commitment to self-forgiveness']",Negative,Supportive,9,Self-Reflection
I’ve been focusing more on myself lately. It feels good to prioritize my own happiness and well-being. 😊,Self-love,"['Contentment', 'Gratitude']","['Reflection on self-care', 'Commitment to self-improvement']",Positive,Empowering,8,Personal Growth
"I just got the news that my promotion is official! I feel so accomplished, but also a bit nervous about what’s next. 🎉",Pride,"['Excitement', 'Apprehension']","['Reflection on achievement', 'Commitment to growth']",Mixed,Reflective,8,Career
"I’ve been thinking about my health lately. It’s been hard to stay motivated to work out, but I know I need to make changes for my future. 💪",Determination,"['Frustration', 'Concern']","['Reflection on self-improvement', 'Commitment to health']",Positive,Empowering,7,Health
"I’ve been feeling so stressed at work. It feels like no matter how much I do, there’s always more piling up. 😓",Stress,"['Frustration', 'Exhaustion']","['Reflection on workload', 'Commitment to balance']",Negative,Supportive,9,Workplace
I feel so proud of my child’s accomplishments! Watching them grow up has been one of the most rewarding experiences. 👏,Pride,"['Joy', 'Gratitude']","['Reflection on parenthood', 'Commitment to nurturing']",Positive,Affectionate,9,Family
"I keep second-guessing myself. I’m unsure if I made the right decision, and it’s weighing heavily on my mind. 🤔",Insecurity,"['Doubt', 'Regret']","['Reflection on choices', 'Commitment to clarity']",Negative,Supportive,8,Self-Reflection
"The moment I stepped outside and felt the sun on my face, I realized how much I needed this break. 🌞",Relief,"['Gratitude', 'Serenity']","['Reflection on self-care', 'Commitment to rest']",Positive,Reassuring,8,Everyday Life
"I’m happy for my friend’s success, but I can’t help but feel a little jealous. I’ve been working so hard, and I wonder when it’ll be my turn. 💔",Jealousy,"['Insecurity', 'Longing']","['Reflection on comparison', 'Commitment to self-growth']",Negative,Reassuring,7,Relationships
"It’s been a rough couple of days, but I’m trying to stay positive. I know things will get better soon. ✨",Hope,"['Resilience', 'Optimism']","['Reflection on optimism', 'Commitment to persistence']",Positive,Encouraging,7,Personal Growth
I miss the days when life felt simpler. Everything was so carefree back then. Why does it feel so complicated now? 😔,Nostalgia,"['Sadness', 'Longing']","['Reflection on past', 'Commitment to simplicity']",Mixed,Reflective,8,Self-Reflection
"I’m really proud of myself for sticking with my workout routine. It’s tough, but I’m finally seeing results! 💪",Pride,"['Excitement', 'Satisfaction']","['Reflection on perseverance', 'Commitment to fitness']",Positive,Empowering,8,Health
"I thought I had everything under control, but it feels like I’m slipping. I don’t know how much longer I can keep up with this pace. 😓",Overwhelm,"['Frustration', 'Exhaustion']","['Reflection on stress', 'Commitment to balance']",Negative,Reassuring,9,Workplace
"I’m happy with how far I’ve come, but I feel like there’s still so much more to achieve. The journey isn’t over yet. 🌟",Pride,"['Hope', 'Excitement']","['Reflection on progress', 'Commitment to the future']",Positive,Empowering,8,Career
"Sometimes I feel so lost, like I’m just floating through life without direction. It’s hard to find my purpose. 🌫️",Confusion,"['Sadness', 'Insecurity']","['Reflection on purpose', 'Commitment to self-discovery']",Negative,Supportive,8,Self-Reflection
"I’ve been feeling the pressure at work lately, and it’s hard to stay positive. But I know if I push through, I’ll be proud of the results. 💼",Stress,"['Frustration', 'Hope']","['Reflection on challenges', 'Commitment to perseverance']",Negative,Supportive,9,Workplace
"I’m enjoying my personal growth journey. Every day, I’m learning something new about myself. It feels empowering. 🌱",Empowerment,"['Pride', 'Gratitude']","['Reflection on self-improvement', 'Commitment to transformation']",Positive,Empowering,8,Personal Growth
I feel completely overwhelmed with my to-do list today. It’s like nothing I do can get me ahead. 😩,Overwhelm,"['Frustration', 'Exhaustion']","['Reflection on workload', 'Commitment to managing tasks']",Negative,Reassuring,9,Everyday Life
I’m really grateful for the kindness my friend showed me today. It’s those little acts of kindness that mean the most. 🤗,Gratitude,"['Contentment', 'Joy']","['Reflection on relationships', 'Commitment to appreciation']",Positive,Affectionate,8,Relationships
I’m feeling really uncertain about my future. It’s like I can’t see the path ahead clearly. 🤔,Uncertainty,"['Fear', 'Doubt']","['Reflection on change', 'Commitment to seeking clarity']",Negative,Supportive,8,Self-Reflection
There’s something so peaceful about sitting by the ocean and watching the waves. It feels like the world slows down. 🌊,Serenity,"['Awe', 'Contentment']","['Reflection on nature', 'Commitment to mindfulness']",Positive,Reverent,8,Nature
"I’ve been reflecting a lot on my past relationships. It’s hard to let go of the pain, but I know it’s part of healing. 💔",Grief,"['Sadness', 'Regret']","['Reflection on loss', 'Commitment to healing']",Negative,Supportive,9,Relationships
"I feel so accomplished after finishing this project! It took so much time and effort, but it was worth it. 🏆",Pride,"['Satisfaction', 'Excitement']","['Reflection on effort', 'Commitment to achievement']",Positive,Empowering,9,Career
It’s hard not to feel frustrated when everything seems to be going wrong. But I know I need to keep pushing forward. 😠,Frustration,"['Anger', 'Exhaustion']","['Reflection on struggles', 'Commitment to perseverance']",Negative,Reassuring,9,Self-Reflection
I feel a deep sense of nostalgia when I look at old photos. Life felt simpler back then. 🖼️,Nostalgia,"['Longing', 'Sadness']","['Reflection on the past', 'Commitment to cherishing memories']",Mixed,Reflective,7,Family
"I’ve been thinking a lot about how much I’ve changed over the years. Some changes have been hard, but others have been for the better. 🧠",Self-compassion,"['Pride', 'Hope']","['Reflection on growth', 'Commitment to acceptance']",Positive,Empowering,8,Personal Growth
I feel completely drained from everything going on in my life. It’s hard to find any energy to keep going. 😔,Exhaustion,"['Frustration', 'Sadness']","['Reflection on burnout', 'Commitment to recovery']",Negative,Supportive,9,Everyday Life
"I was able to help someone today, and it feels so good to be there for someone in need. 💖",Compassion,"['Gratitude', 'Satisfaction']","['Reflection on empathy', 'Commitment to kindness']",Positive,Affectionate,8,Community
"I feel completely burned out. Between work, personal life, and everything else, I just can’t keep up anymore. 😔",Exhaustion,"['Frustration', 'Overwhelm']","['Reflection on burnout', 'Commitment to self-care']",Negative,Reassuring,9,Everyday Life
"I’m excited about the upcoming project, but there’s also a sense of nervousness. What if it doesn’t go as planned? 🤷‍♀️",Excitement,"['Anxiety', 'Apprehension']","['Reflection on uncertainty', 'Commitment to overcoming fear']",Mixed,Conflicted,8,Career
I miss the carefree days of childhood. Everything seemed simpler then. It’s hard to feel that light again. 😔,Nostalgia,"['Longing', 'Sadness']","['Reflection on youth', 'Commitment to appreciating the past']",Mixed,Reflective,7,Family
"I just got promoted at work! It’s surreal, but I’m feeling so proud of myself. 🎉",Pride,"['Joy', 'Excitement']","['Reflection on achievement', 'Commitment to success']",Positive,Empowering,9,Career
"It feels like I’m stuck in a loop, always going around in circles and never making progress. 😓",Frustration,"['Exhaustion', 'Hopelessness']","['Reflection on struggles', 'Commitment to perseverance']",Negative,Reassuring,9,Self-Reflection
"I’m grateful for the little moments that bring peace, like watching the sunrise. It reminds me of the beauty in the world. 🌅",Gratitude,"['Serenity', 'Awe']","['Reflection on nature', 'Commitment to mindfulness']",Positive,Reverent,8,Nature
I’m stuck in a cycle of self-doubt. I keep wondering if I’m good enough for this new job. 😕,Insecurity,"['Doubt', 'Anxiety']","['Reflection on self-worth', 'Commitment to confidence']",Negative,Supportive,8,Career
"The fear of failure has been holding me back. I want to try something new, but I’m scared it won’t work out. 🧠",Fear,"['Insecurity', 'Apprehension']","['Reflection on fear', 'Commitment to courage']",Negative,Reassuring,8,Personal Growth
I can’t wait for this weekend to unwind and relax. It feels like I need a break from everything. 🌴,Anticipation,"['Excitement', 'Hope']","['Reflection on relaxation', 'Commitment to rest']",Positive,Empowering,7,Everyday Life
I’m feeling so isolated lately. It’s like everyone around me is too busy to notice. 😢,Loneliness,"['Sadness', 'Longing']","['Reflection on isolation', 'Commitment to connection']",Negative,Supportive,9,Relationships
"I feel like I’ve been given a second chance. It’s a little scary, but I’m ready to take it. 🌟",Hope,"['Excitement', 'Fear']","['Reflection on new beginnings', 'Commitment to possibility']",Mixed,Conflicted,8,Personal Growth
"The more I reflect on this relationship, the more I realize how much I’ve changed. It’s bittersweet. 💔",Bittersweetness,"['Nostalgia', 'Sadness']","['Reflection on love', 'Commitment to growth']",Mixed,Reflective,7,Relationships
"It feels like I’ve lost a part of myself, and I’m struggling to find it again. 😞",Grief,"['Sadness', 'Longing']","['Reflection on loss', 'Commitment to healing']",Negative,Supportive,9,Self-Reflection
"I just finished my first solo hike, and it felt so freeing! The view from the top was absolutely worth the effort. 🌄",Pride,"['Excitement', 'Contentment']","['Reflection on adventure', 'Commitment to pushing boundaries']",Positive,Empowering,8,Nature
I feel completely drained after another sleepless night. I don’t know how I’m going to manage today. 😴,Exhaustion,"['Frustration', 'Hopelessness']","['Reflection on fatigue', 'Commitment to rest']",Negative,Supportive,9,Everyday Life
The excitement in the air at the concert was electrifying. I never wanted it to end. 🎶,Excitement,"['Joy', 'Anticipation']","['Reflection on passion', 'Commitment to living in the moment']",Positive,Empowering,9,Social
I’ve been feeling so uncertain about my future lately. I just don’t know where I’m headed. 😟,Uncertainty,"['Fear', 'Doubt']","['Reflection on future', 'Commitment to clarity']",Negative,Reassuring,8,Self-Reflection
"I just graduated, and I’m so proud of how far I’ve come. But, there’s also a sense of sadness about leaving behind all that’s familiar. 🎓",Bittersweetness,"['Pride', 'Sadness']","['Reflection on transitions', 'Commitment to embracing change']",Mixed,Reflective,7,Education
I feel so left out lately. It’s like I’m invisible to everyone. 😔,Loneliness,"['Sadness', 'Isolation']","['Reflection on relationships', 'Commitment to connection']",Negative,Supportive,9,Relationships
"I can’t help but feel envious of my friend’s success. I want to be where they are, but I also feel happy for them. 🤔",Envy,"['Admiration', 'Self-doubt']","['Reflection on comparison', 'Commitment to personal growth']",Mixed,Conflicted,8,Social Media
I finally told my partner how I felt about the situation. It’s a relief to have spoken my mind. 🗣️,Relief,"['Gratitude', 'Satisfaction']","['Reflection on honesty', 'Commitment to communication']",Positive,Supportive,8,Relationships
I’ve been feeling overwhelmed by my workload. Every task feels like a mountain I can’t climb. 🏔️,Overwhelm,"['Frustration', 'Anxiety']","['Reflection on stress', 'Commitment to managing priorities']",Negative,Reassuring,9,Career
There’s a calmness in the air today that makes me feel at peace. I’m grateful for this moment. 🌿,Serenity,"['Contentment', 'Awe']","['Reflection on stillness', 'Commitment to inner peace']",Positive,Reverent,8,Nature
"I’ve made a lot of mistakes in my career, and I keep wondering if I’ll ever be able to move past them. 😞",Regret,"['Sadness', 'Frustration']","['Reflection on mistakes', 'Commitment to learning from failure']",Negative,Supportive,9,Career
The sense of community I felt at the event today was incredible. It’s so uplifting to be around people who understand you. 🤝,Gratitude,"['Connection', 'Happiness']","['Reflection on social bonds', 'Commitment to fostering support']",Positive,Affectionate,8,Community
"I was so excited to finally meet my favorite author, but I also felt incredibly nervous. It was a whirlwind of emotions. 📚",Excitement,"['Nervousness', 'Anticipation']","['Reflection on admiration', 'Commitment to embracing new experiences']",Mixed,Conflicted,8,Social
"I finally overcame my fear of public speaking today, and I feel like a weight has been lifted off my shoulders. 🎤",Pride,"['Relief', 'Excitement']","['Reflection on courage', 'Commitment to growth']",Positive,Empowering,9,Personal Growth
I’m so frustrated with how things are going at work. It feels like I keep hitting one roadblock after another. 🛑,Frustration,"['Exhaustion', 'Disappointment']","['Reflection on failure', 'Commitment to perseverance']",Negative,Supportive,8,Career
Seeing the sunset over the ocean was absolutely breathtaking. I can’t help but feel awe and gratitude for nature. 🌅,Awe,"['Gratitude', 'Serenity']","['Reflection on beauty', 'Commitment to mindfulness']",Positive,Reverent,9,Nature
"I feel completely lost right now. Every time I try to make progress, something else gets in the way. 😔",Insecurity,"['Frustration', 'Hopelessness']","['Reflection on stagnation', 'Commitment to finding direction']",Negative,Supportive,9,Self-Reflection
"I finally took the leap and started my own business! It’s exhilarating, and I’m so proud of how far I’ve come. 💼",Excitement,"['Pride', 'Anticipation']","['Reflection on achievement', 'Commitment to success']",Positive,Empowering,9,Career
"Today was supposed to be a day off, but I just couldn’t escape the endless stream of work piling up. 😩",Exhaustion,"['Frustration', 'Regret']","['Reflection on time management', 'Commitment to balance']",Negative,Reassuring,8,Everyday Life
"It’s hard to shake off the feeling of regret after making that decision. I keep replaying it in my head, wondering if I should have done things differently. 😞",Regret,"['Sadness', 'Frustration']","['Reflection on past decisions', 'Commitment to learning from mistakes']",Negative,Supportive,9,Relationships
The joy of watching my friend succeed was so contagious. I feel so happy for them and proud to be part of their journey. 🎉,Joy,"['Admiration', 'Pride']","['Reflection on friendship', 'Commitment to mutual support']",Positive,Affectionate,8,Relationships
"I’ve been feeling a lot of uncertainty in my life lately. I’m not sure if I’m making the right choices, and it’s weighing on me. 🤔",Uncertainty,"['Anxiety', 'Doubt']","['Reflection on decision-making', 'Commitment to clarity']",Mixed,Conflicted,8,Self-Reflection
The kindness from a stranger today lifted my spirits more than I can express. It’s amazing how much small gestures can change your day. 💖,Gratitude,"['Relief', 'Happiness']","['Reflection on kindness', 'Commitment to paying it forward']",Positive,Affectionate,7,Community
"Sometimes, I wonder if I’ll ever truly be happy. It feels like no matter what I do, something is always missing. 😞",Sadness,"['Regret', 'Loneliness']","['Reflection on fulfillment', 'Commitment to finding happiness']",Negative,Supportive,9,Self-Reflection
The laughter shared with friends today reminded me how important it is to cherish the people around you. I feel so connected. 🤗,Gratitude,"['Joy', 'Connection']","['Reflection on social bonds', 'Commitment to fostering meaningful relationships']",Positive,Affectionate,8,Social
"I thought I’d feel relief after finishing the project, but I’m left with a sense of emptiness. It’s strange how achieving something can feel bittersweet. 🥺",Bittersweetness,"['Relief', 'Sadness']","['Reflection on goals', 'Commitment to embracing complexity']",Mixed,Reflective,8,Career
I’ve been feeling like I’m not living up to my potential lately. It's frustrating not to see the progress I was expecting. 😞,Frustration,"['Insecurity', 'Disappointment']","['Reflection on self-doubt', 'Commitment to improvement']",Negative,Supportive,9,Self-Reflection
"I spent the day cleaning and organizing. It felt tedious, but now that it's done, I feel so much better. 🧹",Relief,"['Satisfaction', 'Contentment']","['Reflection on accomplishment', 'Commitment to personal order']",Positive,Empowering,7,Everyday Life
I’ve always admired how effortlessly some people seem to achieve success. I wish I could be like them. 🤔,Admiration,"['Envy', 'Insecurity']","['Reflection on personal growth', 'Commitment to self-improvement']",Mixed,Reflective,7,Social Media
"I feel incredibly proud of my team’s effort today. We’ve come so far, and it’s amazing to see how much we’ve achieved together. 🏅",Pride,"['Joy', 'Gratitude']","['Reflection on teamwork', 'Commitment to mutual success']",Positive,Empowering,9,Career
"I’ve been working on this project for weeks, but it feels like I’m stuck in a loop, unable to make any real progress. 😔",Frustration,"['Helplessness', 'Stress']","['Reflection on effort', 'Commitment to resilience']",Negative,Supportive,9,Career
"I’m feeling overwhelmed by the responsibilities piling up. There’s always so much to do, and I can’t seem to catch a break. 😩",Overwhelm,"['Stress', 'Anxiety']","['Reflection on workload', 'Commitment to balance']",Negative,Reassuring,9,Everyday Life
"I’m trying to embrace the changes happening in my life, but part of me feels unsure. Change can be exciting, but it’s also terrifying. 🌱",Uncertainty,"['Fear', 'Excitement']","['Reflection on change', 'Commitment to adaptability']",Mixed,Conflicted,8,Self-Reflection
The sun setting over the ocean was so peaceful. It’s amazing how something so simple can bring such calm. 🌊,Serenity,"['Contentment', 'Awe']","['Reflection on nature', 'Commitment to mindfulness']",Positive,Reverent,9,Nature
"I’m grateful for the time I spent with my family today, but I can’t help feeling a bit sad that it’s over. 🍂",Nostalgia,"['Sadness', 'Gratitude']","['Reflection on memories', 'Commitment to cherishing moments']",Mixed,Reflective,8,Family
"It’s so tough to get back into a routine after a break. I feel like I’m starting all over again, and it’s draining. 😩",Exhaustion,"['Frustration', 'Sadness']","['Reflection on effort', 'Commitment to routine']",Negative,Supportive,8,Everyday Life
Seeing how far I’ve come since I started this journey fills me with pride. I’m so grateful for the lessons learned along the way. ✨,Pride,"['Gratitude', 'Satisfaction']","['Reflection on growth', 'Commitment to self-improvement']",Positive,Empowering,8,Personal Growth
I love how my friends always know how to cheer me up when I’m down. Their support makes everything seem more manageable. 💕,Gratitude,"['Joy', 'Relief']","['Reflection on friendship', 'Commitment to mutual support']",Positive,Affectionate,8,Community
It’s just another ordinary day. Nothing exciting or upsetting. Just going through the motions. 😐,Neutral,"['Indifference', 'Calm']","['Reflection on routine', 'Commitment to stability']",Neutral,Indifferent,5,Everyday Life
"I feel like I don’t belong anywhere. It’s hard to connect with people, even though I try. 😞",Loneliness,"['Sadness', 'Isolation']","['Reflection on belonging', 'Commitment to connection']",Negative,Supportive,9,Relationships
"I can’t stop worrying about the future. The uncertainty is overwhelming, and it feels like nothing is under my control. 😔",Anxiety,"['Fear', 'Apprehension']","['Reflection on uncertainty', 'Commitment to managing fear']",Negative,Reassuring,9,Self-Reflection
"There’s a calmness in the air today, nothing too extraordinary, but I can’t help but feel at peace. 🌿",Serenity,"['Contentment', 'Peace']","['Reflection on quiet moments', 'Commitment to stillness']",Neutral,Reverent,6,Nature
"I feel like everything is falling apart, but I’m too exhausted to do anything about it. 😩",Exhaustion,"['Frustration', 'Hopelessness']","['Reflection on burnout', 'Commitment to self-care']",Negative,Supportive,9,Everyday Life
"I was able to let go of some old baggage today. It feels like a weight has been lifted, but there’s still a lingering sadness. 😕",Sadness,"['Relief', 'Nostalgia']","['Reflection on healing', 'Commitment to personal growth']",Mixed,Reflective,7,Self-Reflection
I’m not sure if I’m ready to take this leap. I feel a mix of hope and fear. Maybe I’ll be brave enough tomorrow. 🧐,Uncertainty,"['Hope', 'Fear']","['Reflection on change', 'Commitment to courage']",Mixed,Conflicted,8,Personal Growth
Sometimes I feel like I’m running out of time to do everything I want. Life’s pace is too fast. ⏳,Frustration,"['Regret', 'Stress']","['Reflection on time management', 'Commitment to slowing down']",Negative,Reassuring,8,Career
"I saw a friend’s post today, and I’m happy for them, but I can’t help feeling left out. Maybe I should stop comparing myself. 🤔",Insecurity,"['Sadness', 'Jealousy']","['Reflection on comparison', 'Commitment to self-worth']",Negative,Supportive,8,Social Media
"I’ve been feeling a little numb lately, like I’m disconnected from everything around me. 🤷‍♂️",Indifference,"['Apathy', 'Disengagement']","['Reflection on detachment', 'Commitment to re-engagement']",Neutral,Indifferent,6,Everyday Life
It’s strange how a single moment of kindness can change your entire day. I feel grateful for these small acts. 🙏,Gratitude,"['Serenity', 'Awe']","['Reflection on kindness', 'Commitment to paying it forward']",Positive,Affectionate,8,Community
"I feel like I’m missing out on something important. It’s hard to explain, but I just feel like there’s more to life. 🕵️‍♂️",Curiosity,"['Confusion', 'Longing']","['Reflection on possibility', 'Commitment to discovery']",Mixed,Conflicted,7,Self-Reflection
"I woke up, went through the motions, and now I’m back to bed. It’s just another day. 💤",Neutral,"['Indifference', 'Calm']","['Reflection on routine', 'Commitment to stability']",Neutral,Indifferent,5,Everyday Life
I feel like I’m not making much progress. Everything seems to be moving too slowly for me to catch up. 😔,Frustration,"['Exhaustion', 'Regret']","['Reflection on struggle', 'Commitment to persistence']",Negative,Supportive,8,Self-Reflection
"I’ve been thinking a lot about where I’m headed. It feels like I should be doing something more, but I can’t quite figure out what. 🤔",Uncertainty,"['Confusion', 'Doubt']","['Reflection on direction', 'Commitment to self-discovery']",Ambiguous,Conflicted,7,Career
Today was just like every other day. Nothing extraordinary happened. It’s like I’m stuck in a loop. 🌀,Neutral,"['Apathy', 'Indifference']","['Reflection on monotony', 'Commitment to balance']",Neutral,Indifferent,6,Everyday Life
"I feel overwhelmed by everything around me. There’s too much going on, and I’m not sure how to handle it. 😩",Overwhelm,"['Stress', 'Exhaustion']","['Reflection on pressure', 'Commitment to managing tasks']",Negative,Supportive,9,Career
"I’m feeling a bit lost right now. There’s a lot of change happening, and I’m not sure if I’m ready for it. 😕",Insecurity,"['Fear', 'Doubt']","['Reflection on change', 'Commitment to adaptation']",Negative,Reassuring,8,Personal Growth
"I’m not sure where I stand anymore. I feel like I’m in the middle of something, but I don’t know what that something is. 🤷‍♂️",Uncertainty,"['Doubt', 'Confusion']","['Reflection on ambiguity', 'Commitment to clarity']",Ambiguous,Conflicted,7,Self-Reflection
"It’s been a quiet day, not much to report. Just the usual. I guess that’s okay sometimes. 🤔",Neutral,"['Indifference', 'Contentment']","['Reflection on simplicity', 'Commitment to peace']",Neutral,Indifferent,5,Everyday Life
"I want to be more confident, but it’s hard when I keep doubting myself. I wonder if I’ll ever feel sure of my decisions. 🤨",Insecurity,"['Self-Doubt', 'Frustration']","['Reflection on growth', 'Commitment to self-improvement']",Negative,Supportive,8,Personal Growth
"I’m trying to stay optimistic, but it’s tough. I can see the possibilities, but fear keeps creeping in. 😟",Fear,"['Uncertainty', 'Apprehension']","['Reflection on fear', 'Commitment to resilience']",Mixed,Conflicted,8,Career
"I guess it’s just one of those days. I’m not feeling happy, but I’m not sad either. It’s just... neutral. 😐",Neutral,"['Apathy', 'Indifference']","['Reflection on mood', 'Commitment to balance']",Neutral,Indifferent,6,Everyday Life
"I feel like I'm just going through the motions today. Nothing special, just getting things done. 🕰️",Neutral,"['Indifference', 'Calm']","['Reflection on routine', 'Commitment to getting through the day']",Neutral,Indifferent,5,Everyday Life
"I’ve been struggling to meet deadlines, and it’s wearing me down. I know I’ll get through it, but it’s exhausting. 😓",Exhaustion,"['Frustration', 'Stress']","['Reflection on pressure', 'Commitment to finishing tasks']",Negative,Supportive,9,Career
"I’m finding it hard to decide which direction to take next. So many possibilities, but I just feel lost. 🤷‍♀️",Insecurity,"['Doubt', 'Uncertainty']","['Reflection on decisions', 'Commitment to clarity']",Negative,Conflicted,8,Personal Growth
"I’ve been in a pretty neutral mood lately. Nothing too exciting, but nothing bad either. Just kind of coasting. 😌",Neutral,"['Apathy', 'Contentment']","['Reflection on mood', 'Commitment to balance']",Neutral,Indifferent,6,Everyday Life
"The uncertainty of what’s coming next is overwhelming. Part of me is excited, but the rest of me is scared. 😬",Uncertainty,"['Fear', 'Apprehension']","['Reflection on change', 'Commitment to embracing the unknown']",Mixed,Conflicted,8,Career
I really wish I could just relax for a day without worrying about work or responsibilities. Maybe someday soon. 🌴,Anticipation,"['Hope', 'Longing']","['Reflection on rest', 'Commitment to taking breaks']",Positive,Empowering,7,Everyday Life
"I’ve been feeling like something is off, but I can’t put my finger on it. It’s a mix of frustration and confusion. 🤔",Confusion,"['Frustration', 'Doubt']","['Reflection on uncertainty', 'Commitment to understanding']",Ambiguous,Conflicted,8,Self-Reflection
"I’m not sure if I should be proud of what I’ve done, or if I should be more concerned about what’s next. 🤷‍♂️",Ambivalence,"['Doubt', 'Uncertainty']","['Reflection on achievement', 'Commitment to moving forward']",Mixed,Reflective,7,Career
"Today was just another regular day. Nothing particularly good or bad happened, but it wasn’t unpleasant either. 🤨",Neutral,"['Indifference', 'Satisfaction']","['Reflection on neutrality', 'Commitment to accepting routine']",Neutral,Indifferent,6,Everyday Life
"I feel like I’m constantly questioning my own decisions. I know I should trust myself more, but it’s hard. 😔",Self-Doubt,"['Insecurity', 'Frustration']","['Reflection on self-worth', 'Commitment to trust']",Negative,Supportive,8,Personal Growth
"I guess I’m feeling okay today. Not great, not bad, just somewhere in the middle. 😐",Neutral,"['Apathy', 'Calm']","['Reflection on mood', 'Commitment to acceptance']",Neutral,Indifferent,5,Everyday Life
"I’ve been dealing with a lot lately, and I don’t know if I can keep pretending that everything’s fine. 😔",Exhaustion,"['Stress', 'Overwhelm']","['Reflection on burnout', 'Commitment to self-care']",Negative,Reassuring,9,Personal Growth
"I’m feeling like I’m neither happy nor sad today. Just somewhere in the middle, trying to get through things. 🤷‍♂️",Neutral,"['Apathy', 'Contentment']","['Reflection on mood', 'Commitment to acceptance']",Neutral,Indifferent,5,Everyday Life
"I’m excited about the new opportunities ahead, but I also feel overwhelmed by all the changes. It’s a little scary. 😬",Excitement,"['Fear', 'Apprehension']","['Reflection on change', 'Commitment to embracing new challenges']",Mixed,Conflicted,8,Personal Growth
"Today felt like a blur. Nothing in particular stood out, but it wasn’t a bad day either. Just a neutral one. 😌",Neutral,"['Indifference', 'Peace']","['Reflection on routine', 'Commitment to simplicity']",Neutral,Indifferent,6,Everyday Life
"I’m in a bit of a crisis right now. The stress and constant worry have taken over, and I can’t see the light at the end of the tunnel. 😔",Stress,"['Frustration', 'Anxiety']","['Reflection on pressure', 'Commitment to resilience']",Negative,Reassuring,9,Career
"I think I’ve been doing okay, just taking things one step at a time. No major changes, but I’m not feeling stuck either. 🤔",Neutral,"['Indifference', 'Contentment']","['Reflection on progress', 'Commitment to balance']",Neutral,Indifferent,6,Personal Growth
"I tried something new today, but I’m not sure how I feel about it. It wasn’t bad, but it wasn’t great either. Just... okay. 🤷‍♀️",Neutral,"['Indifference', 'Curiosity']","['Reflection on novelty', 'Commitment to new experiences']",Neutral,Reflective,6,Everyday Life
"I feel disconnected from everyone around me, like I’m invisible. It’s a strange kind of loneliness. 🥀",Loneliness,"['Sadness', 'Insecurity']","['Reflection on isolation', 'Commitment to connection']",Negative,Supportive,9,Relationships
"I’m feeling a bit nervous about this new opportunity. It could go really well, or it could fail. I’m stuck between excitement and fear. 😅",Fear,"['Excitement', 'Anxiety']","['Reflection on uncertainty', 'Commitment to taking risks']",Mixed,Conflicted,8,Career
"I can’t seem to find the motivation to do anything today. I’m not sad, just kind of indifferent. 😒",Neutral,"['Apathy', 'Indifference']","['Reflection on motivation', 'Commitment to overcoming inertia']",Neutral,Indifferent,5,Everyday Life
I feel like I’ve been failing lately. It’s hard to see the point of everything I’ve been doing when nothing seems to change. 😔,Frustration,"['Sadness', 'Insecurity']","['Reflection on struggle', 'Commitment to perseverance']",Negative,Reassuring,9,Self-Reflection
I’ve been feeling a bit disconnected from myself lately. I don’t know if it’s burnout or just a lack of purpose. 🧠,Insecurity,"['Doubt', 'Confusion']","['Reflection on self-worth', 'Commitment to self-discovery']",Negative,Supportive,8,Personal Growth
"Today was just like any other day. Nothing special happened, but I didn’t mind. 😌",Neutral,"['Indifference', 'Contentment']","['Reflection on routine', 'Commitment to simplicity']",Neutral,Indifferent,5,Everyday Life
"I feel like I’ve been putting in so much effort, but nothing is changing. It’s starting to feel pointless. 😞",Frustration,"['Exhaustion', 'Sadness']","['Reflection on effort', 'Commitment to perseverance']",Negative,Reassuring,9,Self-Reflection
"I just can’t seem to make up my mind about this decision. Part of me wants to go for it, but I’m so unsure. 🤷‍♀️",Uncertainty,"['Doubt', 'Confusion']","['Reflection on choices', 'Commitment to self-reflection']",Ambiguous,Conflicted,8,Personal Growth
"I’m so proud of myself for finishing this project! It was hard work, but I did it. 🎉",Pride,"['Excitement', 'Satisfaction']","['Reflection on achievement', 'Commitment to success']",Positive,Empowering,9,Career
"I’m feeling a bit disconnected from everything. It’s like I’m here, but not really. 😔",Loneliness,"['Sadness', 'Longing']","['Reflection on isolation', 'Commitment to connection']",Negative,Supportive,9,Relationships
"I’ve been feeling neutral about everything lately. It’s not bad, but it’s not exciting either. Just going through the motions. 😐",Neutral,"['Indifference', 'Apathy']","['Reflection on monotony', 'Commitment to mindfulness']",Neutral,Indifferent,6,Everyday Life
"It’s a strange feeling, being excited about something new while also scared of what might happen. Mixed emotions, I guess. 🤔",Excitement,"['Fear', 'Anticipation']","['Reflection on uncertainty', 'Commitment to embracing change']",Mixed,Conflicted,8,Personal Growth
"I feel like I’m stuck, like I’m not moving forward. It’s frustrating, and I can’t see a way out. 😞",Frustration,"['Hopelessness', 'Sadness']","['Reflection on effort', 'Commitment to finding a solution']",Negative,Supportive,9,Self-Reflection
"I’m happy that I’m learning something new, but I also feel overwhelmed by the amount of work it’s taking. 📚",Excitement,"['Stress', 'Anticipation']","['Reflection on growth', 'Commitment to learning']",Mixed,Conflicted,7,Personal Growth
"I’m grateful for the opportunity to take a break this weekend. It’s been a long week, and I really need some time to recharge. 🌿",Gratitude,"['Contentment', 'Relief']","['Reflection on self-care', 'Commitment to mindfulness']",Positive,Affectionate,8,Everyday Life
I feel like I’m in a constant state of confusion. It’s like I can’t focus on one thing long enough to get anything done. 🌀,Confusion,"['Frustration', 'Overwhelm']","['Reflection on mental state', 'Commitment to clarity']",Negative,Reassuring,8,Career
"I’m not sure if I’m doing things right. I feel like I’m making progress, but it’s not as fast as I would like. 🐢",Insecurity,"['Doubt', 'Frustration']","['Reflection on progress', 'Commitment to perseverance']",Negative,Supportive,8,Personal Growth
"I just got through the day without much happening. Nothing bad, but nothing good either. Meh. 😐",Neutral,"['Indifference', 'Contentment']","['Reflection on the uneventful', 'Commitment to simplicity']",Neutral,Indifferent,5,Everyday Life
"I’m feeling drained after today. Everything feels like a chore, and I just want to lie down and rest. 😴",Exhaustion,"['Frustration', 'Lack of motivation']","['Reflection on overwork', 'Commitment to rest']",Negative,Reassuring,8,Career
"I’m so overwhelmed with everything. There’s too much on my plate, and I can’t see a way out. 😔",Overwhelm,"['Frustration', 'Fear']","['Reflection on stress', 'Commitment to handling pressure']",Negative,Supportive,9,Everyday Life
"I feel a sense of calm today. It’s been a quiet day, just me and my thoughts. It’s a nice change of pace. 🌸",Serenity,"['Contentment', 'Peace']","['Reflection on stillness', 'Commitment to mindfulness']",Positive,Reverent,8,Nature
"I’m not sure if I should keep going with this project. Part of me is excited, but part of me feels like it’s not going anywhere. 🤔",Uncertainty,"['Doubt', 'Apprehension']","['Reflection on ambiguity', 'Commitment to finding direction']",Mixed,Conflicted,7,Career
"I just want to take a break from everything. It’s like everything is happening so fast, and I’m not sure I can keep up. 🏃‍♂️",Stress,"['Overwhelm', 'Frustration']","['Reflection on urgency', 'Commitment to pacing']",Negative,Reassuring,9,Everyday Life
"It’s hard to shake off this feeling of sadness. I’m not sure why, but I can’t seem to move past it. 😔",Sadness,"['Loneliness', 'Regret']","['Reflection on emotional state', 'Commitment to healing']",Negative,Supportive,8,Self-Reflection
"I feel like I’ve learned so much from my mistakes, but I still feel uncertain about the future. 🔮",Ambivalence,"['Hope', 'Fear']","['Reflection on growth', 'Commitment to resilience']",Mixed,Conflicted,8,Personal Growth
"I’ve been feeling disconnected from people lately. It’s like I’m here, but not really present. 😞",Loneliness,"['Sadness', 'Isolation']","['Reflection on emotional distance', 'Commitment to reconnecting']",Negative,Supportive,9,Relationships
"There’s a part of me that’s excited for the changes ahead, but another part of me is afraid of what those changes might bring. 😨",Fear,"['Excitement', 'Anxiety']","['Reflection on change', 'Commitment to facing fear']",Mixed,Conflicted,8,Career
It feels like I’ve taken a step back instead of moving forward. It’s disheartening. 😞,Disappointment,"['Frustration', 'Sadness']","['Reflection on setbacks', 'Commitment to perseverance']",Negative,Supportive,9,Self-Reflection
"I’m not feeling much today. Just a quiet, calm day without much on my mind. It’s peaceful in its own way. 😌",Neutral,"['Calm', 'Contentment']","['Reflection on peace', 'Commitment to mindfulness']",Neutral,Indifferent,6,Everyday Life
"I had a pretty average day at work today. Nothing great, but nothing bad either. Just another day. 😐",Neutral,"['Indifference', 'Calm']","['Reflection on routine', 'Commitment to simplicity']",Neutral,Indifferent,5,Work
"I’ve been so overwhelmed with tasks lately. It feels like I’m constantly running around in circles, and I can’t catch a break. 😩",Overwhelm,"['Exhaustion', 'Frustration']","['Reflection on stress', 'Commitment to self-care']",Negative,Reassuring,9,Everyday Life
"I’m excited for the weekend, but there’s this lingering feeling of dread about the amount of work I need to do. 😟",Excitement,"['Anxiety', 'Apprehension']","['Reflection on workload', 'Commitment to balance']",Mixed,Conflicted,8,Work
"It’s such a strange feeling being at home with no one around. It’s quiet, but also lonely. I don’t know how to feel about it. 😕",Loneliness,"['Sadness', 'Confusion']","['Reflection on solitude', 'Commitment to finding peace']",Negative,Supportive,8,Home
"I feel like I’m at a crossroads in my life, not sure which direction to go. It’s frustrating but also a little freeing. 🤔",Uncertainty,"['Doubt', 'Hope']","['Reflection on choices', 'Commitment to self-discovery']",Mixed,Conflicted,7,Personal Growth
"I can’t believe how much I’ve learned this year. It’s been a rollercoaster, but I’m proud of how far I’ve come. 🎉",Pride,"['Gratitude', 'Excitement']","['Reflection on growth', 'Commitment to self-improvement']",Positive,Empowering,9,Personal Growth
"I thought I had everything figured out, but I feel like I’m right back where I started. It’s frustrating. 😡",Frustration,"['Anger', 'Helplessness']","['Reflection on setbacks', 'Commitment to moving forward']",Negative,Reassuring,9,Self-Reflection
"The silence of the night is calming. I feel at peace, just sitting here with my thoughts. 🌙",Serenity,"['Calm', 'Contentment']","['Reflection on stillness', 'Commitment to mindfulness']",Positive,Reverent,8,Nature
I’m really struggling with the constant pressure to be productive all the time. It’s draining. 🧠,Exhaustion,"['Frustration', 'Stress']","['Reflection on burnout', 'Commitment to self-care']",Negative,Supportive,9,Career
"I’ve been feeling kind of off lately. Not sad, not happy, just a little lost. Like I’m waiting for something to change. 🕰️",Neutral,"['Indifference', 'Confusion']","['Reflection on the moment', 'Commitment to finding clarity']",Neutral,Indifferent,6,Self-Reflection
I feel like I’m carrying the weight of the world on my shoulders. Every day is harder than the last. 😓,Stress,"['Frustration', 'Exhaustion']","['Reflection on pressure', 'Commitment to relief']",Negative,Supportive,9,Everyday Life
"I’m so proud of the progress I’ve made in my fitness journey. It hasn’t been easy, but it feels so worth it. 💪",Pride,"['Satisfaction', 'Gratitude']","['Reflection on personal achievements', 'Commitment to health']",Positive,Empowering,8,Personal Growth
"I feel like I’m walking through life with no direction. It’s unsettling. I want to find my path, but I’m lost. 😕",Insecurity,"['Doubt', 'Frustration']","['Reflection on self-doubt', 'Commitment to finding purpose']",Negative,Supportive,9,Self-Reflection
"I don’t really have much to say today. It’s been a quiet day. Not good, not bad, just peaceful. 😐",Neutral,"['Indifference', 'Calm']","['Reflection on routine', 'Commitment to simplicity']",Neutral,Indifferent,5,Everyday Life
"I’ve been feeling completely drained. It’s like no matter how much I sleep, I’m always tired. 😩",Exhaustion,"['Frustration', 'Helplessness']","['Reflection on fatigue', 'Commitment to self-care']",Negative,Supportive,9,Work
I’ve been questioning whether or not I’m making the right choices in life. It’s a constant tug-of-war. 😕,Uncertainty,"['Doubt', 'Anxiety']","['Reflection on decisions', 'Commitment to clarity']",Ambiguous,Conflicted,8,Self-Reflection
"I feel like I’m finally starting to get a grip on things. It’s exciting, but also a little overwhelming. 😅",Excitement,"['Apprehension', 'Anticipation']","['Reflection on progress', 'Commitment to facing challenges']",Mixed,Conflicted,8,Career
"It’s been such a rewarding day. I’m proud of what I’ve achieved today, and it feels like all the hard work is paying off. 💪",Pride,"['Satisfaction', 'Gratitude']","['Reflection on effort', 'Commitment to growth']",Positive,Empowering,9,Personal Growth
I’ve been feeling overwhelmed by the constant pressure at work. It feels like I’m never able to get a break. 🧠,Overwhelm,"['Stress', 'Frustration']","['Reflection on workload', 'Commitment to relief']",Negative,Supportive,9,Career
It’s hard to put into words how I feel right now. I think I’m caught between excitement for the future and anxiety about it. 🤷‍♂️,Excitement,"['Anxiety', 'Fear']","['Reflection on opportunity', 'Commitment to overcoming fear']",Mixed,Conflicted,8,Personal Growth
I’ve been having a hard time finding joy in things lately. It’s like everything feels a little too heavy. 😞,Sadness,"['Hopelessness', 'Frustration']","['Reflection on emotion', 'Commitment to recovery']",Negative,Supportive,9,Self-Reflection
"I don’t have much going on today. It’s just one of those average, quiet days where nothing stands out. 😌",Neutral,"['Indifference', 'Contentment']","['Reflection on simplicity', 'Commitment to peace']",Neutral,Indifferent,6,Everyday Life
"I’m happy for my friends and their success, but sometimes it makes me wonder if I’m doing enough with my life. 🤔",Envy,"['Insecurity', 'Longing']","['Reflection on self-comparison', 'Commitment to personal growth']",Negative,Supportive,8,Social Media
I’m really grateful for the support of my family. I wouldn’t have made it through this tough time without them. ❤️,Gratitude,"['Relief', 'Appreciation']","['Reflection on love', 'Commitment to connection']",Positive,Affectionate,9,Family
I feel like I’ve just been through a whirlwind. It’s been exhausting but exhilarating. The highs and lows are making me question everything. 🎢,Excitement,"['Fear', 'Insecurity']","['Reflection on life changes', 'Commitment to embracing uncertainty']",Mixed,Conflicted,8,Personal Growth
"I’ve been reflecting a lot on my past mistakes. There’s a lot of regret, but also a sense of learning from it. 🥺",Regret,"['Sadness', 'Self-blame']","['Reflection on the past', 'Commitment to self-forgiveness']",Negative,Supportive,8,Self-Reflection
"Today was just one of those regular days. I didn’t feel particularly happy or sad, just neutral. 😐",Neutral,"['Indifference', 'Contentment']","['Reflection on routine', 'Commitment to simplicity']",Neutral,Indifferent,5,Everyday Life
"I’m feeling frustrated by the lack of progress at work. I keep putting in the effort, but nothing seems to change. 😤",Frustration,"['Exhaustion', 'Disappointment']","['Reflection on effort', 'Commitment to persistence']",Negative,Supportive,9,Career
"There’s a part of me that feels optimistic, but there’s also this looming fear of failure. It’s hard to shake it off. 🧠",Fear,"['Anxiety', 'Apprehension']","['Reflection on fear', 'Commitment to courage']",Mixed,Conflicted,8,Personal Growth
"I’ve been thinking a lot about how far I’ve come in my career. It’s a little overwhelming, but I’m grateful for the journey. 💼",Gratitude,"['Pride', 'Contentment']","['Reflection on achievements', 'Commitment to growth']",Positive,Empowering,9,Career
It’s hard to stay motivated when everything feels like a challenge. I feel like I’m running out of steam. 😩,Exhaustion,"['Frustration', 'Hopelessness']","['Reflection on burnout', 'Commitment to self-care']",Negative,Supportive,9,Everyday Life
"I’m really excited about the opportunity to travel, but I’m also nervous about the unknowns ahead. ✈️",Excitement,"['Fear', 'Apprehension']","['Reflection on adventure', 'Commitment to embracing the unknown']",Mixed,Conflicted,8,Travel
I feel like I’ve been stuck in the same place for too long. I don’t know how to break out of this rut. 😞,Sadness,"['Frustration', 'Loneliness']","['Reflection on stagnation', 'Commitment to change']",Negative,Supportive,8,Self-Reflection
I can’t wait to spend time with my friends this weekend. It’s been so long since we’ve hung out together. 😁,Excitement,"['Joy', 'Anticipation']","['Reflection on friendship', 'Commitment to connection']",Positive,Empowering,8,Social
"It’s been a peaceful day. Nothing extraordinary happened, but I’m content with the calm. 😌",Contentment,"['Serenity', 'Indifference']","['Reflection on stillness', 'Commitment to peace']",Neutral,Indifferent,6,Everyday Life
I feel like I’m losing touch with my goals. It’s hard to stay focused when everything seems to distract me. 😣,Insecurity,"['Self-doubt', 'Frustration']","['Reflection on distractions', 'Commitment to focus']",Negative,Supportive,9,Personal Growth
Sometimes I wonder if I’m truly happy with where I am in life. It’s confusing to think about. 😕,Confusion,"['Doubt', 'Insecurity']","['Reflection on purpose', 'Commitment to clarity']",Ambiguous,Conflicted,7,Self-Reflection
"I finally completed my long-term project. It wasn’t easy, but the sense of accomplishment feels incredible. 🏆",Accomplishment,"['Pride', 'Joy']","['Reflection on hard work', 'Commitment to achievement']",Positive,Empowering,9,Career
"I’m not sure how I feel about this situation. It’s like a mix of relief, but also confusion. 🤷‍♂️",Confusion,"['Relief', 'Indecision']","['Reflection on uncertainty', 'Commitment to clarity']",Mixed,Conflicted,7,Personal Growth
"I’m feeling pretty neutral today. It’s not a good or bad day, just kind of in the middle. 😐",Neutral,"['Indifference', 'Contentment']","['Reflection on balance', 'Commitment to simplicity']",Neutral,Indifferent,5,Everyday Life
I feel so alone. It seems like no one notices or cares. The isolation is overwhelming. 😔,Loneliness,"['Sadness', 'Longing']","['Reflection on isolation', 'Commitment to connection']",Negative,Supportive,9,Relationships
"The more I try to focus, the more distracted I get. It’s frustrating, but I keep trying. 😕",Frustration,"['Distraction', 'Exhaustion']","['Reflection on concentration', 'Commitment to persistence']",Negative,Reassuring,8,Work
"I’m really excited for the future, but also nervous about what’s to come. It’s a strange mix of emotions. 🤔",Excitement,"['Fear', 'Apprehension']","['Reflection on change', 'Commitment to embracing new experiences']",Mixed,Conflicted,8,Personal Growth
"I feel like I’m at peace right now. There’s no rush, just enjoying the present moment. 🌿",Serenity,"['Contentment', 'Tranquility']","['Reflection on stillness', 'Commitment to mindfulness']",Positive,Reverent,7,Nature
"I just can’t seem to catch a break. It feels like everything is falling apart, and I’m stuck in the middle. 😞",Hopelessness,"['Frustration', 'Defeat']","['Reflection on struggles', 'Commitment to resilience']",Negative,Supportive,9,Self-Reflection
I’m excited to be moving to a new city. But there’s also a part of me that’s scared about starting over. 🏙️,Excitement,"['Fear', 'Anticipation']","['Reflection on change', 'Commitment to new beginnings']",Mixed,Conflicted,8,Life Transition
"Today was just a regular day, nothing exciting happened, but I’m fine with that. 😌",Neutral,"['Contentment', 'Indifference']","['Reflection on routine', 'Commitment to simplicity']",Neutral,Indifferent,5,Everyday Life
"I think I’ve finally learned to let go of the past. It’s a relief, but also a little sad to say goodbye to those memories. 💭",Relief,"['Sadness', 'Acceptance']","['Reflection on personal growth', 'Commitment to moving forward']",Mixed,Reflective,7,Self-Reflection
"I feel so proud of myself for overcoming this challenge. It wasn’t easy, but I did it! 💪",Pride,"['Joy', 'Relief']","['Reflection on perseverance', 'Commitment to success']",Positive,Empowering,9,Career
I feel like I’ve been struggling for so long. It’s hard to see the light at the end of the tunnel. 😔,Despair,"['Sadness', 'Frustration']","['Reflection on hardship', 'Commitment to hope']",Negative,Supportive,9,Self-Reflection
"I’ve been thinking a lot lately, but I can’t seem to make sense of it all. I’m not sure if I should feel happy or sad. 🤔",Confusion,"['Indecision', 'Ambivalence']","['Reflection on uncertainty', 'Commitment to clarity']",Ambiguous,Reflective,7,Self-Reflection
"It’s an ordinary day. Nothing exciting happened, but I’m fine with that. Just taking it easy. 😌",Neutral,"['Contentment', 'Indifference']","['Reflection on balance', 'Commitment to simplicity']",Neutral,Indifferent,5,Everyday Life
"I feel like everything is falling apart. There’s so much pressure, and I don’t know how much longer I can handle this. 😩",Stress,"['Overwhelm', 'Frustration']","['Reflection on pressure', 'Commitment to resilience']",Negative,Supportive,9,Work
"I’m proud of how far I’ve come, but I still feel like there’s so much more to do. It’s like a bittersweet victory. 🏆",Pride,"['Satisfaction', 'Bittersweetness']","['Reflection on progress', 'Commitment to continuous growth']",Mixed,Empowering,8,Career
The constant stress is really starting to take a toll on me. I don’t feel like myself anymore. 😔,Exhaustion,"['Frustration', 'Helplessness']","['Reflection on burnout', 'Commitment to self-care']",Negative,Reassuring,9,Self-Reflection
"I’m really looking forward to the weekend, but also kind of stressed about all the things I need to get done. 🌤️",Anticipation,"['Stress', 'Hope']","['Reflection on time management', 'Commitment to relaxation']",Mixed,Conflicted,7,Everyday Life
It’s hard to get excited for things when you don’t know what to expect. The uncertainty is overwhelming. 😕,Uncertainty,"['Anxiety', 'Apprehension']","['Reflection on ambiguity', 'Commitment to finding clarity']",Negative,Supportive,8,Life Transition
"I feel a sense of peace today. The world is calm, and I’m content just being in the moment. 🌸",Serenity,"['Contentment', 'Tranquility']","['Reflection on stillness', 'Commitment to mindfulness']",Positive,Reverent,8,Nature
"I’ve been thinking a lot about the future. There’s a mix of hope, but also fear of what’s to come. 🌱",Hope,"['Fear', 'Anticipation']","['Reflection on change', 'Commitment to growth']",Mixed,Conflicted,7,Personal Growth
I feel like I’m constantly second-guessing myself. It’s hard to trust my own decisions. 😓,Insecurity,"['Doubt', 'Frustration']","['Reflection on self-worth', 'Commitment to self-trust']",Negative,Supportive,8,Career
"I feel a mix of relief and sadness. I’m leaving an old chapter behind, but I’m not sure if I’m ready for this new one. 📖",Bittersweetness,"['Sadness', 'Relief']","['Reflection on transitions', 'Commitment to embracing change']",Mixed,Reflective,8,Life Transition
"It’s a typical day. Nothing special, but that’s okay. I’m fine with just going through the motions. 🕰️",Neutral,"['Indifference', 'Contentment']","['Reflection on routine', 'Commitment to simplicity']",Neutral,Indifferent,5,Everyday Life
"Today’s been pretty average. Nothing exciting or terrible happened, just another day in the routine. 😐",Neutral,"['Indifference', 'Contentment']","['Reflection on routine', 'Commitment to balance']",Neutral,Indifferent,5,Everyday Life
I’m feeling overwhelmed by all the things I need to do. It’s hard to keep up with everything right now. 🌀,Overwhelm,"['Stress', 'Frustration']","['Reflection on workload', 'Commitment to stress management']",Negative,Reassuring,9,Work
"I’ve been thinking a lot about my past decisions. There’s regret, but also a sense of learning from it. 😔",Regret,"['Sadness', 'Reflection']","['Reflection on actions', 'Commitment to growth']",Mixed,Reflective,8,Self-Reflection
"I’m ready for a change, but I’m also scared. Change can be so unsettling, even if I know it’s necessary. 🔄",Uncertainty,"['Fear', 'Anticipation']","['Reflection on change', 'Commitment to growth']",Mixed,Conflicted,7,Career
"I just want to relax, but I can’t seem to shut my mind off. There’s a constant buzz of anxiety. 😣",Anxiety,"['Restlessness', 'Frustration']","['Reflection on mental health', 'Commitment to calmness']",Negative,Reassuring,9,Personal Growth
I feel so lucky to have such supportive friends. It really makes all the difference when life gets tough. 💖,Gratitude,"['Relief', 'Connection']","['Reflection on relationships', 'Commitment to kindness']",Positive,Affectionate,8,Friendship
"I’m exhausted after a long week, but I’m proud of what I accomplished. It feels good to unwind. 🛋️",Pride,"['Relief', 'Satisfaction']","['Reflection on achievements', 'Commitment to self-care']",Positive,Empowering,7,Career
"I can’t help but feel frustrated with how things are going. It’s like no matter how hard I try, things don’t change. 😤",Frustration,"['Exhaustion', 'Hopelessness']","['Reflection on struggles', 'Commitment to perseverance']",Negative,Supportive,8,Self-Reflection
I’m caught between feeling optimistic and worrying about all the things that could go wrong. I just want to get through it. 🤞,Hope,"['Fear', 'Apprehension']","['Reflection on uncertainty', 'Commitment to courage']",Mixed,Conflicted,8,Life Transition
"I don’t know what the right answer is, and that’s okay. Sometimes being unsure is part of the journey. 🤷‍♀️",Uncertainty,"['Indecision', 'Contentment']","['Reflection on ambiguity', 'Commitment to acceptance']",Neutral,Indifferent,6,Self-Reflection
I feel like I’ve been stuck in a cycle of negativity. I need something to break me out of this mindset. 😔,Hopelessness,"['Frustration', 'Sadness']","['Reflection on mental state', 'Commitment to healing']",Negative,Supportive,9,Self-Reflection
"I don’t really know where I’m headed, but I’m trying to enjoy the journey. It’s all a bit uncertain. 🚶‍♂️",Ambivalence,"['Hope', 'Doubt']","['Reflection on uncertainty', 'Commitment to exploration']",Mixed,Conflicted,7,Personal Growth
"I went for a walk today, and it was just fine—nothing extraordinary, but nice. The weather was pleasant enough. 🌤️",Neutral,"['Contentment', 'Indifference']","['Reflection on simplicity', 'Commitment to mindfulness']",Neutral,Indifferent,5,Everyday Life
"I’m feeling exhausted but determined. There’s so much to do, but I’ll get through it. 💪",Exhaustion,"['Frustration', 'Determination']","['Reflection on workload', 'Commitment to perseverance']",Negative,Reassuring,9,Career
"I can't shake the feeling of regret. If I had done things differently, maybe it would have turned out better. 😔",Regret,"['Sadness', 'Disappointment']","['Reflection on mistakes', 'Commitment to learning']",Negative,Supportive,9,Relationships
"I’m going to try something new, even though it’s a bit intimidating. Change is scary but necessary. 🌱",Fear,"['Excitement', 'Apprehension']","['Reflection on opportunity', 'Commitment to growth']",Mixed,Conflicted,7,Personal Growth
I don’t really know what to think right now. Everything feels up in the air. 🤷‍♂️,Ambivalence,"['Uncertainty', 'Indecision']","['Reflection on confusion', 'Commitment to clarity']",Ambiguous,Conflicted,6,Self-Reflection
"Even on tough days, I remember to find something to be grateful for. It's all about perspective. 🌻",Gratitude,"['Contentment', 'Reflection']","['Reflection on life', 'Commitment to positivity']",Positive,Affectionate,8,Personal Growth
"I feel like I’m spinning my wheels. No matter how much I do, I’m not making real progress. 😞",Frustration,"['Exhaustion', 'Helplessness']","['Reflection on stagnation', 'Commitment to change']",Negative,Supportive,8,Work
I’ve been really enjoying the quiet moments lately. They give me time to just breathe and reflect. 🧘‍♀️,Serenity,"['Gratitude', 'Reflection']","['Reflection on peace', 'Commitment to mindfulness']",Positive,Reverent,7,Nature
I'm constantly comparing myself to others. It's hard not to feel inadequate when I see what everyone else is doing. 😞,Insecurity,"['Jealousy', 'Frustration']","['Reflection on self-worth', 'Commitment to self-improvement']",Negative,Supportive,8,Social Media
"I’m feeling more confident in myself lately, even though I’m still figuring things out. It’s a good feeling. ✨",Confidence,"['Gratitude', 'Excitement']","['Reflection on growth', 'Commitment to self-empowerment']",Positive,Empowering,8,Personal Growth
"I feel disconnected from the world lately, like I’m watching everything happen from the outside. 🥺",Loneliness,"['Sadness', 'Longing']","['Reflection on isolation', 'Commitment to connection']",Negative,Supportive,9,Relationships
"It's not the best day, but it's not the worst either. Just...existing. 🥱",Neutral,"['Indifference', 'Contentment']","['Reflection on indifference', 'Commitment to acceptance']",Neutral,Indifferent,5,Everyday Life
"I’m not sure what to do next. Everything feels uncertain, but I’ll figure it out as I go. 🤷‍♂️",Uncertainty,"['Confusion', 'Anxiety']","['Reflection on decisions', 'Commitment to adaptability']",Ambiguous,Conflicted,6,Personal Growth
"I’ve been so busy with work lately, I barely have time for anything else. I just need a breather. 🏃‍♂️",Exhaustion,"['Frustration', 'Overwhelm']","['Reflection on workload', 'Commitment to self-care']",Negative,Reassuring,9,Work
"It’s just one of those days where everything seems fine, but nothing stands out. I feel kind of neutral about it. 😐",Neutral,"['Indifference', 'Contentment']","['Reflection on calmness', 'Commitment to acceptance']",Neutral,Indifferent,5,Everyday Life
"The fear of failure is creeping in again. I’m trying to push through, but it’s hard not to feel stuck. 😣",Fear,"['Insecurity', 'Apprehension']","['Reflection on risk', 'Commitment to courage']",Negative,Reassuring,8,Career
"I think I’ve made peace with the way things are. There’s still room for improvement, but I’m not stressing about it anymore. 🌿",Serenity,"['Contentment', 'Gratitude']","['Reflection on peace', 'Commitment to mindfulness']",Positive,Reverent,7,Self-Reflection
I’m dealing with so much lately that I just want to hide away and not face it all. It’s a lot. 🏚️,Overwhelm,"['Stress', 'Helplessness']","['Reflection on pressure', 'Commitment to self-compassion']",Negative,Supportive,9,Work
I feel like I’m not connecting with anyone lately. I miss the kind of conversations where you can just be yourself. 🥺,Loneliness,"['Sadness', 'Longing']","['Reflection on relationships', 'Commitment to connection']",Negative,Supportive,9,Relationships
"I just completed a big project at work, and now I can take a breath. It feels good to have it done. 🎉",Pride,"['Relief', 'Excitement']","['Reflection on achievement', 'Commitment to success']",Positive,Empowering,8,Career
"I’m in a bit of a dilemma right now, torn between two options. I just don’t know what to choose. 🤔",Indecision,"['Uncertainty', 'Doubt']","['Reflection on choices', 'Commitment to clarity']",Ambiguous,Conflicted,7,Career
"I’m just going through the motions today. Everything’s fine, but nothing feels exciting. 💤",Neutral,"['Indifference', 'Contentment']","['Reflection on routine', 'Commitment to acceptance']",Neutral,Indifferent,6,Everyday Life
I’ve been struggling with my self-esteem lately. I keep questioning if I’m good enough for this role. 😔,Insecurity,"['Doubt', 'Frustration']","['Reflection on self-worth', 'Commitment to confidence']",Negative,Supportive,8,Career
"I’ve had better days, but today’s not so bad. It’s just a regular day, really. 🌞",Neutral,"['Contentment', 'Indifference']","['Reflection on balance', 'Commitment to acceptance']",Neutral,Indifferent,6,Everyday Life
"I'm not really feeling one way or another about today. It's just another day, nothing too exciting or disappointing. 🤔",Neutral,"['Indifference', 'Contentment']","['Reflection on routine', 'Commitment to balance']",Neutral,Indifferent,5,Everyday Life
"I’m struggling with being stuck in the same place, but I guess it’s just part of the journey. I feel lost but trying to stay hopeful. 🤷‍♂️",Insecurity,"['Frustration', 'Hope']","['Reflection on personal growth', 'Commitment to self-improvement']",Negative,Supportive,8,Personal Growth
"It’s like I’m in a whirlwind of change, and I don’t know if I’m ready for it. The excitement and fear are mixed. 😬",Excitement,"['Fear', 'Anticipation']","['Reflection on risk', 'Commitment to facing challenges']",Mixed,Conflicted,8,Career
"It’s hard to say what I’m really feeling. Some days are good, some not so much. I guess today is just one of those middle days. 😶",Neutral,"['Indifference', 'Contentment']","['Reflection on emotional balance', 'Commitment to mindfulness']",Neutral,Indifferent,5,Everyday Life
"I can’t stop thinking about my mistakes. I wish I could go back and undo them, but all I can do now is learn from them. 😔",Regret,"['Sadness', 'Frustration']","['Reflection on past actions', 'Commitment to self-forgiveness']",Negative,Supportive,9,Relationships
"I’m excited for what’s ahead, but there’s this lingering anxiety about the unknown. I want to go for it, but what if I fail? 😟",Excitement,"['Anxiety', 'Fear']","['Reflection on change', 'Commitment to overcoming fear']",Mixed,Conflicted,8,Personal Growth
"I’ve had a lot of stress lately, and it feels like it’s taking a toll. I don’t even feel like doing anything anymore. 😞",Stress,"['Exhaustion', 'Helplessness']","['Reflection on burnout', 'Commitment to self-care']",Negative,Reassuring,9,Work
"I guess I feel okay about everything. Things could be better, but they could also be worse. Just getting by. 🤷‍♀️",Neutral,"['Contentment', 'Indifference']","['Reflection on stability', 'Commitment to acceptance']",Neutral,Indifferent,6,Everyday Life
"It feels like I’m always chasing something I can’t quite reach. I’m happy with what I have, but there’s this lingering feeling of dissatisfaction. 😔",Dissatisfaction,"['Longing', 'Frustration']","['Reflection on goals', 'Commitment to contentment']",Ambiguous,Reflective,7,Self-Reflection
"Sometimes, it’s hard to tell whether I’m doing okay or not. It feels like I’m in limbo, neither here nor there. 🤔",Indecision,"['Confusion', 'Uncertainty']","['Reflection on choices', 'Commitment to clarity']",Ambiguous,Conflicted,7,Personal Growth
"I just feel stuck in a cycle. I can’t seem to get out, no matter how hard I try. It’s frustrating. 😓",Frustration,"['Exhaustion', 'Hopelessness']","['Reflection on failure', 'Commitment to perseverance']",Negative,Reassuring,9,Work
"I woke up feeling a bit off today. It's not that anything's wrong, just kind of neutral, you know? 😐",Neutral,"['Indifference', 'Contentment']","['Reflection on mood', 'Commitment to balance']",Neutral,Indifferent,5,Everyday Life
"I can't help but feel a little disappointed with how things turned out. I tried my best, but it just wasn’t enough. 😔",Disappointment,"['Sadness', 'Frustration']","['Reflection on effort', 'Commitment to perseverance']",Negative,Supportive,8,Career
"I finally got the promotion I wanted, but now I feel this pressure to perform even better. It's exciting, but also overwhelming. 😅",Excitement,"['Stress', 'Pride']","['Reflection on success', 'Commitment to growth']",Mixed,Conflicted,8,Career
"I've been feeling like everything is going great, but sometimes I wonder if it's all too good to be true. I'm trying to enjoy it, but the worry lingers. 🤨",Anxiety,"['Excitement', 'Fear']","['Reflection on success', 'Commitment to balance']",Mixed,Conflicted,7,Personal Growth
"I'm trying to find peace in the chaos, but today feels like it's all a bit much. I’m ready for things to calm down, but also, I don’t know if that will happen soon. 🌀",Stress,"['Overwhelm', 'Uncertainty']","['Reflection on pressure', 'Commitment to mindfulness']",Negative,Reassuring,9,Work
"It’s been a strange day—part of me is happy, but another part feels like something’s missing. It's like I'm not entirely sure what I need. 😕",Confusion,"['Frustration', 'Nostalgia']","['Reflection on dissatisfaction', 'Commitment to clarity']",Ambiguous,Reflective,7,Self-Reflection
"There’s something calming about the quiet of the morning. I’m not doing anything, just existing, and it feels good to simply be here. 🌅",Serenity,"['Gratitude', 'Peace']","['Reflection on stillness', 'Commitment to tranquility']",Positive,Reverent,8,Nature
"I’ve been feeling stuck lately, like I’m making the same mistakes over and over again. I don’t know what to do anymore. 😔",Frustration,"['Sadness', 'Self-doubt']","['Reflection on failure', 'Commitment to improvement']",Negative,Supportive,9,Personal Growth
"Today was just one of those days where everything felt like a blur. I didn’t feel excited or upset, just... there. 🤷‍♂️",Neutral,"['Indifference', 'Contentment']","['Reflection on routine', 'Commitment to balance']",Neutral,Indifferent,5,Everyday Life
"I feel like I’ve been running in circles lately. Every time I think I’ve figured something out, another challenge pops up. It’s exhausting. 😩",Exhaustion,"['Frustration', 'Hopelessness']","['Reflection on struggle', 'Commitment to perseverance']",Negative,Supportive,9,Work
"There’s a lot of tension at work, but I’m trying to stay neutral and not let it get to me. It’s hard to stay out of it, but I’m doing my best. 🤐",Neutral,"['Indifference', 'Concern']","['Reflection on workplace dynamics', 'Commitment to detachment']",Neutral,Indifferent,6,Work
"It’s one of those days where everything is fine, but I just feel so emotionally drained. I don’t have any big issues, but it’s hard to stay positive. 💤",Exhaustion,"['Frustration', 'Indifference']","['Reflection on tiredness', 'Commitment to self-care']",Negative,Reassuring,8,Everyday Life
"I don’t really know how I feel today. Everything feels a bit off, but I’m not sure what’s causing it. It’s kind of like a quiet confusion. 😕",Confusion,"['Indifference', 'Uncertainty']","['Reflection on fogginess', 'Commitment to clarity']",Neutral,Indifferent,6,Self-Reflection
"I got a little praise at work, but it’s hard to accept it fully. I feel like I should’ve done more, even though I’m happy about the recognition. 😐",Self-doubt,"['Pride', 'Insecurity']","['Reflection on self-worth', 'Commitment to personal growth']",Mixed,Conflicted,7,Career
"It feels like everything I do is starting to pay off, but I’m also scared that it could all fall apart at any moment. Can I really trust this success? 🧐",Uncertainty,"['Excitement', 'Fear']","['Reflection on achievement', 'Commitment to overcoming fear']",Mixed,Conflicted,8,Personal Growth
"I feel really thankful for everything I have, but at the same time, it feels like something’s missing. Why do I feel so unfulfilled? 🤷‍♂️",Gratitude,"['Longing', 'Confusion']","['Reflection on personal growth', 'Commitment to mindfulness']",Mixed,Reflective,7,Everyday Life
"I’m trying to be content with where I am, but it’s hard not to compare myself to others. Sometimes I wonder if I’m doing enough with my life. 😟",Insecurity,"['Frustration', 'Self-doubt']","['Reflection on comparison', 'Commitment to self-compassion']",Negative,Supportive,9,Self-Reflection
"I felt a sense of pride after completing a big project, but as soon as I finished, I started doubting if I could do the next one just as well. 😰",Pride,"['Anxiety', 'Fear']","['Reflection on success', 'Commitment to future growth']",Mixed,Conflicted,8,Career
There’s something peaceful about being alone in nature. I feel more connected to the world around me. It’s a quiet kind of happiness. 🌲,Serenity,"['Gratitude', 'Peace']","['Reflection on solitude', 'Commitment to mindfulness']",Positive,Reverent,8,Nature
"I tried to remain calm during the chaos today, but I couldn’t shake the stress. It felt like everything was happening all at once. 😖",Stress,"['Frustration', 'Overwhelm']","['Reflection on pressure', 'Commitment to composure']",Negative,Reassuring,9,Work
"I’m feeling a little more optimistic about the future, but I’m still hesitant. It’s hard to fully embrace change when it feels so uncertain. 🤞",Hope,"['Anxiety', 'Excitement']","['Reflection on transition', 'Commitment to courage']",Mixed,Conflicted,7,Personal Growth
"I’m feeling a little detached today. Everything is fine, but I just don’t have the energy to engage. Maybe I just need a little break. 🛋️",Indifference,"['Tiredness', 'Boredom']","['Reflection on self-care', 'Commitment to recharging']",Neutral,Detached,6,Everyday Life
"I did a lot of work today, but there’s still so much to do. It’s overwhelming, but I can’t give up. Why does it feel like I’m always behind? 🏃‍♀️",Frustration,"['Exhaustion', 'Overwhelm']","['Reflection on work-life balance', 'Commitment to persistence']",Negative,Supportive,9,Career
"I’m really enjoying these quiet moments alone, but I can’t shake the feeling that I should be doing something more productive. It’s a weird mix of peace and guilt. 😔",Guilt,"['Contentment', 'Nostalgia']","['Reflection on self-worth', 'Commitment to finding balance']",Mixed,Conflicted,8,Self-Reflection
"There’s so much uncertainty about the future, but I’m excited to see where things go. I’m nervous, but also hopeful. I guess this is what stepping into the unknown feels like. 😬✨",Excitement,"['Fear', 'Hope']","['Reflection on new opportunities', 'Commitment to facing fear']",Mixed,Conflicted,8,Personal Growth
"Sometimes I wish I could stop comparing myself to others, but it’s hard when it feels like everyone around me is ahead. I need to remind myself that I’m on my own journey. 😓",Insecurity,"['Frustration', 'Doubt']","['Reflection on personal growth', 'Commitment to self-compassion']",Negative,Supportive,9,Social Media
"I feel like I’ve made so much progress in my life, but sometimes I still doubt if I’m doing enough. It’s hard not to feel like I’m falling short. 😓",Self-doubt,"['Guilt', 'Frustration']","['Reflection on self-worth', 'Commitment to perseverance']",Negative,Reassuring,8,Career
"I’m proud of how far I’ve come, but there’s always this lingering fear that I’ll never reach my full potential. Why do I always feel like something is missing? 🤔",Pride,"['Fear', 'Frustration']","['Reflection on ambition', 'Commitment to growth']",Mixed,Conflicted,8,Personal Growth
"I’m grateful for the quiet moments when I can just reflect. Life’s not perfect, but it’s enough for now. I’m learning to appreciate the small things. 🙏",Gratitude,"['Serenity', 'Contentment']","['Reflection on life’s simple joys', 'Commitment to mindfulness']",Positive,Reverent,7,Everyday Life
"I’ve been feeling so disconnected from my friends lately. It’s like we’re all living separate lives now, and it makes me feel a little sad. 😢",Loneliness,"['Sadness', 'Longing']","['Reflection on relationships', 'Commitment to connection']",Negative,Supportive,9,Relationships
"I’m so nervous about my upcoming presentation. I’m excited for it, but I can’t shake the feeling that I might mess up. I guess that’s just how it goes, huh? 😬",Anxiety,"['Excitement', 'Fear']","['Reflection on performance', 'Commitment to overcoming anxiety']",Mixed,Conflicted,8,Career
"It’s one of those days where everything feels like a little victory. I’m in a good mood, but I know it could all come crashing down. I guess I’m just enjoying the ride. ✨",Happiness,"['Gratitude', 'Nostalgia']","['Reflection on good moments', 'Commitment to savoring the present']",Positive,Empowering,8,Personal Growth
"I’ve been feeling overwhelmed with everything on my plate. I’m not sure where to start, but I’ll find a way to keep going. 🌀",Overwhelm,"['Stress', 'Anxiety']","['Reflection on work-life balance', 'Commitment to perseverance']",Negative,Reassuring,9,Career
"It’s a slow day, but that’s okay. I’m not feeling sad or happy, just kind of existing. 💤",Neutrality,"['Boredom', 'Tiredness']","['Reflection on routine', 'Commitment to simplicity']",Neutral,Detached,5,Everyday Life
"I’m not sure what to think about everything that’s going on. Part of me feels excited, but another part is unsure. 🤔",Indecision,"['Fear', 'Excitement']","['Reflection on choices', 'Commitment to clarity']",Ambiguous,Conflicted,7,Personal Growth
"Even though I have a lot on my mind, I’m grateful for the moments of peace I get. They remind me of the importance of balance. 🙏",Gratitude,"['Serenity', 'Contentment']","['Reflection on balance', 'Commitment to mindfulness']",Positive,Reverent,8,Everyday Life
I’m feeling a mix of excitement and fear about the future. It’s both thrilling and scary at the same time. 😬,Excitement,"['Fear', 'Anticipation']","['Reflection on change', 'Commitment to courage']",Mixed,Conflicted,8,Personal Growth
"I really wish I could relax and enjoy the moment, but my mind keeps wandering to all the things I have to do. 😔",Insecurity,"['Anxiety', 'Restlessness']","['Reflection on self-doubt', 'Commitment to relaxation']",Negative,Supportive,9,Career
"I made a mistake today and I can’t stop thinking about it. I wish I could just move on, but it keeps bugging me. 😞",Regret,"['Sadness', 'Frustration']","['Reflection on actions', 'Commitment to self-forgiveness']",Negative,Supportive,9,Self-Reflection
"I’m starting to get a sense of clarity. Things are slowly coming together, but there’s still some uncertainty lingering. 🤞",Hope,"['Anticipation', 'Apprehension']","['Reflection on growth', 'Commitment to trust the process']",Mixed,Conflicted,7,Personal Growth
"I’m feeling stuck. I can’t shake this feeling that I’m not progressing, and it’s making me doubt myself. 😞",Self-doubt,"['Frustration', 'Insecurity']","['Reflection on progress', 'Commitment to self-compassion']",Negative,Supportive,9,Career
"Today was surprisingly peaceful. I didn’t have to rush, and it felt nice to just go at my own pace. 🌿",Serenity,"['Contentment', 'Gratitude']","['Reflection on simplicity', 'Commitment to mindfulness']",Positive,Reverent,7,Everyday Life
"I’ve been working non-stop, but it doesn’t feel like I’m getting anywhere. It’s frustrating and a bit disheartening. 🕰️",Frustration,"['Exhaustion', 'Doubt']","['Reflection on effort', 'Commitment to perseverance']",Negative,Reassuring,8,Career
I can’t help but feel like everyone else is succeeding while I’m stuck in the same place. It’s hard not to compare myself. 😔,Insecurity,"['Frustration', 'Doubt']","['Reflection on comparison', 'Commitment to self-worth']",Negative,Supportive,9,Social Media
"I’m starting to feel like I’m making progress in my career. It’s exciting, but also a little intimidating. 😅",Excitement,"['Anticipation', 'Fear']","['Reflection on growth', 'Commitment to growth']",Mixed,Conflicted,8,Career
"There are moments where I feel at peace with myself, but then the doubts creep in. It’s like a constant battle in my mind. 🧠",Self-doubt,"['Insecurity', 'Frustration']","['Reflection on self-worth', 'Commitment to self-compassion']",Negative,Supportive,8,Self-Reflection
Today was one of those days where everything felt like a small win. I’m feeling pretty good about it. ✨,Happiness,"['Gratitude', 'Satisfaction']","['Reflection on accomplishments', 'Commitment to positivity']",Positive,Empowering,8,Personal Growth
"I’ve been feeling like something is missing in my life, but I don’t know what it is. It’s a strange feeling. 🤷‍♀️",Longing,"['Sadness', 'Uncertainty']","['Reflection on fulfillment', 'Commitment to self-discovery']",Mixed,Reflective,7,Self-Reflection
I’ve been thinking a lot about the future lately. It’s both exciting and terrifying to think about what’s ahead. 😬,Excitement,"['Fear', 'Anticipation']","['Reflection on the future', 'Commitment to possibility']",Mixed,Conflicted,8,Personal Growth
I’m not feeling particularly happy or sad today. It’s just one of those neutral days where I’m going through the motions. 💤,Neutrality,"['Indifference', 'Boredom']","['Reflection on routine', 'Commitment to simplicity']",Neutral,Detached,5,Everyday Life
"I’ve been feeling like I’m just going through the motions. Things aren’t bad, but they’re not great either. Just neutral. 🤷‍♂️",Neutrality,"['Apathy', 'Indifference']","['Reflection on life', 'Commitment to contentment']",Neutral,Detached,6,Personal Growth
"There’s a lot on my plate, but I’m handling it okay. I’m not stressed, just a bit tired. Just a regular day. 🛋️",Neutrality,"['Tiredness', 'Indifference']","['Reflection on workload', 'Commitment to balance']",Neutral,Detached,6,Career
"I’m not sure how to feel about this job offer. It seems good, but I’m hesitant and uncertain about the future. 😕",Uncertainty,"['Doubt', 'Fear']","['Reflection on decisions', 'Commitment to self-trust']",Ambiguous,Conflicted,8,Career
I’m still not sure if I made the right decision. I feel torn between two choices. 🤔,Indecision,"['Confusion', 'Fear']","['Reflection on choices', 'Commitment to clarity']",Ambiguous,Conflicted,7,Personal Growth
"I don’t feel bad, but I don’t feel great either. It’s just one of those in-between days. 🌧️",Neutrality,"['Apathy', 'Tiredness']","['Reflection on self-care', 'Commitment to simplicity']",Neutral,Detached,5,Everyday Life
"Things are kind of chaotic at work. I’m doing my best to keep up, but I can’t seem to catch a break. 😩",Frustration,"['Exhaustion', 'Stress']","['Reflection on workload', 'Commitment to persistence']",Negative,Supportive,9,Career
"I keep second-guessing myself. I thought I had everything figured out, but now I’m not so sure. 😟",Self-doubt,"['Insecurity', 'Frustration']","['Reflection on self-worth', 'Commitment to growth']",Negative,Reassuring,8,Career
I’m feeling pretty overwhelmed by everything I need to do. It feels like there’s just too much going on right now. 😔,Overwhelm,"['Stress', 'Frustration']","['Reflection on time management', 'Commitment to rest']",Negative,Supportive,9,Career
"I feel like I’m not making enough progress. Everything takes longer than expected, and it’s frustrating. 😓",Frustration,"['Exhaustion', 'Self-doubt']","['Reflection on effort', 'Commitment to perseverance']",Negative,Supportive,9,Self-Reflection
"I’m grateful for the simple things in life, but sometimes I wish things were a little more exciting. 🌱",Gratitude,"['Contentment', 'Longing']","['Reflection on simplicity', 'Commitment to balance']",Mixed,Reflective,7,Everyday Life
"I’m not sure what’s going on, but I’m starting to feel a bit disconnected from everything and everyone. 😞",Loneliness,"['Sadness', 'Longing']","['Reflection on relationships', 'Commitment to connection']",Negative,Supportive,9,Relationships
I keep feeling like I’m missing something important. It’s frustrating not knowing what it is. 🤔,Confusion,"['Frustration', 'Doubt']","['Reflection on life', 'Commitment to clarity']",Negative,Supportive,8,Self-Reflection
"I’m really trying to stay positive, but there’s so much going wrong right now. It’s hard not to get discouraged. 😔",Discouragement,"['Frustration', 'Sadness']","['Reflection on setbacks', 'Commitment to resilience']",Negative,Reassuring,9,Career
"I feel so proud of how much I’ve accomplished this year. It hasn’t been easy, but I’m making progress. 💪",Pride,"['Accomplishment', 'Gratitude']","['Reflection on success', 'Commitment to personal growth']",Positive,Empowering,8,Personal Growth
It’s one of those days where everything seems to be going right. I’m feeling content and at peace with myself. 🌸,Contentment,"['Gratitude', 'Serenity']","['Reflection on joy', 'Commitment to gratitude']",Positive,Reverent,8,Everyday Life
"I’m really excited about the future, but it’s hard not to feel a little nervous too. It’s a weird mix of emotions. 😬",Excitement,"['Fear', 'Anticipation']","['Reflection on possibilities', 'Commitment to courage']",Mixed,Conflicted,8,Personal Growth
"I’m feeling pretty good today, but I keep wondering if I’m really doing enough to move forward. 😕",Insecurity,"['Doubt', 'Frustration']","['Reflection on growth', 'Commitment to self-compassion']",Negative,Supportive,8,Self-Reflection
"Today was filled with little victories. I feel good about myself, but I can’t help but wonder if I’m doing it right. 😅",Pride,"['Satisfaction', 'Gratitude']","['Reflection on success', 'Commitment to positivity']",Positive,Empowering,8,Personal Growth
"I feel like everything’s on track, but it still doesn’t feel quite right. I’m not sure what’s missing. 🤷‍♂️",Uncertainty,"['Doubt', 'Confusion']","['Reflection on progress', 'Commitment to self-awareness']",Mixed,Conflicted,7,Personal Growth
"Today was okay. Not amazing, not terrible. Just one of those middle-of-the-road days. 💤",Neutrality,"['Indifference', 'Apathy']","['Reflection on routine', 'Commitment to simplicity']",Neutral,Detached,5,Everyday Life
I’m so tired from work. I feel like I haven’t had a break in forever. But I know I just need to push through. 😓,Exhaustion,"['Frustration', 'Overwhelm']","['Reflection on burnout', 'Commitment to self-care']",Negative,Supportive,9,Career
"I have so many tasks to finish, but there’s no motivation left in me. I just want to curl up and do nothing. 😴",Apathy,"['Exhaustion', 'Frustration']","['Reflection on burnout', 'Commitment to rest']",Negative,Supportive,9,Career
"I’m unsure if I should take this new opportunity. It seems like the right move, but I’m afraid of making a mistake. 🤔",Indecision,"['Fear', 'Doubt']","['Reflection on risk', 'Commitment to clarity']",Ambiguous,Conflicted,8,Career
"I feel good today, but I’m always worried about how long this feeling will last. It’s a little unsettling. 😕",Insecurity,"['Anxiety', 'Doubt']","['Reflection on self-worth', 'Commitment to stability']",Negative,Supportive,8,Self-Reflection
"I’m so proud of the work I’ve done, but I still feel like there’s so much left to do. It’s a constant pressure. 💪",Pride,"['Frustration', 'Doubt']","['Reflection on ambition', 'Commitment to growth']",Mixed,Conflicted,8,Career
It feels like everything’s going wrong today. I’m just so tired of trying. 😔,Frustration,"['Exhaustion', 'Sadness']","['Reflection on struggles', 'Commitment to perseverance']",Negative,Reassuring,9,Career
I feel so connected to my friends today. It’s a good reminder that I’m not alone in this. 😊,Gratitude,"['Contentment', 'Joy']","['Reflection on relationships', 'Commitment to connection']",Positive,Affectionate,7,Relationships
"I’m thankful for today’s moments of peace, even though they’re fleeting. It’s nice to pause for a moment. 🙏",Gratitude,"['Serenity', 'Contentment']","['Reflection on simplicity', 'Commitment to mindfulness']",Positive,Reverent,8,Everyday Life
"I keep thinking about how things could be different, but it feels like no matter what I do, I’ll always end up in the same place. 😔",Hopelessness,"['Sadness', 'Frustration']","['Reflection on failure', 'Commitment to moving forward']",Negative,Supportive,9,Self-Reflection
"I’ve been thinking a lot about my future and where I want to go. I feel excited, but also a bit scared. 🎢",Excitement,"['Fear', 'Hope']","['Reflection on possibilities', 'Commitment to courage']",Mixed,Conflicted,8,Personal Growth
"I’m feeling okay, but not sure if that’s enough. I guess it’s better than feeling bad, right? 😐",Neutrality,"['Indifference', 'Acceptance']","['Reflection on contentment', 'Commitment to calm']",Neutral,Detached,6,Everyday Life
I’m feeling more motivated than usual today. I’m determined to keep going and see this project through. 💪,Determination,"['Excitement', 'Confidence']","['Reflection on effort', 'Commitment to achievement']",Positive,Empowering,8,Career
"I’m nervous about the changes coming my way, but I know I need to embrace them. It’s scary, but maybe it’s what I need. 😬",Fear,"['Excitement', 'Apprehension']","['Reflection on change', 'Commitment to growth']",Mixed,Conflicted,8,Personal Growth
"It feels like I’ve done everything right, but I still can’t shake the feeling that something’s missing. 🤔",Doubt,"['Frustration', 'Sadness']","['Reflection on decisions', 'Commitment to clarity']",Negative,Supportive,9,Self-Reflection
"I’ve been feeling disconnected lately. It’s not a bad thing, but it’s definitely a little unsettling. 😐",Indifference,"['Loneliness', 'Uncertainty']","['Reflection on solitude', 'Commitment to inner peace']",Neutral,Detached,6,Relationships
"I'm feeling pretty neutral today. Nothing exciting, but nothing bad either. Just another regular day. 😐",Neutrality,"['Indifference', 'Apathy']","['Reflection on routine', 'Commitment to simplicity']",Neutral,Detached,6,Everyday Life
"I feel like everything is just too much. I’m behind on everything, and it feels like I’m always running to catch up. 😩",Frustration,"['Exhaustion', 'Overwhelm']","['Reflection on work-life balance', 'Commitment to persistence']",Negative,Supportive,9,Career
"I’m feeling hopeful about the future, but there’s still that nagging fear of what could go wrong. 🤔",Hope,"['Fear', 'Anxiety']","['Reflection on opportunity', 'Commitment to overcoming fear']",Mixed,Conflicted,8,Personal Growth
"I’m so proud of myself for getting through a tough week. It wasn’t easy, but I made it through. 💪",Pride,"['Relief', 'Exhaustion']","['Reflection on strength', 'Commitment to perseverance']",Positive,Empowering,8,Career
I’ve been feeling a little disconnected from my friends. I miss the good old times when we used to hang out all the time. 😞,Loneliness,"['Sadness', 'Nostalgia']","['Reflection on relationships', 'Commitment to reconnecting']",Negative,Supportive,9,Relationships
"I can’t seem to stop worrying about everything. I know I should take a break, but my mind just won’t shut off. 🧠",Anxiety,"['Overthinking', 'Fear']","['Reflection on stress', 'Commitment to relaxation']",Negative,Reassuring,9,Self-Reflection
"I’m feeling a bit low today. It’s hard to explain, but everything just feels a little off. 😔",Sadness,"['Exhaustion', 'Loneliness']","['Reflection on mood', 'Commitment to self-compassion']",Negative,Supportive,8,Everyday Life
"I’m grateful for today’s little wins, even if they seem small. I’m learning to appreciate the small things more. 🙏",Gratitude,"['Contentment', 'Serenity']","['Reflection on mindfulness', 'Commitment to positivity']",Positive,Affectionate,7,Everyday Life
"There’s a lot of uncertainty around me, and it’s hard to see the path forward. But I’m doing my best to stay optimistic. 🤷‍♀️",Uncertainty,"['Fear', 'Hope']","['Reflection on change', 'Commitment to resilience']",Mixed,Conflicted,8,Personal Growth
"I just want to be left alone today. Everything feels overwhelming, and I just need some space to breathe. 😤",Frustration,"['Overwhelm', 'Annoyance']","['Reflection on boundaries', 'Commitment to self-care']",Negative,Supportive,9,Self-Reflection
"I’m really happy with how things are going in my career. It’s not perfect, but it’s a step in the right direction. 😄",Happiness,"['Pride', 'Relief']","['Reflection on achievement', 'Commitment to growth']",Positive,Empowering,8,Career
"I feel like I’m stuck in a loop, just going through the motions without making real progress. 😔",Frustration,"['Helplessness', 'Boredom']","['Reflection on self-growth', 'Commitment to breaking free']",Negative,Supportive,9,Self-Reflection
"I’m excited about the possibilities ahead, but there’s a part of me that’s scared to take that first step. It’s so hard to get started. 😬",Excitement,"['Fear', 'Anticipation']","['Reflection on change', 'Commitment to courage']",Mixed,Conflicted,8,Personal Growth
"I’m not sure how I feel right now. It’s not a bad day, but it’s not great either. Just kind of neutral. 🤔",Neutrality,"['Indifference', 'Acceptance']","['Reflection on contentment', 'Commitment to balance']",Neutral,Detached,6,Everyday Life
"I’m having a really hard time with everything right now. It’s overwhelming, and I don’t feel like I have the strength to keep going. 😔",Overwhelm,"['Frustration', 'Sadness']","['Reflection on stress', 'Commitment to relief']",Negative,Reassuring,9,Career
"I feel like I’ve learned so much this year. It’s been challenging, but I’m proud of how far I’ve come. 🎉",Pride,"['Gratitude', 'Relief']","['Reflection on growth', 'Commitment to progress']",Positive,Empowering,8,Personal Growth
I feel completely disconnected from everyone lately. It’s like we’re all just drifting apart. 😞,Loneliness,"['Sadness', 'Longing']","['Reflection on relationships', 'Commitment to connection']",Negative,Supportive,9,Relationships
"I’ve been so tired lately. Everything feels like a struggle, but I just keep pushing through. 😓",Exhaustion,"['Frustration', 'Overwhelm']","['Reflection on fatigue', 'Commitment to rest']",Negative,Supportive,9,Everyday Life
"I just don’t feel like doing anything today. It’s not a bad day, just one of those days where I’m content with doing nothing. 😌",Neutrality,"['Indifference', 'Contentment']","['Reflection on rest', 'Commitment to self-care']",Neutral,Detached,5,Everyday Life
I’ve been working non-stop lately. It’s exhausting and I can’t keep up anymore. 😩,Exhaustion,"['Frustration', 'Overwhelm']","['Reflection on burnout', 'Commitment to balance']",Negative,Reassuring,9,Career
"I feel a little guilty for not doing more today, but honestly, I needed the break. The balance is hard to find. 😅",Guilt,"['Contentment', 'Nostalgia']","['Reflection on self-worth', 'Commitment to finding balance']",Mixed,Conflicted,8,Self-Reflection
"The uncertainty is scary, but there’s also excitement about the unknown. I can’t wait to see what happens. ✨",Excitement,"['Fear', 'Hope']","['Reflection on new beginnings', 'Commitment to courage']",Mixed,Conflicted,8,Personal Growth
"It’s hard not to compare myself to others, especially when it feels like everyone around me is doing better. 😓",Insecurity,"['Frustration', 'Doubt']","['Reflection on self-comparison', 'Commitment to self-compassion']",Negative,Supportive,9,Social Media
"I know I’ve made progress, but there’s this nagging feeling that I could be doing more. Why is it so hard to feel satisfied? 😔",Self-doubt,"['Frustration', 'Guilt']","['Reflection on achievement', 'Commitment to perseverance']",Negative,Reassuring,8,Career
It’s a bittersweet feeling of success mixed with fear. What if I don’t reach my full potential? 😕,Pride,"['Fear', 'Frustration']","['Reflection on ambition', 'Commitment to growth']",Mixed,Conflicted,8,Personal Growth
"I’m really grateful for the small joys in life, like a hot cup of coffee on a chilly morning. ☕",Gratitude,"['Contentment', 'Serenity']","['Reflection on simple pleasures', 'Commitment to mindfulness']",Positive,Affectionate,7,Everyday Life
I miss the times when everything felt easy. Now it feels like I’m always playing catch-up. 😔,Nostalgia,"['Longing', 'Sadness']","['Reflection on the past', 'Commitment to acceptance']",Negative,Supportive,8,Relationships
"I’m excited for the future, but there’s this feeling of dread hanging over me. What if things don’t work out? 🤔",Excitement,"['Fear', 'Anticipation']","['Reflection on opportunities', 'Commitment to facing fears']",Mixed,Conflicted,8,Personal Growth
"I’m proud of what I’ve achieved so far, but I can’t help feeling like I’m missing something important. 😕",Pride,"['Doubt', 'Fear']","['Reflection on accomplishments', 'Commitment to growth']",Mixed,Conflicted,7,Personal Growth
"I’m feeling a bit down today, not really sure why. Maybe it’s just the weather or the mood I’m in. 😔",Sadness,"['Frustration', 'Boredom']","['Reflection on mood', 'Commitment to self-compassion']",Negative,Supportive,8,Everyday Life
There’s a certain kind of peace in doing nothing. I feel content in my own company. ☺️,Serenity,"['Contentment', 'Awe']","['Reflection on simplicity', 'Commitment to mindfulness']",Positive,Reverent,7,Everyday Life
"It feels like there’s a lot to figure out in my life right now. I don’t have all the answers, but I’m taking things one step at a time. 🤔",Uncertainty,"['Doubt', 'Confusion']","['Reflection on self-discovery', 'Commitment to growth']",Mixed,Conflicted,7,Self-Reflection
"I’m grateful for the people around me. Even when things get tough, I know I’m not alone. ❤️",Gratitude,"['Hope', 'Contentment']","['Reflection on relationships', 'Commitment to connection']",Positive,Affectionate,8,Relationships
"I’ve been feeling a bit stressed, juggling work and life. But I’m getting through it, one day at a time. 😤",Stress,"['Exhaustion', 'Frustration']","['Reflection on balance', 'Commitment to managing tasks']",Negative,Supportive,8,Career
"I feel like I’ve learned a lot recently, and I’m proud of myself for that. I’m excited to keep improving. ✨",Pride,"['Gratitude', 'Contentment']","['Reflection on self-growth', 'Commitment to continuous learning']",Positive,Empowering,8,Personal Growth
"I don’t know what the future holds, but I’m trying to stay optimistic and take things as they come. 😌",Hope,"['Fear', 'Anticipation']","['Reflection on possibilities', 'Commitment to resilience']",Mixed,Conflicted,7,Personal Growth
"I'm feeling a little disconnected today, not much on my mind, just a quiet day. Sometimes it's nice to just exist without pressure. 😌",Indifference,"['Boredom', 'Calm']","['Reflection on self-care', 'Commitment to simplicity']",Neutral,Detached,5,Everyday Life
"I have so much to do, and I feel like I’m always behind. There’s no way I can keep up at this rate. 😞",Frustration,"['Exhaustion', 'Overwhelm']","['Reflection on time management', 'Commitment to productivity']",Negative,Reassuring,9,Career
"I finally took a day to myself, but I can't stop thinking about all the things I should be doing. It's so hard to be at peace. 😣",Guilt,"['Contentment', 'Nostalgia']","['Reflection on self-worth', 'Commitment to balance']",Mixed,Conflicted,7,Self-Reflection
"I’m nervous about my future, but also really excited. There are so many possibilities ahead. 😬✨",Excitement,"['Fear', 'Hope']","['Reflection on new beginnings', 'Commitment to overcoming fear']",Mixed,Conflicted,8,Personal Growth
"It feels like I’m constantly comparing myself to others. I just wish I could stop, but it’s so hard when everyone around me seems ahead. 😞",Insecurity,"['Frustration', 'Doubt']","['Reflection on self-comparison', 'Commitment to self-compassion']",Negative,Supportive,9,Social Media
"I’ve achieved a lot, but there’s always this nagging feeling that I’m not doing enough. It’s like I’m constantly striving for more. 😓",Self-doubt,"['Frustration', 'Guilt']","['Reflection on success', 'Commitment to growth']",Negative,Reassuring,8,Career
"I’m proud of how far I’ve come, but I still worry I’m not reaching my full potential. There’s always something more to do. 😕",Pride,"['Fear', 'Frustration']","['Reflection on ambition', 'Commitment to personal growth']",Mixed,Conflicted,7,Personal Growth
"I’m so grateful for these small moments of peace. Life can be chaotic, but it's the quiet moments that keep me grounded. 🙏",Gratitude,"['Serenity', 'Contentment']","['Reflection on simplicity', 'Commitment to mindfulness']",Positive,Affectionate,7,Everyday Life
"I feel a bit lonely lately. It's like everyone has their own life, and I'm just floating along. 😢",Loneliness,"['Sadness', 'Longing']","['Reflection on relationships', 'Commitment to connection']",Negative,Supportive,9,Relationships
"I'm nervous about my upcoming presentation. I know I can do it, but the anxiety is hard to shake off. 😬",Anxiety,"['Excitement', 'Fear']","['Reflection on performance', 'Commitment to overcoming anxiety']",Mixed,Conflicted,8,Career
Today has been a good day. Everything feels like a little win. I’m grateful for the small moments. 😊,Happiness,"['Gratitude', 'Nostalgia']","['Reflection on good moments', 'Commitment to living in the present']",Positive,Empowering,8,Personal Growth
"I feel like I'm walking on a tightrope, balancing so many things. It’s a little scary, but I keep moving forward. 🤔",Uncertainty,"['Doubt', 'Confusion']","['Reflection on challenges', 'Commitment to resilience']",Mixed,Conflicted,7,Self-Reflection
I miss the carefree days when I didn’t have to worry about anything. Life felt easier then. 😔,Nostalgia,"['Longing', 'Sadness']","['Reflection on the past', 'Commitment to acceptance']",Negative,Reflective,8,Relationships
"I’m starting to see the fruits of my hard work. It’s not perfect, but I’m proud of where I am. ✨",Pride,"['Gratitude', 'Contentment']","['Reflection on success', 'Commitment to improvement']",Positive,Empowering,8,Career
I feel like I’m failing. There’s so much to do and not enough time. It’s hard to keep up. 😞,Frustration,"['Exhaustion', 'Overwhelm']","['Reflection on time management', 'Commitment to progress']",Negative,Supportive,9,Career
"It feels like everything is moving so fast, and I’m trying to catch up. I just want some time to breathe. 😔",Exhaustion,"['Frustration', 'Overwhelm']","['Reflection on burnout', 'Commitment to self-care']",Negative,Reassuring,9,Career
"Finally finished that big project! It wasn’t easy, but it’s done. Now I can take a deep breath and relax. 🏆",Relief,"['Satisfaction', 'Exhaustion']","['Reflection on hard work', 'Commitment to self-compassion']",Positive,Empowering,8,Career
"The last few days have been hard. I’m exhausted, but I know I’m getting closer to my goal. Keep pushing. 💪",Frustration,"['Exhaustion', 'Doubt']","['Reflection on perseverance', 'Commitment to growth']",Negative,Reassuring,8,Personal Growth
"I feel so grateful for the little moments in life, like sitting in the sun or sharing a cup of coffee. It’s these small things that bring peace. ☀️",Gratitude,"['Contentment', 'Serenity']","[""Reflection on life's simplicity"", 'Commitment to mindfulness']",Positive,Affectionate,7,Everyday Life
"There’s always a part of me that worries if I’m doing enough. It’s hard to silence that voice, especially when others seem to be so much further ahead. 😞",Insecurity,"['Frustration', 'Doubt']","['Reflection on self-worth', 'Commitment to self-acceptance']",Negative,Supportive,9,Social Media
I’ve been feeling a bit disconnected from everyone lately. It’s like I’m watching life happen from the outside. 😔,Loneliness,"['Sadness', 'Longing']","['Reflection on isolation', 'Commitment to connection']",Negative,Supportive,9,Relationships
"I’m excited to see what the future holds, but at the same time, I’m filled with anxiety. What if things don’t turn out the way I hope? 😬",Fear,"['Excitement', 'Apprehension']","['Reflection on change', 'Commitment to embracing uncertainty']",Mixed,Conflicted,8,Personal Growth
"It’s a strange feeling when you accomplish something big, but it doesn’t feel as rewarding as you expected. Maybe I’m just not satisfied with myself lately. 😕",Disappointment,"['Sadness', 'Frustration']","['Reflection on expectations', 'Commitment to self-fulfillment']",Negative,Supportive,8,Career
"Sometimes I feel like everything’s coming together perfectly, and other times, I feel completely lost. It’s hard to find balance. 🤷‍♀️",Uncertainty,"['Confusion', 'Doubt']","['Reflection on decision-making', 'Commitment to finding clarity']",Mixed,Conflicted,7,Self-Reflection
I’m starting to learn how to appreciate my own company. It’s refreshing to be okay with being alone sometimes. 🧘‍♀️,Contentment,"['Serenity', 'Gratitude']","['Reflection on self-love', 'Commitment to self-discovery']",Positive,Affectionate,7,Everyday Life
"I’ve been feeling a little detached lately. I can’t explain it, but it feels like I’m not fully present. Maybe I just need to take a step back. 🧘",Indifference,"['Boredom', 'Tiredness']","['Reflection on self-care', 'Commitment to mindfulness']",Neutral,Detached,6,Everyday Life
"I finally made it to the top of the mountain. The view was breathtaking, and I feel so accomplished. It was worth every step. 🏔️",Pride,"['Joy', 'Satisfaction']","['Reflection on achievement', 'Commitment to perseverance']",Positive,Empowering,9,Personal Growth
I can’t stop thinking about all the mistakes I’ve made. Why can’t I just let go and move on? 🥺,Regret,"['Sadness', 'Self-doubt']","['Reflection on past actions', 'Commitment to self-compassion']",Negative,Supportive,9,Relationships
"It’s hard to be positive when it feels like everything is falling apart. But I know I have to keep going, even when it’s tough. 😔",Frustration,"['Sadness', 'Hopelessness']","['Reflection on challenges', 'Commitment to resilience']",Negative,Reassuring,9,Everyday Life
"There are days when I feel unstoppable, and then there are days when everything feels out of my control. It's a constant ebb and flow. 🌊",Uncertainty,"['Frustration', 'Fear']","['Reflection on control', 'Commitment to balance']",Mixed,Conflicted,7,Career
I'm feeling a bit disconnected from everyone lately. It’s like we’re all in different worlds now. 😔,Loneliness,"['Sadness', 'Longing']","['Reflection on relationships', 'Commitment to connection']",Negative,Supportive,9,Relationships
"It’s one of those days where everything feels easy, and I’m just going with the flow. I’m not stressing about anything. 😌",Serenity,"['Contentment', 'Calm']","['Reflection on peace', 'Commitment to mindfulness']",Positive,Affectionate,8,Everyday Life
I’m really frustrated with how things are going at work. It feels like nothing is going right no matter how hard I try. 😤,Frustration,"['Exhaustion', 'Hopelessness']","['Reflection on work-life balance', 'Commitment to persistence']",Negative,Supportive,9,Career
I'm feeling a bit uncertain about my next steps. There's so much pressure to make the right decision. 😬,Uncertainty,"['Doubt', 'Apprehension']","['Reflection on decisions', 'Commitment to clarity']",Mixed,Conflicted,8,Personal Growth
"I’m grateful for the friends I have. It’s been hard, but I appreciate the small moments we share. 🙏",Gratitude,"['Contentment', 'Peace']","['Reflection on relationships', 'Commitment to mindfulness']",Positive,Reverent,7,Everyday Life
I’m feeling overwhelmed with all the things I have to do. It’s like there’s not enough time for anything. 😓,Overwhelm,"['Stress', 'Exhaustion']","['Reflection on workload', 'Commitment to self-care']",Negative,Reassuring,9,Career
"I’m proud of how far I’ve come, but I can’t help but wonder if I’m doing enough. There’s always room for more growth. 🤔",Pride,"['Uncertainty', 'Frustration']","['Reflection on growth', 'Commitment to ambition']",Mixed,Conflicted,8,Personal Growth
Everything is going smoothly today. It’s a nice change from the usual chaos. I’m going to enjoy it while it lasts. 🌸,Serenity,"['Contentment', 'Gratitude']","['Reflection on stillness', 'Commitment to tranquility']",Positive,Reverent,8,Everyday Life
"I feel like I’m just going through the motions. I’m not really happy, but I’m not really sad either. I just exist. 😐",Neutral,"['Indifference', 'Apathy']","['Reflection on existence', 'Commitment to self-awareness']",Neutral,Detached,6,Self-Reflection
"I’m excited about what’s to come, but I can’t ignore this feeling of uncertainty. It’s a mix of fear and hope. 🤞",Excitement,"['Fear', 'Hope']","['Reflection on the unknown', 'Commitment to facing fears']",Mixed,Conflicted,8,Personal Growth
I miss the good old days when everything was simpler. Life feels like it’s moving too fast now. 😞,Nostalgia,"['Longing', 'Sadness']","['Reflection on the past', 'Commitment to appreciating the present']",Mixed,Reflective,7,Family
I can’t stop thinking about all the things I should have done differently. I wish I could go back and change my mistakes. 🥺,Regret,"['Sadness', 'Self-doubt']","['Reflection on past actions', 'Commitment to learning']",Negative,Supportive,9,Relationships
"I’m feeling a bit stuck right now. I know I want to change something, but I can’t figure out what it is. 🧠",Confusion,"['Frustration', 'Doubt']","['Reflection on change', 'Commitment to clarity']",Negative,Reassuring,8,Personal Growth
"I’ve been dealing with a lot of stress lately, but I’m trying to remind myself that it’s okay to take things one step at a time. 🧘‍♀️",Stress,"['Anxiety', 'Overwhelm']","['Reflection on self-care', 'Commitment to peace']",Negative,Supportive,8,Everyday Life
"The more I try to push forward, the more I feel like I’m being held back. I’m not sure if I’m even going in the right direction. 😕",Frustration,"['Doubt', 'Confusion']","['Reflection on challenges', 'Commitment to perseverance']",Negative,Reassuring,9,Career
I finally finished something I’ve been working on for a long time. It feels amazing to see it come to life. 🎉,Accomplishment,"['Joy', 'Satisfaction']","['Reflection on achievement', 'Commitment to hard work']",Positive,Empowering,9,Personal Growth
I’m not feeling much today. It’s just another day that passes without anything special happening. 😐,Neutrality,"['Indifference', 'Apathy']","['Reflection on routine', 'Commitment to simplicity']",Neutral,Detached,5,Everyday Life
"I’ve been so tired lately. I don’t feel sad or happy, just drained. Maybe I need to prioritize sleep. 😴",Exhaustion,"['Neutrality', 'Apathy']","['Reflection on self-care', 'Commitment to health']",Neutral,Reassuring,7,Health
"I feel proud of finishing that project, but there’s a small part of me that wonders if it was good enough. 🤷",Pride,"['Self-Doubt', 'Contentment']","['Reflection on success', 'Commitment to growth']",Mixed,Conflicted,8,Career
"I’m grateful for the time I had with them, but it hurts to know it’s over. Life feels bittersweet. 💔",Bittersweetness,"['Gratitude', 'Sadness']","['Reflection on endings', 'Commitment to healing']",Mixed,Reflective,8,Relationships
"Why does it feel like I’m always behind everyone else? I try so hard, but it never feels like it’s enough. 😟",Insecurity,"['Frustration', 'Doubt']","['Reflection on self-worth', 'Commitment to perseverance']",Negative,Supportive,9,Social Media
"I feel so disconnected from the world right now. It’s like I’m here, but not really part of anything. 😔",Isolation,"['Loneliness', 'Confusion']","['Reflection on belonging', 'Commitment to connection']",Negative,Supportive,9,Self-Reflection
It’s a relief to finally get this weight off my shoulders. I didn’t realize how much it was dragging me down. 😌,Relief,"['Contentment', 'Gratitude']","['Reflection on closure', 'Commitment to peace']",Positive,Empowering,7,Career
"I’m so nervous about the future, but there’s also this tiny spark of hope that maybe things will turn out okay. ✨",Hope,"['Anxiety', 'Excitement']","['Reflection on uncertainty', 'Commitment to resilience']",Mixed,Conflicted,8,Personal Growth
"I’m angry that they didn’t listen to me, but I’m also trying to stay calm and not let it get to me. 😠",Anger,"['Frustration', 'Resentment']","['Reflection on communication', 'Commitment to emotional regulation']",Mixed,Conflicted,8,Relationships
It’s hard to keep going when it feels like nothing I do is making a difference. Maybe I need to try a new approach. 🤷‍♂️,Hopelessness,"['Exhaustion', 'Confusion']","['Reflection on failure', 'Commitment to adaptability']",Negative,Reassuring,9,Career
"I don’t feel anything special right now. It’s just a normal, average day with nothing to report. 😐",Neutrality,"['Indifference', 'Apathy']","['Reflection on normalcy', 'Commitment to acceptance']",Neutral,Detached,5,Everyday Life
I feel so inspired after that conversation. It’s like I have a new perspective on what’s possible. 🌟,Inspiration,"['Hope', 'Gratitude']","['Reflection on potential', 'Commitment to action']",Positive,Empowering,8,Personal Growth
"I feel like I’m stuck in a loop, constantly making the same mistakes. I just want to break free. 😟",Frustration,"['Despair', 'Doubt']","['Reflection on habits', 'Commitment to change']",Negative,Supportive,9,Self-Reflection
"I’m happy to be with my family today. It’s nothing fancy, but these moments are what I live for. ❤️",Love,"['Contentment', 'Gratitude']","['Reflection on connection', 'Commitment to relationships']",Positive,Affectionate,8,Family
"I’m not sure if I’m making the right decision, but I know I have to try. Taking risks is part of the journey. 🤞",Courage,"['Hope', 'Apprehension']","['Reflection on risk', 'Commitment to bravery']",Mixed,Conflicted,8,Personal Growth
"It’s just one of those days where everything seems to be going wrong. I’m frustrated, but I’ll keep going. 😞",Frustration,"['Sadness', 'Exhaustion']","['Reflection on perseverance', 'Commitment to pushing through']",Negative,Supportive,8,Work
"I’m so grateful for today. Everything felt right, and I’m just happy to be here. 🌞",Gratitude,"['Contentment', 'Joy']","['Reflection on positivity', 'Commitment to appreciation']",Positive,Empowering,9,Everyday Life
I miss the old days when life was simpler. I can’t help but feel nostalgic. 😔,Nostalgia,"['Longing', 'Sadness']","['Reflection on the past', 'Commitment to cherishing memories']",Mixed,Reflective,7,Family
I’m not feeling much today. Just kind of floating through the motions. 😐,Indifference,"['Apathy', 'Boredom']","['Reflection on routine', 'Commitment to simplicity']",Neutral,Detached,5,Everyday Life
"I don’t know why I’m so nervous about this meeting. I’m prepared, but I still feel the anxiety creeping in. 😬",Anxiety,"['Fear', 'Nervousness']","['Reflection on insecurity', 'Commitment to overcoming fear']",Negative,Supportive,9,Career
"I finally finished a big project! It’s been exhausting, but I’m really proud of what I accomplished. 🎉",Pride,"['Relief', 'Exhaustion']","['Reflection on achievement', 'Commitment to self-recognition']",Positive,Empowering,8,Career
I feel so disconnected from everything right now. It’s like I’m living in a bubble. 😔,Isolation,"['Loneliness', 'Sadness']","['Reflection on emotional distance', 'Commitment to self-compassion']",Negative,Supportive,9,Relationships
"I’m not sure if I’m making the right choice, but I have to follow my gut. 🤔",Doubt,"['Uncertainty', 'Anxiety']","['Reflection on decisions', 'Commitment to trust in self']",Mixed,Conflicted,8,Personal Growth
I feel so overwhelmed with everything. It’s like the weight of the world is on my shoulders. 😩,Overwhelm,"['Stress', 'Anxiety']","['Reflection on pressure', 'Commitment to staying grounded']",Negative,Reassuring,9,Career
I feel at peace with everything right now. I’m grateful for how far I’ve come. 🌸,Peace,"['Gratitude', 'Contentment']","['Reflection on serenity', 'Commitment to tranquility']",Positive,Reverent,8,Personal Growth
"I’m feeling better today. Things aren’t perfect, but I’m taking it one step at a time. 😌",Relief,"['Gratitude', 'Contentment']","['Reflection on progress', 'Commitment to resilience']",Positive,Reassuring,7,Health
It’s so hard to let go of this chapter of my life. I feel like I’m losing something important. 😔,Grief,"['Sadness', 'Longing']","['Reflection on loss', 'Commitment to healing']",Negative,Supportive,9,Relationships
I can’t stop thinking about the future. It’s exciting and terrifying at the same time. 😬,Excitement,"['Fear', 'Hope']","['Reflection on the unknown', 'Commitment to embracing change']",Mixed,Conflicted,8,Personal Growth
"I’m struggling to keep up with everything, but I know I just need to stay focused. 😔",Stress,"['Frustration', 'Exhaustion']","['Reflection on limits', 'Commitment to productivity']",Negative,Supportive,9,Work
"It’s such a simple thing, but it makes me so happy to be here with friends today. 😄",Happiness,"['Gratitude', 'Contentment']","['Reflection on friendship', 'Commitment to enjoying the moment']",Positive,Affectionate,8,Social
I don’t feel anything right now. It’s like I’m going through the motions but not really engaged. 😐,Indifference,"['Apathy', 'Boredom']","['Reflection on numbness', 'Commitment to simplicity']",Neutral,Detached,5,Everyday Life
"I feel like I’ve let everyone down. I thought I could do it, but I just didn’t have what it takes. 😞",Disappointment,"['Regret', 'Sadness']","['Reflection on failure', 'Commitment to growth']",Negative,Supportive,8,Work
"I’m so thankful for today. It might not have been perfect, but it’s been good enough. 🙏",Gratitude,"['Contentment', 'Peace']","['Reflection on small joys', 'Commitment to appreciation']",Positive,Reverent,7,Everyday Life
"I’ve been feeling a little disconnected lately. Everything is fine, but I miss that deeper connection. 😕",Loneliness,"['Sadness', 'Longing']","['Reflection on relationships', 'Commitment to deeper connections']",Negative,Supportive,8,Relationships
"I’m so happy to have a few days off! It’s been a long time coming, and I can’t wait to relax. 🛀",Happiness,"['Contentment', 'Relief']","['Reflection on self-care', 'Commitment to rest']",Positive,Empowering,9,Self-Care
"It feels like everything is moving so fast, and I can’t keep up. I need a break from all the chaos. 😞",Overwhelm,"['Frustration', 'Exhaustion']","['Reflection on pace', 'Commitment to slowing down']",Negative,Reassuring,9,Work
I can’t believe how much I’ve changed over the years. It’s been a tough but rewarding journey. 🙏,Pride,"['Accomplishment', 'Gratitude']","['Reflection on growth', 'Commitment to progress']",Positive,Empowering,8,Personal Growth
I feel so uncertain about the future. It’s hard to make decisions when everything feels so up in the air. 🤔,Uncertainty,"['Anxiety', 'Doubt']","['Reflection on change', 'Commitment to clarity']",Mixed,Conflicted,7,Career
"I feel like I’m stuck in a rut. Nothing feels exciting anymore, and I don’t know how to break out of it. 😒",Boredom,"['Frustration', 'Sadness']","['Reflection on routine', 'Commitment to spontaneity']",Negative,Reassuring,7,Everyday Life
This morning’s sunrise was so beautiful. It reminded me that there’s always something worth looking forward to. 🌅,Awe,"['Gratitude', 'Peace']","['Reflection on nature', 'Commitment to mindfulness']",Positive,Reverent,8,Nature
I’m feeling so proud of myself for finally finishing that project I’ve been putting off for months! 🎉,Pride,"['Relief', 'Excitement']","['Reflection on accomplishment', 'Commitment to celebrating achievements']",Positive,Empowering,9,Work
I wish I could stop caring so much about what others think of me. It’s exhausting to constantly worry. 😓,Insecurity,"['Self-doubt', 'Frustration']","['Reflection on self-worth', 'Commitment to self-compassion']",Negative,Supportive,8,Social Media
"I feel like I’m at a crossroads in my life, not sure what direction to take next. It’s both exciting and terrifying. 😬",Excitement,"['Fear', 'Hope']","['Reflection on opportunities', 'Commitment to facing fear']",Mixed,Conflicted,8,Personal Growth
I’ve been feeling really disconnected from my friends lately. It’s like we’re all living separate lives now. 😔,Loneliness,"['Sadness', 'Longing']","['Reflection on relationships', 'Commitment to reconnection']",Negative,Supportive,9,Relationships
"Today’s been one of those days where everything feels right. I’m in a good mood, and I’m just enjoying the moment. 😄",Happiness,"['Contentment', 'Gratitude']","['Reflection on positivity', 'Commitment to savoring the present']",Positive,Empowering,9,Everyday Life
"I’m trying to be okay with where I am in life, but sometimes I can’t help but feel like I’m falling behind. 😓",Insecurity,"['Frustration', 'Doubt']","['Reflection on progress', 'Commitment to self-acceptance']",Negative,Supportive,8,Career
It feels so good to be productive again after a long period of feeling stuck. I’m on the right track now. 💪,Empowerment,"['Excitement', 'Relief']","['Reflection on growth', 'Commitment to momentum']",Positive,Empowering,9,Work
I just want to take a break from everything and relax for a bit. It’s been too much lately. 🛋️,Exhaustion,"['Frustration', 'Sadness']","['Reflection on self-care', 'Commitment to rest']",Negative,Reassuring,8,Work
It’s hard not to feel like everyone around me is succeeding while I’m struggling to get by. But I know I have my own path. 😓,Frustration,"['Insecurity', 'Doubt']","['Reflection on comparisons', 'Commitment to personal growth']",Negative,Supportive,9,Social Media
"I feel completely drained after today. The workload never stops, but I’m pushing through. 😩",Exhaustion,"['Frustration', 'Overwhelm']","['Reflection on workload', 'Commitment to perseverance']",Negative,Reassuring,9,Work
I’m so grateful for this quiet evening. It’s nice to just sit back and reflect. 🌙,Gratitude,"['Contentment', 'Serenity']","['Reflection on peace', 'Commitment to mindfulness']",Positive,Reverent,8,Self-Care
"I feel like I’m constantly comparing myself to others. It’s exhausting, and it’s hard to stop. 😔",Insecurity,"['Frustration', 'Doubt']","['Reflection on self-worth', 'Commitment to self-compassion']",Negative,Supportive,8,Social Media
"I’ve been feeling pretty good lately. There’s still a lot to work through, but I’m proud of what I’ve accomplished. 🎉",Pride,"['Joy', 'Accomplishment']","['Reflection on progress', 'Commitment to celebrating milestones']",Positive,Empowering,8,Personal Growth
"I’m not sure what to feel anymore. Things aren’t bad, but I’m not feeling particularly good either. 🤷‍♀️",Neutrality,"['Indifference', 'Uncertainty']","['Reflection on balance', 'Commitment to acceptance']",Neutral,Detached,5,Everyday Life
"There’s so much uncertainty about my future. It’s terrifying, but I’m also curious to see where life takes me. 😬",Uncertainty,"['Fear', 'Excitement']","['Reflection on change', 'Commitment to growth']",Mixed,Conflicted,7,Career
"I feel so out of place. It’s like everyone around me has their life together, but I’m just trying to keep up. 😓",Frustration,"['Insecurity', 'Sadness']","['Reflection on self-perception', 'Commitment to personal growth']",Negative,Supportive,9,Work
"I’m loving the new project at work. It’s challenging, but I’m learning so much. 💼",Excitement,"['Pride', 'Motivation']","['Reflection on growth', 'Commitment to success']",Positive,Empowering,9,Work
I can’t stop worrying about what others think of me. It feels like I’m constantly being judged. 😟,Anxiety,"['Insecurity', 'Fear']","['Reflection on self-image', 'Commitment to self-acceptance']",Negative,Supportive,9,Social Media
Today was a total mix of highs and lows. I’m not sure how I feel about it yet. 🤷‍♂️,Ambivalence,"['Confusion', 'Disappointment']","['Reflection on conflicting emotions', 'Commitment to processing']",Mixed,Conflicted,6,Everyday Life
It’s one of those days where everything feels effortless. I’m enjoying the flow and just taking it easy. 😌,Contentment,"['Happiness', 'Serenity']","['Reflection on balance', 'Commitment to mindfulness']",Positive,Empowering,8,Self-Care
I feel like I’ve been dealing with so many setbacks lately. It’s hard to stay motivated when everything feels like it’s falling apart. 😔,Disappointment,"['Frustration', 'Sadness']","['Reflection on challenges', 'Commitment to resilience']",Negative,Reassuring,9,Work
I don’t know what to expect anymore. It feels like nothing is ever certain. 😕,Uncertainty,"['Confusion', 'Fear']","['Reflection on instability', 'Commitment to adaptability']",Mixed,Conflicted,7,Career
I’m feeling so overwhelmed by all the things I need to get done. It feels like I’ll never catch up. 😩,Overwhelm,"['Exhaustion', 'Frustration']","['Reflection on stress', 'Commitment to organization']",Negative,Reassuring,8,Work
"It’s a strange feeling—like I’m in the right place, but at the same time, I’m unsure if this is what I truly want. 🤔",Ambivalence,"['Uncertainty', 'Confusion']","['Reflection on decisions', 'Commitment to clarity']",Mixed,Conflicted,7,Personal Growth
"I’m so proud of the progress I’ve made, but I still feel like there’s so much more I could do. 🤔",Pride,"['Insecurity', 'Doubt']","['Reflection on success', 'Commitment to continued growth']",Mixed,Conflicted,8,Career
I’ve had a really productive day today. It feels good to check things off my to-do list. 😎,Satisfaction,"['Happiness', 'Relief']","['Reflection on productivity', 'Commitment to achievement']",Positive,Empowering,8,Work
I feel so overwhelmed with everything that’s going on. It’s hard to keep up with all the tasks. 😩,Overwhelm,"['Stress', 'Frustration']","['Reflection on workload', 'Commitment to managing stress']",Negative,Reassuring,9,Work
"Sometimes, it feels like I’m the only one struggling, and I don’t know how to handle it anymore. 😔",Loneliness,"['Sadness', 'Frustration']","['Reflection on isolation', 'Commitment to connection']",Negative,Supportive,9,Relationships
"I’m not sure how to feel right now. Everything seems so uncertain, but I’m doing my best. 🤷‍♀️",Uncertainty,"['Confusion', 'Anxiety']","['Reflection on doubt', 'Commitment to clarity']",Mixed,Conflicted,7,Career
"I’m proud of the work I’ve done, but I keep wondering if it’s enough. Maybe I should push harder. 🤔",Pride,"['Insecurity', 'Doubt']","['Reflection on achievement', 'Commitment to improvement']",Mixed,Conflicted,8,Career
"I’m feeling pretty neutral today. Nothing too exciting or frustrating, just coasting through. 😐",Neutrality,"['Boredom', 'Indifference']","['Reflection on balance', 'Commitment to acceptance']",Neutral,Detached,5,Everyday Life
I’m feeling really grateful for the little moments of peace in my day. It’s those moments that make everything worth it. 🌿,Gratitude,"['Serenity', 'Contentment']","['Reflection on mindfulness', 'Commitment to peace']",Positive,Reverent,8,Self-Care
"I feel like I’m falling behind compared to my friends. Everyone seems so put together, and I can’t help but compare. 😟",Insecurity,"['Fear', 'Sadness']","['Reflection on self-image', 'Commitment to growth']",Negative,Supportive,9,Social Media
"I’m excited for the future, but I also have some lingering doubts. It’s a mix of hope and fear. 😬",Excitement,"['Fear', 'Hope']","['Reflection on future possibilities', 'Commitment to overcoming fear']",Mixed,Conflicted,8,Career
"The more I think about my life, the more I realize how much I’ve changed. It’s a little bittersweet, but I’m happy with where I am. 💫",Bittersweetness,"['Nostalgia', 'Gratitude']","['Reflection on change', 'Commitment to personal growth']",Mixed,Reflective,7,Personal Growth
"It’s been a tough day, but I’m getting through it. Tomorrow is a new day. 🙏",Resilience,"['Hope', 'Determination']","['Reflection on strength', 'Commitment to perseverance']",Positive,Empowering,8,Self-Reflection
"I just can’t shake this feeling of dread. Everything feels uncertain, and it’s hard to keep going sometimes. 😔",Fear,"['Anxiety', 'Sadness']","['Reflection on uncertainty', 'Commitment to facing fear']",Negative,Reassuring,9,Personal Growth
"There’s a calmness to my life right now, but I’m not sure if it’s the calm before the storm. 🤔",Anticipation,"['Hope', 'Uncertainty']","['Reflection on balance', 'Commitment to staying grounded']",Mixed,Conflicted,7,Self-Care
"I feel like I’ve finally found my stride. It’s been a long road, but it’s all coming together now. 🙌",Accomplishment,"['Pride', 'Contentment']","['Reflection on achievement', 'Commitment to further growth']",Positive,Empowering,8,Career
I just can’t seem to find the motivation to do anything today. Everything feels like too much. 😩,Apathy,"['Exhaustion', 'Frustration']","['Reflection on burnout', 'Commitment to self-care']",Negative,Supportive,9,Work
"I’m feeling conflicted. I love the new project, but I’m worried I won’t have the time to keep up with it. 😕",Ambivalence,"['Anxiety', 'Excitement']","['Reflection on work-life balance', 'Commitment to time management']",Mixed,Conflicted,7,Career
"I’ve been feeling pretty happy lately, but I’m scared it won’t last. Still, I’m trying to savor it while I can. 😊",Happiness,"['Gratitude', 'Contentment']","['Reflection on joy', 'Commitment to enjoying the present']",Positive,Empowering,8,Personal Growth
"I feel like I’m stuck. No matter what I do, things don’t seem to change. It’s a frustrating cycle. 😤",Frustration,"['Helplessness', 'Sadness']","['Reflection on struggle', 'Commitment to persistence']",Negative,Reassuring,9,Work
"I feel so lucky to have the people around me. It’s not always easy, but I’m grateful for the support. 🙏",Gratitude,"['Contentment', 'Love']","['Reflection on community', 'Commitment to relationships']",Positive,Reverent,8,Relationships
I finally managed to declutter my workspace. It feels like a fresh start! 🧹,Relief,"['Satisfaction', 'Happiness']","['Reflection on productivity', 'Commitment to organization']",Positive,Empowering,7,Personal Growth
I just can’t seem to find motivation today. Everything feels pointless. 😞,Hopelessness,"['Sadness', 'Frustration']","['Reflection on burnout', 'Commitment to rest']",Negative,Supportive,8,Work
"There’s a big decision ahead, and I’m torn. Both options have their pros and cons. 🤔",Indecision,"['Anxiety', 'Curiosity']","['Reflection on choices', 'Commitment to clarity']",Ambiguous,Conflicted,6,Life Choices
I feel so distant from my old friends. It’s like we’re living in different worlds now. 😢,Loneliness,"['Sadness', 'Longing']","['Reflection on relationships', 'Commitment to reconnection']",Negative,Supportive,9,Friendship
"I’m nervous about the interview tomorrow, but I’m also excited about the opportunity. 🤞",Anticipation,"['Anxiety', 'Hope']","['Reflection on preparation', 'Commitment to confidence']",Mixed,Conflicted,8,Career
I’m grateful for my partner’s support today. They really helped me through a tough moment. ❤️,Gratitude,"['Love', 'Relief']","['Reflection on support', 'Commitment to appreciation']",Positive,Reverent,9,Relationships
I’ve been feeling indifferent about most things lately. Nothing excites me anymore. 😐,Indifference,"['Boredom', 'Detachment']","['Reflection on monotony', 'Commitment to rediscovery']",Neutral,Detached,5,Self-Reflection
"I’m proud of how far I’ve come in my fitness journey, but I know there’s still more to achieve. 💪",Pride,"['Determination', 'Hope']","['Reflection on progress', 'Commitment to perseverance']",Positive,Empowering,8,Health
It’s hard to stay focused when I’m constantly doubting my abilities. Am I really good enough? 😟,Insecurity,"['Self-Doubt', 'Anxiety']","['Reflection on confidence', 'Commitment to self-belief']",Negative,Supportive,9,Career
I miss the simplicity of childhood. It feels like life gets more complicated every day. 😔,Nostalgia,"['Longing', 'Sadness']","['Reflection on the past', 'Commitment to embracing change']",Mixed,Reflective,7,Family
"I feel like I’m treading water—no progress, just staying afloat. It’s exhausting. 😓",Frustration,"['Exhaustion', 'Hopelessness']","['Reflection on stagnation', 'Commitment to action']",Negative,Reassuring,8,Work
"I’ve been trying to meditate more often. It’s a slow process, but I can feel the benefits. 🌱",Contentment,"['Serenity', 'Gratitude']","['Reflection on mindfulness', 'Commitment to peace']",Positive,Reverent,6,Self-Care
"I just found out I didn’t get the job I wanted. It’s disappointing, but I’ll keep trying. 💼",Disappointment,"['Determination', 'Frustration']","['Reflection on setbacks', 'Commitment to resilience']",Ambiguous,Resilient,7,Career
"I’m happy with the progress I’ve made on my novel, even if it’s far from perfect. Writing is so fulfilling. ✍️",Accomplishment,"['Joy', 'Determination']","['Reflection on creativity', 'Commitment to expression']",Positive,Empowering,8,Hobbies
"Sometimes I feel like I’m just going through the motions, and I don’t know how to break free. 😕",Confusion,"['Frustration', 'Apathy']","['Reflection on routine', 'Commitment to exploration']",Negative,Reassuring,7,Everyday Life
It’s nice to know there’s always tomorrow to start fresh. I’m feeling optimistic about what’s ahead. 🌞,Hope,"['Optimism', 'Relief']","['Reflection on opportunities', 'Commitment to positivity']",Positive,Empowering,7,Personal Growth
I feel like I’ve lost sight of what truly matters. I need to take a step back and refocus. 🧘‍♂️,Uncertainty,"['Anxiety', 'Reflection']","['Reflection on priorities', 'Commitment to mindfulness']",Ambiguous,Conflicted,6,Self-Reflection
I’m so excited to see my family again after so long. It’s been way too long since we all got together. 🏡,Joy,"['Gratitude', 'Excitement']","['Reflection on connection', 'Commitment to relationships']",Positive,Reverent,9,Family
I just can’t shake this nagging feeling that I’m not doing enough. It’s exhausting. 😟,Self-Doubt,"['Frustration', 'Guilt']","['Reflection on self-worth', 'Commitment to growth']",Negative,Supportive,8,Career
I finally managed to declutter my workspace. It feels like a fresh start! 🧹,Relief,"['Satisfaction', 'Happiness']","['Reflection on productivity', 'Commitment to organization']",Positive,Empowering,7,Personal Growth
I just can’t seem to find motivation today. Everything feels pointless. 😞,Hopelessness,"['Sadness', 'Frustration']","['Reflection on burnout', 'Commitment to rest']",Negative,Supportive,8,Work
"There’s a big decision ahead, and I’m torn. Both options have their pros and cons. 🤔",Indecision,"['Anxiety', 'Curiosity']","['Reflection on choices', 'Commitment to clarity']",Ambiguous,Conflicted,6,Life Choices
I feel so distant from my old friends. It’s like we’re living in different worlds now. 😢,Loneliness,"['Sadness', 'Longing']","['Reflection on relationships', 'Commitment to reconnection']",Negative,Supportive,9,Friendship
"I’m nervous about the interview tomorrow, but I’m also excited about the opportunity. 🤞",Anticipation,"['Anxiety', 'Hope']","['Reflection on preparation', 'Commitment to confidence']",Mixed,Conflicted,8,Career
I’m grateful for my partner’s support today. They really helped me through a tough moment. ❤️,Gratitude,"['Love', 'Relief']","['Reflection on support', 'Commitment to appreciation']",Positive,Reverent,9,Relationships
I’ve been feeling indifferent about most things lately. Nothing excites me anymore. 😐,Indifference,"['Boredom', 'Detachment']","['Reflection on monotony', 'Commitment to rediscovery']",Neutral,Detached,5,Self-Reflection
"I’m proud of how far I’ve come in my fitness journey, but I know there’s still more to achieve. 💪",Pride,"['Determination', 'Hope']","['Reflection on progress', 'Commitment to perseverance']",Positive,Empowering,8,Health
It’s hard to stay focused when I’m constantly doubting my abilities. Am I really good enough? 😟,Insecurity,"['Self-Doubt', 'Anxiety']","['Reflection on confidence', 'Commitment to self-belief']",Negative,Supportive,9,Career
I miss the simplicity of childhood. It feels like life gets more complicated every day. 😔,Nostalgia,"['Longing', 'Sadness']","['Reflection on the past', 'Commitment to embracing change']",Mixed,Reflective,7,Family
"I feel like I’m treading water—no progress, just staying afloat. It’s exhausting. 😓",Frustration,"['Exhaustion', 'Hopelessness']","['Reflection on stagnation', 'Commitment to action']",Negative,Reassuring,8,Work
"I’ve been trying to meditate more often. It’s a slow process, but I can feel the benefits. 🌱",Contentment,"['Serenity', 'Gratitude']","['Reflection on mindfulness', 'Commitment to peace']",Positive,Reverent,6,Self-Care
"I just found out I didn’t get the job I wanted. It’s disappointing, but I’ll keep trying. 💼",Disappointment,"['Determination', 'Frustration']","['Reflection on setbacks', 'Commitment to resilience']",Ambiguous,Resilient,7,Career
"I’m happy with the progress I’ve made on my novel, even if it’s far from perfect. Writing is so fulfilling. ✍️",Accomplishment,"['Joy', 'Determination']","['Reflection on creativity', 'Commitment to expression']",Positive,Empowering,8,Hobbies
"Sometimes I feel like I’m just going through the motions, and I don’t know how to break free. 😕",Confusion,"['Frustration', 'Apathy']","['Reflection on routine', 'Commitment to exploration']",Negative,Reassuring,7,Everyday Life
"It’s one of those days where everything feels like a little victory. I’m in a good mood, but I know it could all come crashing down. I guess I’m just enjoying the ride. ✨",Happiness,"['Gratitude', 'Nostalgia']","['Reflection on good moments', 'Commitment to savoring the present']",Positive,Empowering,8,Personal Growth
I feel like I’ve lost sight of what truly matters. I need to take a step back and refocus. 🧘‍♂️,Uncertainty,"['Anxiety', 'Reflection']","['Reflection on priorities', 'Commitment to mindfulness']",Ambiguous,Conflicted,6,Self-Reflection
I’m so excited to see my family again after so long. It’s been way too long since we all got together. 🏡,Joy,"['Gratitude', 'Excitement']","['Reflection on connection', 'Commitment to relationships']",Positive,Reverent,9,Family
I just can’t shake this nagging feeling that I’m not doing enough. It’s exhausting. 😟,Self-Doubt,"['Frustration', 'Guilt']","['Reflection on self-worth', 'Commitment to growth']",Negative,Supportive,8,Career
I love rainy days. They give me a chance to relax and reflect on everything. ☔,Serenity,"['Peace', 'Contentment']","['Reflection on nature', 'Commitment to mindfulness']",Positive,Reverent,6,Nature
"I’ve been feeling a little stuck lately, like I’m in a rut. It’s hard to break free from this cycle. 😞",Frustration,"['Sadness', 'Helplessness']","['Reflection on stagnation', 'Commitment to change']",Negative,Reassuring,9,Work
